Variable,Index,Type,sdev,coef,site
SWup,0,morp,1.1001909505059755,0.9973593354225159,AU-Preston
LWup,0,morp,1.1772654247204486,0.9742457270622253,AU-Preston
Qh,0,morp,0.7486668930698478,0.9279659390449524,AU-Preston
Qle,0,morp,0.5366988361909257,0.4364273250102997,AU-Preston
Qtau,0,morp,0.2334635283912426,0.8707842230796814,AU-Preston
SWup,1,morp,1.101053261035986,0.9973574876785278,AU-Preston
LWup,1,morp,1.1823671225052037,0.9742469191551208,AU-Preston
Qh,1,morp,0.7375851253109967,0.9236879348754883,AU-Preston
Qle,1,morp,0.5393017631674949,0.4440043568611145,AU-Preston
Qtau,1,morp,0.23284471825853828,0.8717725276947021,AU-Preston
SWup,2,morp,1.1001909505059755,0.9973593354225159,AU-Preston
LWup,2,morp,1.1419365783723239,0.9818299412727356,AU-Preston
Qh,2,morp,0.9242978776811112,0.9343273639678955,AU-Preston
Qle,2,morp,0.5556891474448166,0.41183769702911377,AU-Preston
Qtau,2,morp,0.43267547665259937,0.8923647999763489,AU-Preston
SWup,3,morp,1.101053261035986,0.9973574876785278,AU-Preston
LWup,3,morp,1.148790183854838,0.9818761944770813,AU-Preston
Qh,3,morp,0.9080193131757159,0.9349467754364014,AU-Preston
Qle,3,morp,0.5526718739265576,0.4243399500846863,AU-Preston
Qtau,3,morp,0.43276586481486407,0.8961292505264282,AU-Preston
SWup,4,morp,1.1001909505059755,0.9973593354225159,AU-Preston
LWup,4,morp,1.1818729917257975,0.974047064781189,AU-Preston
Qh,4,morp,0.7577541155985112,0.9265701174736023,AU-Preston
Qle,4,morp,0.5391210405903052,0.43689921498298645,AU-Preston
Qtau,4,morp,0.23335556884087233,0.8703415989875793,AU-Preston
SWup,5,morp,1.101053261035986,0.9973574876785278,AU-Preston
LWup,5,morp,1.187095155585813,0.9740400314331055,AU-Preston
Qh,5,morp,0.7465207913002117,0.9223496913909912,AU-Preston
Qle,5,morp,0.5420467017736477,0.444161057472229,AU-Preston
Qtau,5,morp,0.23274343995624164,0.8713369369506836,AU-Preston
SWup,6,morp,1.1001909505059755,0.9973593354225159,AU-Preston
LWup,6,morp,1.146418008949206,0.9817348718643188,AU-Preston
Qh,6,morp,0.9282057583047605,0.9332811236381531,AU-Preston
Qle,6,morp,0.5584277593310005,0.41314396262168884,AU-Preston
Qtau,6,morp,0.43305630779279586,0.8930684924125671,AU-Preston
SWup,7,morp,1.101053261035986,0.9973574876785278,AU-Preston
LWup,7,morp,1.1534299214355206,0.9817570447921753,AU-Preston
Qh,7,morp,0.9119444904399148,0.9338148832321167,AU-Preston
Qle,7,morp,0.5557814389191646,0.4252108037471771,AU-Preston
Qtau,7,morp,0.43316747551955387,0.8964521884918213,AU-Preston
SWup,8,morp,1.1001909505059755,0.9973593354225159,AU-Preston
LWup,8,morp,1.1776919741473553,0.974193811416626,AU-Preston
Qh,8,morp,0.752484282732574,0.926063060760498,AU-Preston
Qle,8,morp,0.5393216011877362,0.43672648072242737,AU-Preston
Qtau,8,morp,0.23362315724114255,0.8715605735778809,AU-Preston
SWup,9,morp,1.101053261035986,0.9973574876785278,AU-Preston
LWup,9,morp,1.1825722967140766,0.9742487072944641,AU-Preston
Qh,9,morp,0.7424884065048024,0.9220620393753052,AU-Preston
Qle,9,morp,0.5408495219323075,0.4448755383491516,AU-Preston
Qtau,9,morp,0.23300759943404237,0.8726136684417725,AU-Preston
SWup,10,morp,1.1001909505059755,0.9973593354225159,AU-Preston
LWup,10,morp,1.1416521349400568,0.9817458987236023,AU-Preston
Qh,10,morp,0.9287302472892262,0.9333095550537109,AU-Preston
Qle,10,morp,0.5601571700216988,0.41079869866371155,AU-Preston
Qtau,10,morp,0.43263897996708706,0.8926069736480713,AU-Preston
SWup,11,morp,1.101053261035986,0.9973574876785278,AU-Preston
LWup,11,morp,1.1483794882726102,0.9818650484085083,AU-Preston
Qh,11,morp,0.9128535132746443,0.9338454604148865,AU-Preston
Qle,11,morp,0.5559003955522516,0.42433345317840576,AU-Preston
Qtau,11,morp,0.4327697499459025,0.8963410258293152,AU-Preston
SWup,12,morp,1.1001909505059755,0.9973593354225159,AU-Preston
LWup,12,morp,1.1836887776882479,0.9739383459091187,AU-Preston
Qh,12,morp,0.7622944310090797,0.9246564507484436,AU-Preston
Qle,12,morp,0.5420576394929159,0.4372911751270294,AU-Preston
Qtau,12,morp,0.23348919380234479,0.8707717657089233,AU-Preston
SWup,13,morp,1.101053261035986,0.9973574876785278,AU-Preston
LWup,13,morp,1.1887430296604604,0.9739753603935242,AU-Preston
Qh,13,morp,0.7519050034751482,0.9207354187965393,AU-Preston
Qle,13,morp,0.5438640788928397,0.4452621042728424,AU-Preston
Qtau,13,morp,0.23289557815576833,0.8717911243438721,AU-Preston
SWup,14,morp,1.1001909505059755,0.9973593354225159,AU-Preston
LWup,14,morp,1.1475325226579791,0.981651782989502,AU-Preston
Qh,14,morp,0.933229799580451,0.9320263266563416,AU-Preston
Qle,14,morp,0.5632030031402693,0.412551611661911,AU-Preston
Qtau,14,morp,0.43312312027353206,0.8932926058769226,AU-Preston
SWup,15,morp,1.101053261035986,0.9973574876785278,AU-Preston
LWup,15,morp,1.1543895997853135,0.9817365407943726,AU-Preston
Qh,15,morp,0.9173399876181366,0.9325798153877258,AU-Preston
Qle,15,morp,0.5593930666726907,0.4255411922931671,AU-Preston
Qtau,15,morp,0.43330663384947493,0.896719753742218,AU-Preston
SWup,16,morp,1.1001909505059755,0.9973593354225159,AU-Preston
LWup,16,morp,1.185891304883667,0.9716522097587585,AU-Preston
Qh,16,morp,0.7127034332776817,0.9253501296043396,AU-Preston
Qle,16,morp,0.5362037792894071,0.4391932785511017,AU-Preston
Qtau,16,morp,0.20679113252982545,0.8653035759925842,AU-Preston
SWup,17,morp,1.101053261035986,0.9973574876785278,AU-Preston
LWup,17,morp,1.1912176180882879,0.9716055393218994,AU-Preston
Qh,17,morp,0.7012379754071302,0.9197489619255066,AU-Preston
Qle,17,morp,0.5410417183914747,0.44492435455322266,AU-Preston
Qtau,17,morp,0.20620773006863025,0.8660982251167297,AU-Preston
SWup,18,morp,1.1001909505059755,0.9973593354225159,AU-Preston
LWup,18,morp,1.1502642442454882,0.9794285297393799,AU-Preston
Qh,18,morp,0.8779304358647951,0.9345667958259583,AU-Preston
Qle,18,morp,0.5518945809749025,0.41796156764030457,AU-Preston
Qtau,18,morp,0.3696570324050539,0.8867777585983276,AU-Preston
SWup,19,morp,1.101053261035986,0.9973574876785278,AU-Preston
LWup,19,morp,1.1570951683151771,0.9794515371322632,AU-Preston
Qh,19,morp,0.8615349081010504,0.9346251487731934,AU-Preston
Qle,19,morp,0.5520045658186551,0.4291113317012787,AU-Preston
Qtau,19,morp,0.3697333811165207,0.8899344801902771,AU-Preston
SWup,20,morp,1.1001909505059755,0.9973593354225159,AU-Preston
LWup,20,morp,1.1907067076922506,0.9714080095291138,AU-Preston
Qh,20,morp,0.7214185670998913,0.9236669540405273,AU-Preston
Qle,20,morp,0.5389239829225743,0.43952593207359314,AU-Preston
Qtau,20,morp,0.2066745933150787,0.8648436665534973,AU-Preston
SWup,21,morp,1.101053261035986,0.9973574876785278,AU-Preston
LWup,21,morp,1.1961085870324577,0.9713362455368042,AU-Preston
Qh,21,morp,0.7102291699405481,0.9183037877082825,AU-Preston
Qle,21,morp,0.5436214473948248,0.44517791271209717,AU-Preston
Qtau,21,morp,0.206067615172355,0.8656360507011414,AU-Preston
SWup,22,morp,1.1001909505059755,0.9973593354225159,AU-Preston
LWup,22,morp,1.1549737618870566,0.979274332523346,AU-Preston
Qh,22,morp,0.8816167296482349,0.9333361387252808,AU-Preston
Qle,22,morp,0.5549618963460226,0.4188924729824066,AU-Preston
Qtau,22,morp,0.3698964094560793,0.8869525790214539,AU-Preston
SWup,23,morp,1.101053261035986,0.9973574876785278,AU-Preston
LWup,23,morp,1.1618466928590696,0.9792620539665222,AU-Preston
Qh,23,morp,0.8656578365910431,0.9334049224853516,AU-Preston
Qle,23,morp,0.5553182658267547,0.4298904240131378,AU-Preston
Qtau,23,morp,0.3699723461081936,0.8901634216308594,AU-Preston
SWup,24,morp,1.1001909505059755,0.9973593354225159,AU-Preston
LWup,24,morp,1.1861859318074066,0.9716100096702576,AU-Preston
Qh,24,morp,0.7172090499398309,0.9235206246376038,AU-Preston
Qle,24,morp,0.5380566503799499,0.44078516960144043,AU-Preston
Qtau,24,morp,0.20690979090695677,0.8660645484924316,AU-Preston
SWup,25,morp,1.101053261035986,0.9973574876785278,AU-Preston
LWup,25,morp,1.19156142664698,0.971604585647583,AU-Preston
Qh,25,morp,0.7058846546103457,0.9180020689964294,AU-Preston
Qle,25,morp,0.541823908295874,0.44680386781692505,AU-Preston
Qtau,25,morp,0.20632838987690258,0.866928219795227,AU-Preston
SWup,26,morp,1.1001909505059755,0.9973593354225159,AU-Preston
LWup,26,morp,1.1499830410150533,0.9793806076049805,AU-Preston
Qh,26,morp,0.8826525242021134,0.9333903193473816,AU-Preston
Qle,26,morp,0.5554884081264824,0.417698472738266,AU-Preston
Qtau,26,morp,0.36965847461278784,0.8870337009429932,AU-Preston
SWup,27,morp,1.101053261035986,0.9973574876785278,AU-Preston
LWup,27,morp,1.1569590798382259,0.9794612526893616,AU-Preston
Qh,27,morp,0.8652641270839024,0.9333352446556091,AU-Preston
Qle,27,morp,0.5546546036252749,0.42962515354156494,AU-Preston
Qtau,27,morp,0.3697545727403666,0.8901675343513489,AU-Preston
SWup,28,morp,1.1001909505059755,0.9973593354225159,AU-Preston
LWup,28,morp,1.192501316621298,0.971291184425354,AU-Preston
Qh,28,morp,0.7264449813902913,0.9217963218688965,AU-Preston
Qle,28,morp,0.541112170171467,0.4412600100040436,AU-Preston
Qtau,28,morp,0.20674501131514983,0.8652039766311646,AU-Preston
SWup,29,morp,1.101053261035986,0.9973574876785278,AU-Preston
LWup,29,morp,1.198018570291029,0.9712606072425842,AU-Preston
Qh,29,morp,0.7149799453890214,0.9163830876350403,AU-Preston
Qle,29,morp,0.5452376562655152,0.44691967964172363,AU-Preston
Qtau,29,morp,0.20617235182993204,0.8660043478012085,AU-Preston
SWup,30,morp,1.1001909505059755,0.9973593354225159,AU-Preston
LWup,30,morp,1.156148682215701,0.9792152047157288,AU-Preston
Qh,30,morp,0.8869080251138783,0.9319878816604614,AU-Preston
Qle,30,morp,0.5589612412266802,0.4190039336681366,AU-Preston
Qtau,30,morp,0.36997370001749486,0.8871322274208069,AU-Preston
SWup,31,morp,1.101053261035986,0.9973574876785278,AU-Preston
LWup,31,morp,1.1633024692536669,0.9792600870132446,AU-Preston
Qh,31,morp,0.8695545376787276,0.9319413900375366,AU-Preston
Qle,31,morp,0.5589652088307285,0.43035462498664856,AU-Preston
Qtau,31,morp,0.37008121807570166,0.8902481198310852,AU-Preston
SWup,32,morp,1.1084736574003191,0.9974383115768433,AU-Preston
LWup,32,morp,1.2282718719120442,0.9753121733665466,AU-Preston
Qh,32,morp,0.8203929501424336,0.9343966245651245,AU-Preston
Qle,32,morp,0.5796574792446053,0.46456751227378845,AU-Preston
Qtau,32,morp,0.23537967796266554,0.8751880526542664,AU-Preston
SWup,33,morp,1.1094124251677195,0.9974367022514343,AU-Preston
LWup,33,morp,1.2339213952494243,0.9754047393798828,AU-Preston
Qh,33,morp,0.8062604346730144,0.9324440360069275,AU-Preston
Qle,33,morp,0.5846223816762176,0.46976763010025024,AU-Preston
Qtau,33,morp,0.23468896347293983,0.875916600227356,AU-Preston
SWup,34,morp,1.1084736574003191,0.9974383115768433,AU-Preston
LWup,34,morp,1.1915669812786924,0.9829195141792297,AU-Preston
Qh,34,morp,0.9906173107731704,0.9353222846984863,AU-Preston
Qle,34,morp,0.5934253155013718,0.4471891224384308,AU-Preston
Qtau,34,morp,0.43943987241700594,0.9022053480148315,AU-Preston
SWup,35,morp,1.1094124251677195,0.9974367022514343,AU-Preston
LWup,35,morp,1.1994203047479257,0.9830668568611145,AU-Preston
Qh,35,morp,0.9707328185824982,0.9369746446609497,AU-Preston
Qle,35,morp,0.5922632364453957,0.4588906466960907,AU-Preston
Qtau,35,morp,0.439685930716105,0.9046908617019653,AU-Preston
SWup,36,morp,1.1084736574003191,0.9974383115768433,AU-Preston
LWup,36,morp,1.2316031465599993,0.9752564430236816,AU-Preston
Qh,36,morp,0.8275270233641755,0.9331510663032532,AU-Preston
Qle,36,morp,0.5815383022843892,0.46488821506500244,AU-Preston
Qtau,36,morp,0.23534874407841277,0.8751032948493958,AU-Preston
SWup,37,morp,1.1094124251677195,0.9974367022514343,AU-Preston
LWup,37,morp,1.2373874854378966,0.9753454327583313,AU-Preston
Qh,37,morp,0.8132659432311601,0.931208610534668,AU-Preston
Qle,37,morp,0.5867790068136272,0.4703294634819031,AU-Preston
Qtau,37,morp,0.23466840465452826,0.8758966326713562,AU-Preston
SWup,38,morp,1.1084736574003191,0.9974383115768433,AU-Preston
LWup,38,morp,1.1948272029293276,0.9829326272010803,AU-Preston
Qh,38,morp,0.9940121983502802,0.9344933032989502,AU-Preston
Qle,38,morp,0.5955624600603462,0.4478176534175873,AU-Preston
Qtau,38,morp,0.4394739556120247,0.902476966381073,AU-Preston
SWup,39,morp,1.1094124251677195,0.9974367022514343,AU-Preston
LWup,39,morp,1.2027798154404181,0.983061671257019,AU-Preston
Qh,39,morp,0.9740464963228819,0.936138391494751,AU-Preston
Qle,39,morp,0.5947431319522878,0.4592774510383606,AU-Preston
Qtau,39,morp,0.43977125643489545,0.9048382639884949,AU-Preston
SWup,40,morp,1.1084736574003191,0.9974383115768433,AU-Preston
LWup,40,morp,1.228473921640579,0.9752790927886963,AU-Preston
Qh,40,morp,0.8249468181036765,0.9326596856117249,AU-Preston
Qle,40,morp,0.5807977543504064,0.46681448817253113,AU-Preston
Qtau,40,morp,0.23558233758209693,0.8762216567993164,AU-Preston
SWup,41,morp,1.1094124251677195,0.9974367022514343,AU-Preston
LWup,41,morp,1.2342043343022695,0.9754325747489929,AU-Preston
Qh,41,morp,0.8115099650797702,0.9308722615242004,AU-Preston
Qle,41,morp,0.5861892635776593,0.47126829624176025,AU-Preston
Qtau,41,morp,0.23490541236427648,0.8770323991775513,AU-Preston
SWup,42,morp,1.1084736574003191,0.9974383115768433,AU-Preston
LWup,42,morp,1.191148300913378,0.9828444123268127,AU-Preston
Qh,42,morp,0.9954574170420425,0.9343782067298889,AU-Preston
Qle,42,morp,0.5970057743294016,0.4465024769306183,AU-Preston
Qtau,42,morp,0.4393633176758628,0.9024814367294312,AU-Preston
SWup,43,morp,1.1094124251677195,0.9974367022514343,AU-Preston
LWup,43,morp,1.1989998885602013,0.9830527901649475,AU-Preston
Qh,43,morp,0.9762065725124741,0.9359206557273865,AU-Preston
Qle,43,morp,0.595341668256687,0.4585915505886078,AU-Preston
Qtau,43,morp,0.43973302321354024,0.9050338864326477,AU-Preston
SWup,44,morp,1.1084736574003191,0.9974383115768433,AU-Preston
LWup,44,morp,1.2329665772023797,0.97517329454422,AU-Preston
Qh,44,morp,0.8322226921377277,0.9313279390335083,AU-Preston
Qle,44,morp,0.5832401899560139,0.4669964611530304,AU-Preston
Qtau,44,morp,0.2354859156935983,0.8758425712585449,AU-Preston
SWup,45,morp,1.1094124251677195,0.9974367022514343,AU-Preston
LWup,45,morp,1.2386561401766858,0.9753313064575195,AU-Preston
Qh,45,morp,0.8187230860581695,0.9295308589935303,AU-Preston
Qle,45,morp,0.5884323538879768,0.47229036688804626,AU-Preston
Qtau,45,morp,0.23484093979200657,0.8766924142837524,AU-Preston
SWup,46,morp,1.1084736574003191,0.9974383115768433,AU-Preston
LWup,46,morp,1.1956952298558676,0.982861340045929,AU-Preston
Qh,46,morp,0.9990334974756396,0.9334347248077393,AU-Preston
Qle,46,morp,0.5997996467188165,0.4472762942314148,AU-Preston
Qtau,46,morp,0.43943636991250923,0.9026488661766052,AU-Preston
SWup,47,morp,1.1094124251677195,0.9974367022514343,AU-Preston
LWup,47,morp,1.2035483218821128,0.9830464124679565,AU-Preston
Qh,47,morp,0.9800128881065557,0.9349433183670044,AU-Preston
Qle,47,morp,0.5982113183090058,0.459137886762619,AU-Preston
Qtau,47,morp,0.43976896067564547,0.9050487279891968,AU-Preston
SWup,48,morp,1.1084736574003191,0.9974383115768433,AU-Preston
LWup,48,morp,1.2392059329947092,0.972709596157074,AU-Preston
Qh,48,morp,0.7829445104787056,0.9329253435134888,AU-Preston
Qle,48,morp,0.5823500883703377,0.46566951274871826,AU-Preston
Qtau,48,morp,0.20847061286882548,0.8690581917762756,AU-Preston
SWup,49,morp,1.1094124251677195,0.9974367022514343,AU-Preston
LWup,49,morp,1.2454283934489137,0.9727432131767273,AU-Preston
Qh,49,morp,0.7671766714724609,0.9298561811447144,AU-Preston
Qle,49,morp,0.5905570952162776,0.46877625584602356,AU-Preston
Qtau,49,morp,0.2077950415603063,0.8697307109832764,AU-Preston
SWup,50,morp,1.1084736574003191,0.9974383115768433,AU-Preston
LWup,50,morp,1.2028586217778363,0.9805710911750793,AU-Preston
Qh,50,morp,0.9421213274960687,0.935664176940918,AU-Preston
Qle,50,morp,0.5914247494565276,0.45113033056259155,AU-Preston
Qtau,50,morp,0.375256359782913,0.8957779407501221,AU-Preston
SWup,51,morp,1.1094124251677195,0.9974367022514343,AU-Preston
LWup,51,morp,1.2107573080727199,0.980712890625,AU-Preston
Qh,51,morp,0.9216716359352473,0.9369254112243652,AU-Preston
Qle,51,morp,0.594347265151976,0.46032729744911194,AU-Preston
Qtau,51,morp,0.37519690550490103,0.8979789018630981,AU-Preston
SWup,52,morp,1.1084736574003191,0.9974383115768433,AU-Preston
LWup,52,morp,1.2427096326687332,0.9726313352584839,AU-Preston
Qh,52,morp,0.7896701087684476,0.9315363168716431,AU-Preston
Qle,52,morp,0.5844745437451937,0.4659499526023865,AU-Preston
Qtau,52,morp,0.20842109216449126,0.8689324259757996,AU-Preston
SWup,53,morp,1.1094124251677195,0.9974367022514343,AU-Preston
LWup,53,morp,1.249032423658241,0.972668468952179,AU-Preston
Qh,53,morp,0.7738854477245953,0.9284197092056274,AU-Preston
Qle,53,morp,0.5928836481883313,0.46889984607696533,AU-Preston
Qtau,53,morp,0.20777354089194602,0.8695999383926392,AU-Preston
SWup,54,morp,1.1084736574003191,0.9974383115768433,AU-Preston
LWup,54,morp,1.2062737945089457,0.9805532693862915,AU-Preston
Qh,54,morp,0.9452098325073485,0.9348081350326538,AU-Preston
Qle,54,morp,0.5939397457487837,0.45155417919158936,AU-Preston
Qtau,54,morp,0.3751882816913082,0.8958433866500854,AU-Preston
SWup,55,morp,1.1094124251677195,0.9974367022514343,AU-Preston
LWup,55,morp,1.2143240759609772,0.9806751608848572,AU-Preston
Qh,55,morp,0.924707829155597,0.9359667301177979,AU-Preston
Qle,55,morp,0.597235931108382,0.4604661762714386,AU-Preston
Qtau,55,morp,0.3753471305717194,0.897818922996521,AU-Preston
SWup,56,morp,1.1084736574003191,0.9974383115768433,AU-Preston
LWup,56,morp,1.2395551804636196,0.9727095365524292,AU-Preston
Qh,56,morp,0.7877152192507391,0.9313388466835022,AU-Preston
Qle,56,morp,0.5843729945280663,0.4667071998119354,AU-Preston
Qtau,56,morp,0.20861197865956385,0.8700292110443115,AU-Preston
SWup,57,morp,1.1094124251677195,0.9974367022514343,AU-Preston
LWup,57,morp,1.245642593934319,0.972800076007843,AU-Preston
Qh,57,morp,0.7725544501408516,0.9284628629684448,AU-Preston
Qle,57,morp,0.5912227948360526,0.47087541222572327,AU-Preston
Qtau,57,morp,0.207964603983884,0.8707627058029175,AU-Preston
SWup,58,morp,1.1084736574003191,0.9974383115768433,AU-Preston
LWup,58,morp,1.2024883129970165,0.9805387854576111,AU-Preston
Qh,58,morp,0.9472213052424641,0.9346621632575989,AU-Preston
Qle,58,morp,0.594822412544892,0.45091041922569275,AU-Preston
Qtau,58,morp,0.37522310070659937,0.8960922360420227,AU-Preston
SWup,59,morp,1.1094124251677195,0.9974367022514343,AU-Preston
LWup,59,morp,1.2103912809871784,0.9807354211807251,AU-Preston
Qh,59,morp,0.9272292363849599,0.9358160495758057,AU-Preston
Qle,59,morp,0.596072815471168,0.4611307978630066,AU-Preston
Qtau,59,morp,0.3754021404952859,0.8981665968894958,AU-Preston
SWup,60,morp,1.1084736574003191,0.9974383115768433,AU-Preston
LWup,60,morp,1.244193297943386,0.9725826978683472,AU-Preston
Qh,60,morp,0.7949303968418866,0.9298861026763916,AU-Preston
Qle,60,morp,0.5868130352735728,0.4670120179653168,AU-Preston
Qtau,60,morp,0.20851530659217263,0.8695957064628601,AU-Preston
SWup,61,morp,1.1094124251677195,0.9974367022514343,AU-Preston
LWup,61,morp,1.2504037233622138,0.9726583361625671,AU-Preston
Qh,61,morp,0.7796977517531305,0.9270099401473999,AU-Preston
Qle,61,morp,0.5938734045495622,0.4710494577884674,AU-Preston
Qtau,61,morp,0.20790129400764454,0.8703187704086304,AU-Preston
SWup,62,morp,1.1084736574003191,0.9974383115768433,AU-Preston
LWup,62,morp,1.2071692474295652,0.9805230498313904,AU-Preston
Qh,62,morp,0.9507558315518145,0.9336315989494324,AU-Preston
Qle,62,morp,0.5977524702624503,0.45152485370635986,AU-Preston
Qtau,62,morp,0.37515811306013874,0.8960123658180237,AU-Preston
SWup,63,morp,1.1094124251677195,0.9974367022514343,AU-Preston
LWup,63,morp,1.2152577169746188,0.9806861281394958,AU-Preston
Qh,63,morp,0.9306407877986966,0.9347334504127502,AU-Preston
Qle,63,morp,0.5998221655526039,0.4616685211658478,AU-Preston
Qtau,63,morp,0.37535242847768086,0.8980411291122437,AU-Preston
SWup,64,morp,1.1152525600725451,0.9972087144851685,AU-Preston
LWup,64,morp,1.1969309634148508,0.9781085252761841,AU-Preston
Qh,64,morp,0.8915465509083563,0.945205807685852,AU-Preston
Qle,64,morp,0.5305301526625792,0.48849865794181824,AU-Preston
Qtau,64,morp,0.3057115051149895,0.8690155148506165,AU-Preston
SWup,0,morp,1.2498907601682743,0.9810771346092224,US-Baltimore
LWup,0,morp,0.9686346812831792,0.9653582572937012,US-Baltimore
Qh,0,morp,0.51800663921135,0.7555893659591675,US-Baltimore
Qle,0,morp,0.46046204716292133,0.4170604944229126,US-Baltimore
Qtau,0,morp,0.13858661451637505,0.8900850415229797,US-Baltimore
SWup,1,morp,1.250770744142161,0.9810770153999329,US-Baltimore
LWup,1,morp,0.9819687203494162,0.9667831063270569,US-Baltimore
Qh,1,morp,0.5248119921475982,0.733561635017395,US-Baltimore
Qle,1,morp,0.47100667850162103,0.4321228563785553,US-Baltimore
Qtau,1,morp,0.13909066742204693,0.8919652700424194,US-Baltimore
SWup,2,morp,1.2499128857725104,0.9810771346092224,US-Baltimore
LWup,2,morp,0.9492728990723533,0.9711448550224304,US-Baltimore
Qh,2,morp,0.5853895900442917,0.8212985992431641,US-Baltimore
Qle,2,morp,0.4174113451845564,0.41146060824394226,US-Baltimore
Qtau,2,morp,0.2519121870437757,0.8777561187744141,US-Baltimore
SWup,3,morp,1.2507921009030065,0.9810770750045776,US-Baltimore
LWup,3,morp,0.9657565979491924,0.9730938673019409,US-Baltimore
Qh,3,morp,0.5895167836240216,0.8026408553123474,US-Baltimore
Qle,3,morp,0.4392393400720703,0.41784045100212097,US-Baltimore
Qtau,3,morp,0.2532869718693483,0.8824995756149292,US-Baltimore
SWup,4,morp,1.2498907601682743,0.9810771346092224,US-Baltimore
LWup,4,morp,0.9682116989604815,0.9655579924583435,US-Baltimore
Qh,4,morp,0.5225608934086613,0.7481206059455872,US-Baltimore
Qle,4,morp,0.4602463841042992,0.4217073619365692,US-Baltimore
Qtau,4,morp,0.1387105876713224,0.8914669156074524,US-Baltimore
SWup,5,morp,1.250770744142161,0.9810770153999329,US-Baltimore
LWup,5,morp,0.9815944858735797,0.9670016765594482,US-Baltimore
Qh,5,morp,0.5295087302295667,0.7263463735580444,US-Baltimore
Qle,5,morp,0.47234889659695123,0.43478602170944214,US-Baltimore
Qtau,5,morp,0.1392000740853725,0.893022358417511,US-Baltimore
SWup,6,morp,1.2499128857725104,0.9810771346092224,US-Baltimore
LWup,6,morp,0.9504306277624869,0.9714712500572205,US-Baltimore
Qh,6,morp,0.5839629915339644,0.8166500926017761,US-Baltimore
Qle,6,morp,0.4192147753855601,0.41543716192245483,US-Baltimore
Qtau,6,morp,0.2521410018957139,0.8792955875396729,US-Baltimore
SWup,7,morp,1.2507921009030065,0.9810770750045776,US-Baltimore
LWup,7,morp,0.966890998246123,0.9734205603599548,US-Baltimore
Qh,7,morp,0.5883209943429744,0.7974137663841248,US-Baltimore
Qle,7,morp,0.4396923406098636,0.42131781578063965,US-Baltimore
Qtau,7,morp,0.25352254156407295,0.8843413591384888,US-Baltimore
SWup,8,morp,1.2498907601682743,0.9810771346092224,US-Baltimore
LWup,8,morp,0.9565717455911297,0.9646232724189758,US-Baltimore
Qh,8,morp,0.5163846202650503,0.7435317635536194,US-Baltimore
Qle,8,morp,0.45811230315275814,0.4305301606655121,US-Baltimore
Qtau,8,morp,0.13868114963066264,0.8912923336029053,US-Baltimore
SWup,9,morp,1.250770744142161,0.9810770153999329,US-Baltimore
LWup,9,morp,0.9697228822131784,0.9661304354667664,US-Baltimore
Qh,9,morp,0.5233880331329044,0.7214139699935913,US-Baltimore
Qle,9,morp,0.4719581907120423,0.43469107151031494,US-Baltimore
Qtau,9,morp,0.1392477066219249,0.8931838274002075,US-Baltimore
SWup,10,morp,1.2499128857725104,0.9810771346092224,US-Baltimore
LWup,10,morp,0.9391645821407755,0.9703908562660217,US-Baltimore
Qh,10,morp,0.5848416503026084,0.8085784316062927,US-Baltimore
Qle,10,morp,0.41639478397089597,0.4140194356441498,US-Baltimore
Qtau,10,morp,0.25202810886191795,0.8782317638397217,US-Baltimore
SWup,11,morp,1.2507921009030065,0.9810770750045776,US-Baltimore
LWup,11,morp,0.9555156293699896,0.9724209904670715,US-Baltimore
Qh,11,morp,0.5897293119020626,0.7887714505195618,US-Baltimore
Qle,11,morp,0.4382707869276782,0.42060887813568115,US-Baltimore
Qtau,11,morp,0.253450482644412,0.88310307264328,US-Baltimore
SWup,12,morp,1.2498907601682743,0.9810771346092224,US-Baltimore
LWup,12,morp,0.9569080795962163,0.9648611545562744,US-Baltimore
Qh,12,morp,0.5203826251973879,0.7362286448478699,US-Baltimore
Qle,12,morp,0.45968810045481273,0.43299001455307007,US-Baltimore
Qtau,12,morp,0.13876382019044298,0.8922737836837769,US-Baltimore
SWup,13,morp,1.250770744142161,0.9810770153999329,US-Baltimore
LWup,13,morp,0.9701290053609563,0.9663506746292114,US-Baltimore
Qh,13,morp,0.5278045936413377,0.7143978476524353,US-Baltimore
Qle,13,morp,0.4739598569138158,0.4296726584434509,US-Baltimore
Qtau,13,morp,0.13935043470681804,0.8940660357475281,US-Baltimore
SWup,14,morp,1.2499128857725104,0.9810771346092224,US-Baltimore
LWup,14,morp,0.9411370402607553,0.9707516431808472,US-Baltimore
Qh,14,morp,0.583045962319538,0.8038619756698608,US-Baltimore
Qle,14,morp,0.41804283792197805,0.41768917441368103,US-Baltimore
Qtau,14,morp,0.2522396008105811,0.879657506942749,US-Baltimore
SWup,15,morp,1.2507921009030065,0.9810770750045776,US-Baltimore
LWup,15,morp,0.9574685491438414,0.972771406173706,US-Baltimore
Qh,15,morp,0.5881350565394629,0.7835678458213806,US-Baltimore
Qle,15,morp,0.4386035227471757,0.4236982464790344,US-Baltimore
Qtau,15,morp,0.2536555683873358,0.8848038911819458,US-Baltimore
SWup,16,morp,1.2498907601682743,0.9810771346092224,US-Baltimore
LWup,16,morp,0.9653736071576999,0.9616898894309998,US-Baltimore
Qh,16,morp,0.5029966584962872,0.753067135810852,US-Baltimore
Qle,16,morp,0.4413908738230558,0.418353408575058,US-Baltimore
Qtau,16,morp,0.12619516048199073,0.8876805305480957,US-Baltimore
SWup,17,morp,1.250770744142161,0.9810770153999329,US-Baltimore
LWup,17,morp,0.9792826878491091,0.9631878137588501,US-Baltimore
Qh,17,morp,0.5100027597393234,0.7289255261421204,US-Baltimore
Qle,17,morp,0.45717211724286133,0.4222128987312317,US-Baltimore
Qtau,17,morp,0.12665480574379534,0.890357494354248,US-Baltimore
SWup,18,morp,1.2498992174455692,0.9810771346092224,US-Baltimore
LWup,18,morp,0.9441325497084277,0.9675635695457458,US-Baltimore
Qh,18,morp,0.5687474723163344,0.8222844004631042,US-Baltimore
Qle,18,morp,0.4010621392766345,0.39936086535453796,US-Baltimore
Qtau,18,morp,0.22282753361079033,0.8753499388694763,US-Baltimore
SWup,19,morp,1.2507921009030065,0.9810770750045776,US-Baltimore
LWup,19,morp,0.9608561977724979,0.9696633815765381,US-Baltimore
Qh,19,morp,0.5725764028894852,0.8024272322654724,US-Baltimore
Qle,19,morp,0.423881262684813,0.40850362181663513,US-Baltimore
Qtau,19,morp,0.2241425925522411,0.8797972798347473,US-Baltimore
SWup,20,morp,1.2498907601682743,0.9810771346092224,US-Baltimore
LWup,20,morp,0.9650159051285871,0.9619438648223877,US-Baltimore
Qh,20,morp,0.5068464117572129,0.7450630068778992,US-Baltimore
Qle,20,morp,0.44184408029358596,0.42133861780166626,US-Baltimore
Qtau,20,morp,0.12633427755866908,0.8892905712127686,US-Baltimore
SWup,21,morp,1.250770744142161,0.9810770153999329,US-Baltimore
LWup,21,morp,0.9790076480536148,0.9634484052658081,US-Baltimore
Qh,21,morp,0.5145990503485747,0.7208327054977417,US-Baltimore
Qle,21,morp,0.45905094456712886,0.42784130573272705,US-Baltimore
Qtau,21,morp,0.12681242237378249,0.8915016651153564,US-Baltimore
SWup,22,morp,1.2498980214669617,0.9810770153999329,US-Baltimore
LWup,22,morp,0.9454503752146605,0.9679675698280334,US-Baltimore
Qh,22,morp,0.5667552396676699,0.817407488822937,US-Baltimore
Qle,22,morp,0.4036960447220006,0.4051370918750763,US-Baltimore
Qtau,22,morp,0.22301176650033774,0.8770073652267456,US-Baltimore
SWup,23,morp,1.2507921009030065,0.9810770750045776,US-Baltimore
LWup,23,morp,0.9624297861106537,0.9700337052345276,US-Baltimore
Qh,23,morp,0.5709299930483506,0.7970641851425171,US-Baltimore
Qle,23,morp,0.42466650995185395,0.41311824321746826,US-Baltimore
Qtau,23,morp,0.2243910618177064,0.881633460521698,US-Baltimore
SWup,24,morp,1.2498907601682743,0.9810771346092224,US-Baltimore
LWup,24,morp,0.9530074023540113,0.9609668850898743,US-Baltimore
Qh,24,morp,0.5005182209760327,0.7411892414093018,US-Baltimore
Qle,24,morp,0.442538382515734,0.4210561513900757,US-Baltimore
Qtau,24,morp,0.1263505327609875,0.8889188170433044,US-Baltimore
SWup,25,morp,1.250770744142161,0.9810770153999329,US-Baltimore
LWup,25,morp,0.9668095122340106,0.9625431299209595,US-Baltimore
Qh,25,morp,0.5081425018723311,0.716261088848114,US-Baltimore
Qle,25,morp,0.4573052527572077,0.4313064217567444,US-Baltimore
Qtau,25,morp,0.126878347460397,0.8915136456489563,US-Baltimore
SWup,26,morp,1.2498977651858316,0.9810771346092224,US-Baltimore
LWup,26,morp,0.9338331621277586,0.9668205380439758,US-Baltimore
Qh,26,morp,0.5677185089352303,0.809431254863739,US-Baltimore
Qle,26,morp,0.400344283497714,0.40301692485809326,US-Baltimore
Qtau,26,morp,0.22291606563092412,0.8759154677391052,US-Baltimore
SWup,27,morp,1.2507921009030065,0.9810770750045776,US-Baltimore
LWup,27,morp,0.9504306931081261,0.9689762592315674,US-Baltimore
Qh,27,morp,0.5723448115874249,0.7884164452552795,US-Baltimore
Qle,27,morp,0.42295713952838726,0.41217756271362305,US-Baltimore
Qtau,27,morp,0.22429353060379578,0.8803520202636719,US-Baltimore
SWup,28,morp,1.2498907601682743,0.9810771346092224,US-Baltimore
LWup,28,morp,0.9535050093967029,0.9612504243850708,US-Baltimore
Qh,28,morp,0.5039506406495818,0.733335018157959,US-Baltimore
Qle,28,morp,0.442542449687286,0.42292967438697815,US-Baltimore
Qtau,28,morp,0.12644000174318523,0.890213668346405,US-Baltimore
SWup,29,morp,1.250770744142161,0.9810770153999329,US-Baltimore
LWup,29,morp,0.9673908270405482,0.9628356099128723,US-Baltimore
Qh,29,morp,0.5122382170226548,0.7082688212394714,US-Baltimore
Qle,29,morp,0.4582051788170585,0.4337235391139984,US-Baltimore
Qtau,29,morp,0.12697850434706817,0.8925006985664368,US-Baltimore
SWup,30,morp,1.2498972526235712,0.9810771346092224,US-Baltimore
LWup,30,morp,0.9360244627934999,0.9672637581825256,US-Baltimore
Qh,30,morp,0.5654163799473801,0.804425835609436,US-Baltimore
Qle,30,morp,0.4022384528108737,0.4076724946498871,US-Baltimore
Qtau,30,morp,0.2230855686052339,0.8774564862251282,US-Baltimore
SWup,31,morp,1.2507921009030065,0.9810770750045776,US-Baltimore
LWup,31,morp,0.9528644260953889,0.9693928360939026,US-Baltimore
Qh,31,morp,0.5703176300613917,0.7829475998878479,US-Baltimore
Qle,31,morp,0.4236603483414023,0.4143822193145752,US-Baltimore
Qtau,31,morp,0.22446636741986795,0.8820492625236511,US-Baltimore
SWup,32,morp,1.2615607777107176,0.981663167476654,US-Baltimore
LWup,32,morp,0.9987620268648992,0.9655168652534485,US-Baltimore
Qh,32,morp,0.5380395801168554,0.8021637797355652,US-Baltimore
Qle,32,morp,0.5374542739228714,0.47612231969833374,US-Baltimore
Qtau,32,morp,0.13832528925979998,0.8968837857246399,US-Baltimore
SWup,33,morp,1.2625286661122452,0.9816589951515198,US-Baltimore
LWup,33,morp,1.013043316317329,0.9667595624923706,US-Baltimore
Qh,33,morp,0.5412919275327451,0.7812237739562988,US-Baltimore
Qle,33,morp,0.5571651773096309,0.4910311996936798,US-Baltimore
Qtau,33,morp,0.13889853572440242,0.8989044427871704,US-Baltimore
SWup,34,morp,1.2615607777107176,0.981663167476654,US-Baltimore
LWup,34,morp,0.9808373259518899,0.9722583293914795,US-Baltimore
Qh,34,morp,0.6029415028134579,0.8484243154525757,US-Baltimore
Qle,34,morp,0.5042366027111662,0.47427448630332947,US-Baltimore
Qtau,34,morp,0.250726603185671,0.8908274173736572,US-Baltimore
SWup,35,morp,1.2625286661122452,0.9816589951515198,US-Baltimore
LWup,35,morp,0.9981811694778361,0.9740056395530701,US-Baltimore
Qh,35,morp,0.6032170368298602,0.8312928676605225,US-Baltimore
Qle,35,morp,0.526943364069824,0.473495751619339,US-Baltimore
Qtau,35,morp,0.25226557427058593,0.8954430222511292,US-Baltimore
SWup,36,morp,1.2615607777107176,0.981663167476654,US-Baltimore
LWup,36,morp,0.9980515237296155,0.9656902551651001,US-Baltimore
Qh,36,morp,0.5409419010840213,0.797080934047699,US-Baltimore
Qle,36,morp,0.5387164871499517,0.4787542223930359,US-Baltimore
Qtau,36,morp,0.1384268297997516,0.8976841568946838,US-Baltimore
SWup,37,morp,1.2625286661122452,0.9816589951515198,US-Baltimore
LWup,37,morp,1.0122405451394607,0.9669464230537415,US-Baltimore
Qh,37,morp,0.5447017648547637,0.7759327292442322,US-Baltimore
Qle,37,morp,0.5589603444595702,0.49756044149398804,US-Baltimore
Qtau,37,morp,0.13896887324864357,0.8996787071228027,US-Baltimore
SWup,38,morp,1.2615607777107176,0.981663167476654,US-Baltimore
LWup,38,morp,0.9811241279624445,0.9725191593170166,US-Baltimore
Qh,38,morp,0.6019097044185254,0.845583438873291,US-Baltimore
Qle,38,morp,0.5038310696692072,0.47785288095474243,US-Baltimore
Qtau,38,morp,0.2508806136012028,0.8917787075042725,US-Baltimore
SWup,39,morp,1.2625286661122452,0.9816589951515198,US-Baltimore
LWup,39,morp,0.9986328385361531,0.9742787480354309,US-Baltimore
Qh,39,morp,0.6024449354775292,0.8283304572105408,US-Baltimore
Qle,39,morp,0.52628427634567,0.47636550664901733,US-Baltimore
Qtau,39,morp,0.2524496982110562,0.896260678768158,US-Baltimore
SWup,40,morp,1.2615607777107176,0.981663167476654,US-Baltimore
LWup,40,morp,0.9862851918940041,0.9650246500968933,US-Baltimore
Qh,40,morp,0.5363730807811773,0.7916159629821777,US-Baltimore
Qle,40,morp,0.537576237586246,0.4833952784538269,US-Baltimore
Qtau,40,morp,0.13857443400954395,0.897933304309845,US-Baltimore
SWup,41,morp,1.2625286661122452,0.9816589951515198,US-Baltimore
LWup,41,morp,1.0002595528789981,0.966370701789856,US-Baltimore
Qh,41,morp,0.5403514361349103,0.7696934342384338,US-Baltimore
Qle,41,morp,0.558422757050133,0.5028508901596069,US-Baltimore
Qtau,41,morp,0.13908968688035211,0.9001334309577942,US-Baltimore
SWup,42,morp,1.2615607777107176,0.981663167476654,US-Baltimore
LWup,42,morp,0.9704774936549384,0.971738338470459,US-Baltimore
Qh,42,morp,0.6021970672857294,0.8368796706199646,US-Baltimore
Qle,42,morp,0.5024716561903535,0.47772401571273804,US-Baltimore
Qtau,42,morp,0.25091192556599046,0.8911510109901428,US-Baltimore
SWup,43,morp,1.2625286661122452,0.9816589951515198,US-Baltimore
LWup,43,morp,0.9878385230840006,0.9735732078552246,US-Baltimore
Qh,43,morp,0.6033645553080403,0.8185362219810486,US-Baltimore
Qle,43,morp,0.5251757919066169,0.4768158793449402,US-Baltimore
Qtau,43,morp,0.25245754254461467,0.8959352970123291,US-Baltimore
SWup,44,morp,1.2615607777107176,0.981663167476654,US-Baltimore
LWup,44,morp,0.9859985205747279,0.9652116298675537,US-Baltimore
Qh,44,morp,0.5390346210911147,0.7865924835205078,US-Baltimore
Qle,44,morp,0.5387999928747274,0.4927249848842621,US-Baltimore
Qtau,44,morp,0.138623559148454,0.8987099528312683,US-Baltimore
SWup,45,morp,1.2625286661122452,0.9816589951515198,US-Baltimore
LWup,45,morp,1.0000620130116238,0.9665787816047668,US-Baltimore
Qh,45,morp,0.5433600212410967,0.7645233869552612,US-Baltimore
Qle,45,morp,0.5595998685737273,0.5072230100631714,US-Baltimore
Qtau,45,morp,0.1391497505066132,0.90094393491745,US-Baltimore
SWup,46,morp,1.2615607777107176,0.981663167476654,US-Baltimore
LWup,46,morp,0.9714023958325165,0.972063422203064,US-Baltimore
Qh,46,morp,0.600802240482101,0.8339911699295044,US-Baltimore
Qle,46,morp,0.5027687656463832,0.4813581109046936,US-Baltimore
Qtau,46,morp,0.25102771664524004,0.8922849893569946,US-Baltimore
SWup,47,morp,1.2625286661122452,0.9816589951515198,US-Baltimore
LWup,47,morp,0.9889729887265704,0.9739028215408325,US-Baltimore
Qh,47,morp,0.6022868101372665,0.8155539631843567,US-Baltimore
Qle,47,morp,0.5231530690825048,0.47971585392951965,US-Baltimore
Qtau,47,morp,0.2526477894232236,0.8967530131340027,US-Baltimore
SWup,48,morp,1.2615607777107176,0.981663167476654,US-Baltimore
LWup,48,morp,0.9983099657327468,0.9620910882949829,US-Baltimore
Qh,48,morp,0.5221671686433393,0.7999017834663391,US-Baltimore
Qle,48,morp,0.5215988432346308,0.46732521057128906,US-Baltimore
Qtau,48,morp,0.12591896367637767,0.8955140113830566,US-Baltimore
SWup,49,morp,1.2625286661122452,0.9816589951515198,US-Baltimore
LWup,49,morp,1.013465841220552,0.9634250402450562,US-Baltimore
Qh,49,morp,0.5249213356981911,0.7779930233955383,US-Baltimore
Qle,49,morp,0.5412042060937762,0.47384461760520935,US-Baltimore
Qtau,49,morp,0.12640732791493256,0.8969366550445557,US-Baltimore
SWup,50,morp,1.2615607777107176,0.981663167476654,US-Baltimore
LWup,50,morp,0.978886693275411,0.9690819382667542,US-Baltimore
Qh,50,morp,0.5850526144350888,0.8485051393508911,US-Baltimore
Qle,50,morp,0.4850712666273953,0.4663143754005432,US-Baltimore
Qtau,50,morp,0.22188961279497962,0.8883671164512634,US-Baltimore
SWup,51,morp,1.2625286661122452,0.9816589951515198,US-Baltimore
LWup,51,morp,0.9970989803466456,0.9709462523460388,US-Baltimore
Qh,51,morp,0.5850339424474597,0.8296723365783691,US-Baltimore
Qle,51,morp,0.5115390290415612,0.462756872177124,US-Baltimore
Qtau,51,morp,0.2231651668010372,0.8936216235160828,US-Baltimore
SWup,52,morp,1.2615607777107176,0.981663167476654,US-Baltimore
LWup,52,morp,0.997733878577347,0.9622958302497864,US-Baltimore
Qh,52,morp,0.5248229900460709,0.7944255471229553,US-Baltimore
Qle,52,morp,0.5222216353139223,0.4687829613685608,US-Baltimore
Qtau,52,morp,0.1260392870372388,0.8960879445075989,US-Baltimore
SWup,53,morp,1.2625286661122452,0.9816589951515198,US-Baltimore
LWup,53,morp,1.0128302895334582,0.9636556506156921,US-Baltimore
Qh,53,morp,0.5281559887174271,0.7720545530319214,US-Baltimore
Qle,53,morp,0.5419764023736219,0.47826406359672546,US-Baltimore
Qtau,53,morp,0.12648069422351993,0.8977860808372498,US-Baltimore
SWup,54,morp,1.2615607777107176,0.981663167476654,US-Baltimore
LWup,54,morp,0.9791533688290845,0.9693659543991089,US-Baltimore
Qh,54,morp,0.5835830508013948,0.8457543849945068,US-Baltimore
Qle,54,morp,0.4863036710908226,0.4693675637245178,US-Baltimore
Qtau,54,morp,0.2220097400475018,0.8897109627723694,US-Baltimore
SWup,55,morp,1.2625286661122452,0.9816589951515198,US-Baltimore
LWup,55,morp,0.9976921227138829,0.9712685346603394,US-Baltimore
Qh,55,morp,0.5838379087686685,0.8264952898025513,US-Baltimore
Qle,55,morp,0.5100608438567537,0.46603652834892273,US-Baltimore
Qtau,55,morp,0.22333870089120345,0.8944546580314636,US-Baltimore
SWup,56,morp,1.2615607777107176,0.981663167476654,US-Baltimore
LWup,56,morp,0.985628533565441,0.9616131782531738,US-Baltimore
Qh,56,morp,0.5197991989032993,0.7889966368675232,US-Baltimore
Qle,56,morp,0.521462515762864,0.47227394580841064,US-Baltimore
Qtau,56,morp,0.12621167716209444,0.8962618708610535,US-Baltimore
SWup,57,morp,1.2625286661122452,0.9816589951515198,US-Baltimore
LWup,57,morp,1.0004469641722928,0.963056206703186,US-Baltimore
Qh,57,morp,0.5236885934782756,0.7653864622116089,US-Baltimore
Qle,57,morp,0.5431362155473244,0.4858509600162506,US-Baltimore
Qtau,57,morp,0.1266360011330704,0.898264467716217,US-Baltimore
SWup,58,morp,1.2615607777107176,0.981663167476654,US-Baltimore
LWup,58,morp,0.9683125926274436,0.9685398936271667,US-Baltimore
Qh,58,morp,0.5839793173032527,0.8368719816207886,US-Baltimore
Qle,58,morp,0.48629944946971804,0.46721723675727844,US-Baltimore
Qtau,58,morp,0.22201326999760312,0.8889056444168091,US-Baltimore
SWup,59,morp,1.2625286661122452,0.9816589951515198,US-Baltimore
LWup,59,morp,0.9864915534226739,0.9705256223678589,US-Baltimore
Qh,59,morp,0.5847023924681699,0.816534698009491,US-Baltimore
Qle,59,morp,0.508857681841953,0.4666386842727661,US-Baltimore
Qtau,59,morp,0.22338275989802367,0.894117534160614,US-Baltimore
SWup,60,morp,1.2615607777107176,0.981663167476654,US-Baltimore
LWup,60,morp,0.9856705508114622,0.9618439078330994,US-Baltimore
Qh,60,morp,0.5220993727091988,0.7836378216743469,US-Baltimore
Qle,60,morp,0.5213980073330589,0.4747805595397949,US-Baltimore
Qtau,60,morp,0.12628587148366854,0.896881639957428,US-Baltimore
SWup,61,morp,1.2625286661122452,0.9816589951515198,US-Baltimore
LWup,61,morp,1.0003401240521614,0.9633110761642456,US-Baltimore
Qh,61,morp,0.5265354850371392,0.7595896124839783,US-Baltimore
Qle,61,morp,0.5442184435624345,0.49286070466041565,US-Baltimore
Qtau,61,morp,0.12669814568670604,0.8990297317504883,US-Baltimore
SWup,62,morp,1.2615607777107176,0.981663167476654,US-Baltimore
LWup,62,morp,0.9694168685846919,0.9689646363258362,US-Baltimore
Qh,62,morp,0.5820428073401832,0.8339436054229736,US-Baltimore
Qle,62,morp,0.4830155945653939,0.471701979637146,US-Baltimore
Qtau,62,morp,0.2221204758895692,0.8899515867233276,US-Baltimore
SWup,63,morp,1.2625286661122452,0.9816589951515198,US-Baltimore
LWup,63,morp,0.9877503718166872,0.9708899855613708,US-Baltimore
Qh,63,morp,0.5830105735262303,0.8132336139678955,US-Baltimore
Qle,63,morp,0.5081299155500736,0.47112053632736206,US-Baltimore
Qtau,63,morp,0.2235543982742466,0.8953179717063904,US-Baltimore
SWup,64,morp,1.2327358570700848,0.975688636302948,US-Baltimore
LWup,64,morp,0.9744042603408393,0.9672116637229919,US-Baltimore
Qh,64,morp,0.5560968259013662,0.8245099186897278,US-Baltimore
Qle,64,morp,0.5196171046454898,0.5878806710243225,US-Baltimore
Qtau,64,morp,0.19806650433960832,0.9326567053794861,US-Baltimore
SWup,0,morp,0.9648520419702868,0.9980170130729675,US-WestPhoenix
LWup,0,morp,0.9670482125879788,0.9957506060600281,US-WestPhoenix
Qh,0,morp,0.7234972366159957,0.9234787225723267,US-WestPhoenix
Qle,0,morp,0.20067976612378438,0.4238653779029846,US-WestPhoenix
Qtau,0,morp,0.3278826730130619,0.7962320446968079,US-WestPhoenix
SWup,1,morp,0.9656300557745688,0.9980168342590332,US-WestPhoenix
LWup,1,morp,0.9707553437998185,0.9957687854766846,US-WestPhoenix
Qh,1,morp,0.7174996001179885,0.9224395751953125,US-WestPhoenix
Qle,1,morp,0.20676201657468157,0.42246028780937195,US-WestPhoenix
Qtau,1,morp,0.32821104680504587,0.7957868576049805,US-WestPhoenix
SWup,2,morp,0.9648520419702868,0.9980170130729675,US-WestPhoenix
LWup,2,morp,0.9333944741874496,0.9952054619789124,US-WestPhoenix
Qh,2,morp,0.847206228355273,0.9262418150901794,US-WestPhoenix
Qle,2,morp,0.1896374036656534,0.41139864921569824,US-WestPhoenix
Qtau,2,morp,0.5942500063123828,0.790917694568634,US-WestPhoenix
SWup,3,morp,0.9656300557745688,0.9980168342590332,US-WestPhoenix
LWup,3,morp,0.9366932606487389,0.9952455759048462,US-WestPhoenix
Qh,3,morp,0.8420878234188885,0.9259252548217773,US-WestPhoenix
Qle,3,morp,0.19466415192092268,0.41019824147224426,US-WestPhoenix
Qtau,3,morp,0.5951329606031458,0.7904885411262512,US-WestPhoenix
SWup,4,morp,0.9648520419702868,0.9980170130729675,US-WestPhoenix
LWup,4,morp,0.9681795473359626,0.9956626296043396,US-WestPhoenix
Qh,4,morp,0.7295073402732156,0.9251896142959595,US-WestPhoenix
Qle,4,morp,0.2008585103065684,0.42363259196281433,US-WestPhoenix
Qtau,4,morp,0.32760762976414753,0.7956328392028809,US-WestPhoenix
SWup,5,morp,0.9656300557745688,0.9980168342590332,US-WestPhoenix
LWup,5,morp,0.9719228280476739,0.9956698417663574,US-WestPhoenix
Qh,5,morp,0.7234860416158864,0.9241623282432556,US-WestPhoenix
Qle,5,morp,0.20694451099966873,0.4221743047237396,US-WestPhoenix
Qtau,5,morp,0.32797938495258855,0.7955214977264404,US-WestPhoenix
SWup,6,morp,0.9648520419702868,0.9980170130729675,US-WestPhoenix
LWup,6,morp,0.9332224025680604,0.99513179063797,US-WestPhoenix
Qh,6,morp,0.847861305482887,0.928537130355835,US-WestPhoenix
Qle,6,morp,0.1895532489251042,0.4117792248725891,US-WestPhoenix
Qtau,6,morp,0.5936134687442494,0.7904882431030273,US-WestPhoenix
SWup,7,morp,0.9656300557745688,0.9980168342590332,US-WestPhoenix
LWup,7,morp,0.9365598689942125,0.9951583743095398,US-WestPhoenix
Qh,7,morp,0.8426111048633964,0.9282548427581787,US-WestPhoenix
Qle,7,morp,0.19458260151523674,0.41053909063339233,US-WestPhoenix
Qtau,7,morp,0.5945858354701052,0.7897674441337585,US-WestPhoenix
SWup,8,morp,0.9648520419702868,0.9980170130729675,US-WestPhoenix
LWup,8,morp,0.9658540500092181,0.9956604242324829,US-WestPhoenix
Qh,8,morp,0.725032732653729,0.923061728477478,US-WestPhoenix
Qle,8,morp,0.2009687431202154,0.42377111315727234,US-WestPhoenix
Qtau,8,morp,0.3272464731444218,0.7976210713386536,US-WestPhoenix
SWup,9,morp,0.9656300557745688,0.9980168342590332,US-WestPhoenix
LWup,9,morp,0.9695509147630943,0.9956978559494019,US-WestPhoenix
Qh,9,morp,0.7190555355119821,0.9220291376113892,US-WestPhoenix
Qle,9,morp,0.2070631124093431,0.42231932282447815,US-WestPhoenix
Qtau,9,morp,0.32752969911182955,0.7975794672966003,US-WestPhoenix
SWup,10,morp,0.9648520419702868,0.9980170130729675,US-WestPhoenix
LWup,10,morp,0.9321163001709871,0.9951397180557251,US-WestPhoenix
Qh,10,morp,0.8499892884203498,0.9261543154716492,US-WestPhoenix
Qle,10,morp,0.1896248334093799,0.4115692973136902,US-WestPhoenix
Qtau,10,morp,0.5933288140482158,0.79227215051651,US-WestPhoenix
SWup,11,morp,0.9656300557745688,0.9980168342590332,US-WestPhoenix
LWup,11,morp,0.9354130622602836,0.9951987862586975,US-WestPhoenix
Qh,11,morp,0.8448794493552613,0.9258228540420532,US-WestPhoenix
Qle,11,morp,0.1946660617664891,0.41035592555999756,US-WestPhoenix
Qtau,11,morp,0.5941443843016079,0.7917645573616028,US-WestPhoenix
SWup,12,morp,0.9648520419702868,0.9980170130729675,US-WestPhoenix
LWup,12,morp,0.9681275643551471,0.9954860210418701,US-WestPhoenix
Qh,12,morp,0.7310292666138466,0.9250365495681763,US-WestPhoenix
Qle,12,morp,0.20113281621660287,0.4237668812274933,US-WestPhoenix
Qtau,12,morp,0.3270456198765142,0.7967623472213745,US-WestPhoenix
SWup,13,morp,0.9656300557745688,0.9980168342590332,US-WestPhoenix
LWup,13,morp,0.9718714957578561,0.9955060482025146,US-WestPhoenix
Qh,13,morp,0.7249807437517057,0.9240261316299438,US-WestPhoenix
Qle,13,morp,0.2072256229048126,0.4223007559776306,US-WestPhoenix
Qtau,13,morp,0.32739461931447833,0.7966495752334595,US-WestPhoenix
SWup,14,morp,0.9648520419702868,0.9980170130729675,US-WestPhoenix
LWup,14,morp,0.9331397648113539,0.9950238466262817,US-WestPhoenix
Qh,14,morp,0.8508208564209008,0.9286614656448364,US-WestPhoenix
Qle,14,morp,0.18957455238428592,0.411856472492218,US-WestPhoenix
Qtau,14,morp,0.5928231480222084,0.7910968065261841,US-WestPhoenix
SWup,15,morp,0.9656300557745688,0.9980168342590332,US-WestPhoenix
LWup,15,morp,0.9364859794164748,0.9950635433197021,US-WestPhoenix
Qh,15,morp,0.8455542025436736,0.9283745288848877,US-WestPhoenix
Qle,15,morp,0.19460848860377788,0.4106138348579407,US-WestPhoenix
Qtau,15,morp,0.593789799833561,0.7904242873191833,US-WestPhoenix
SWup,16,morp,0.9648520419702868,0.9980170130729675,US-WestPhoenix
LWup,16,morp,0.9789212266248296,0.9957181811332703,US-WestPhoenix
Qh,16,morp,0.6909209312408182,0.9231858849525452,US-WestPhoenix
Qle,16,morp,0.19801575726765688,0.4255758225917816,US-WestPhoenix
Qtau,16,morp,0.2877153704495902,0.7940484881401062,US-WestPhoenix
SWup,17,morp,0.9656300557745688,0.9980168342590332,US-WestPhoenix
LWup,17,morp,0.9829129989986588,0.9957274794578552,US-WestPhoenix
Qh,17,morp,0.6841688195839225,0.9218738675117493,US-WestPhoenix
Qle,17,morp,0.204708793692926,0.42408183217048645,US-WestPhoenix
Qtau,17,morp,0.2879804125981238,0.7935600280761719,US-WestPhoenix
SWup,18,morp,0.9648520419702868,0.9980170130729675,US-WestPhoenix
LWup,18,morp,0.9424844828271801,0.9952120184898376,US-WestPhoenix
Qh,18,morp,0.8179686197362085,0.9263889193534851,US-WestPhoenix
Qle,18,morp,0.1866826989520851,0.4133726954460144,US-WestPhoenix
Qtau,18,morp,0.5007055841260872,0.7907178997993469,US-WestPhoenix
SWup,19,morp,0.9656300557745688,0.9980168342590332,US-WestPhoenix
LWup,19,morp,0.9460796228884173,0.9952456951141357,US-WestPhoenix
Qh,19,morp,0.81195656543503,0.9259330630302429,US-WestPhoenix
Qle,19,morp,0.1923058051665837,0.41206106543540955,US-WestPhoenix
Qtau,19,morp,0.501858801919089,0.7901247143745422,US-WestPhoenix
SWup,20,morp,0.9648520419702868,0.9980170130729675,US-WestPhoenix
LWup,20,morp,0.9798671867374715,0.9956212639808655,US-WestPhoenix
Qh,20,morp,0.6960487925598707,0.9247933626174927,US-WestPhoenix
Qle,20,morp,0.19804714818387575,0.4257182776927948,US-WestPhoenix
Qtau,20,morp,0.2874432366116958,0.7935459613800049,US-WestPhoenix
SWup,21,morp,0.9656300557745688,0.9980168342590332,US-WestPhoenix
LWup,21,morp,0.9838999526441552,0.9956172108650208,US-WestPhoenix
Qh,21,morp,0.6892448616221657,0.9234951138496399,US-WestPhoenix
Qle,21,morp,0.20473643436694175,0.42418912053108215,US-WestPhoenix
Qtau,21,morp,0.2877382301076035,0.7932574152946472,US-WestPhoenix
SWup,22,morp,0.9648520419702868,0.9980170130729675,US-WestPhoenix
LWup,22,morp,0.9420248780858117,0.995128870010376,US-WestPhoenix
Qh,22,morp,0.8174690852616296,0.9286155104637146,US-WestPhoenix
Qle,22,morp,0.18650062122067607,0.413850873708725,US-WestPhoenix
Qtau,22,morp,0.5000967379164107,0.7900628447532654,US-WestPhoenix
SWup,23,morp,0.9656300557745688,0.9980168342590332,US-WestPhoenix
LWup,23,morp,0.9456560953479208,0.9951462745666504,US-WestPhoenix
Qh,23,morp,0.8113110719059946,0.9281875491142273,US-WestPhoenix
Qle,23,morp,0.19212643594343246,0.4124995172023773,US-WestPhoenix
Qtau,23,morp,0.5012764521312008,0.7892172932624817,US-WestPhoenix
SWup,24,morp,0.9648520419702868,0.9980170130729675,US-WestPhoenix
LWup,24,morp,0.9775748746516092,0.9956821203231812,US-WestPhoenix
Qh,24,morp,0.6915916983307068,0.9227810502052307,US-WestPhoenix
Qle,24,morp,0.19820483197873195,0.42592906951904297,US-WestPhoenix
Qtau,24,morp,0.2870837165356687,0.7955746054649353,US-WestPhoenix
SWup,25,morp,0.9656300557745688,0.9980168342590332,US-WestPhoenix
LWup,25,morp,0.9815576819494702,0.9957123398780823,US-WestPhoenix
Qh,25,morp,0.6848462443064519,0.9214548468589783,US-WestPhoenix
Qle,25,morp,0.20490760861638982,0.4244081377983093,US-WestPhoenix
Qtau,25,morp,0.2873237169679241,0.7953900098800659,US-WestPhoenix
SWup,26,morp,0.9648520419702868,0.9980170130729675,US-WestPhoenix
LWup,26,morp,0.9410554207982532,0.9951707720756531,US-WestPhoenix
Qh,26,morp,0.8201546131287837,0.9262728095054626,US-WestPhoenix
Qle,26,morp,0.186632331115829,0.41358113288879395,US-WestPhoenix
Qtau,26,morp,0.49986476434134414,0.7920193076133728,US-WestPhoenix
SWup,27,morp,0.9656300557745688,0.9980168342590332,US-WestPhoenix
LWup,27,morp,0.9446520068394854,0.9952253103256226,US-WestPhoenix
Qh,27,morp,0.8141648640172172,0.9257940053939819,US-WestPhoenix
Qle,27,morp,0.1922698306210054,0.4122573137283325,US-WestPhoenix
Qtau,27,morp,0.5010194887936241,0.7915447950363159,US-WestPhoenix
SWup,28,morp,0.9648520419702868,0.9980170130729675,US-WestPhoenix
LWup,28,morp,0.9797063214630426,0.9954896569252014,US-WestPhoenix
Qh,28,morp,0.696668418853805,0.9246711730957031,US-WestPhoenix
Qle,28,morp,0.19824160518700165,0.4258985221385956,US-WestPhoenix
Qtau,28,morp,0.28691323024528104,0.7946275472640991,US-WestPhoenix
SWup,29,morp,0.9656300557745688,0.9980168342590332,US-WestPhoenix
LWup,29,morp,0.9837406779477206,0.9954990744590759,US-WestPhoenix
Qh,29,morp,0.689816824355028,0.9233617186546326,US-WestPhoenix
Qle,29,morp,0.2049412218983587,0.42437025904655457,US-WestPhoenix
Qtau,29,morp,0.28718684476556955,0.7943661212921143,US-WestPhoenix
SWup,30,morp,0.9648520419702868,0.9980170130729675,US-WestPhoenix
LWup,30,morp,0.9418234530725268,0.9950428009033203,US-WestPhoenix
Qh,30,morp,0.8197766970644844,0.9287235736846924,US-WestPhoenix
Qle,30,morp,0.18644035691193944,0.4138614237308502,US-WestPhoenix
Qtau,30,morp,0.4993668913805685,0.7906124591827393,US-WestPhoenix
SWup,31,morp,0.9656300557745688,0.9980168342590332,US-WestPhoenix
LWup,31,morp,0.9454598035636177,0.9950752854347229,US-WestPhoenix
Qh,31,morp,0.8136212280270559,0.9282750487327576,US-WestPhoenix
Qle,31,morp,0.19206980034127205,0.41248634457588196,US-WestPhoenix
Qtau,31,morp,0.5000446802406623,0.7896736264228821,US-WestPhoenix
SWup,32,morp,0.9710702380801929,0.9980418086051941,US-WestPhoenix
LWup,32,morp,1.0242953558737515,0.9958934783935547,US-WestPhoenix
Qh,32,morp,0.8172029495772106,0.9329060912132263,US-WestPhoenix
Qle,32,morp,0.2506640185789777,0.5031163096427917,US-WestPhoenix
Qtau,32,morp,0.3312911519303786,0.8053189516067505,US-WestPhoenix
SWup,33,morp,0.9719189747524964,0.9980418086051941,US-WestPhoenix
LWup,33,morp,1.0291126382266502,0.9959049224853516,US-WestPhoenix
Qh,33,morp,0.8086513264633349,0.9322769045829773,US-WestPhoenix
Qle,33,morp,0.25796822294773203,0.5015838146209717,US-WestPhoenix
Qtau,33,morp,0.3320853691850355,0.8062096238136292,US-WestPhoenix
SWup,34,morp,0.9710702380801929,0.9980418086051941,US-WestPhoenix
LWup,34,morp,0.9879261393418622,0.9959575533866882,US-WestPhoenix
Qh,34,morp,0.9376857458304138,0.9340534210205078,US-WestPhoenix
Qle,34,morp,0.23724443661986502,0.4893980622291565,US-WestPhoenix
Qtau,34,morp,0.6017118662718319,0.802630603313446,US-WestPhoenix
SWup,35,morp,0.9719189747524964,0.9980418086051941,US-WestPhoenix
LWup,35,morp,0.9924190883819123,0.9959970116615295,US-WestPhoenix
Qh,35,morp,0.9305107684875673,0.933876633644104,US-WestPhoenix
Qle,35,morp,0.24363627303707808,0.4802716374397278,US-WestPhoenix
Qtau,35,morp,0.6045495291378034,0.8027896881103516,US-WestPhoenix
SWup,36,morp,0.9710702380801929,0.9980418086051941,US-WestPhoenix
LWup,36,morp,1.025527041633379,0.9957981705665588,US-WestPhoenix
Qh,36,morp,0.8224697730756516,0.9334820508956909,US-WestPhoenix
Qle,36,morp,0.2509229589133187,0.5033295154571533,US-WestPhoenix
Qtau,36,morp,0.33139513739745496,0.8050341606140137,US-WestPhoenix
SWup,37,morp,0.9719189747524964,0.9980418086051941,US-WestPhoenix
LWup,37,morp,1.030404476754064,0.9958035945892334,US-WestPhoenix
Qh,37,morp,0.8138395305291893,0.9328832030296326,US-WestPhoenix
Qle,37,morp,0.2582353235313114,0.5017488598823547,US-WestPhoenix
Qtau,37,morp,0.3323396828804333,0.8058270215988159,US-WestPhoenix
SWup,38,morp,0.9710702380801929,0.9980418086051941,US-WestPhoenix
LWup,38,morp,0.9882078162448622,0.9958838224411011,US-WestPhoenix
Qh,38,morp,0.9394481950521831,0.9348980784416199,US-WestPhoenix
Qle,38,morp,0.23736364570767418,0.48847344517707825,US-WestPhoenix
Qtau,38,morp,0.6013494367847849,0.8022946119308472,US-WestPhoenix
SWup,39,morp,0.9719189747524964,0.9980418086051941,US-WestPhoenix
LWup,39,morp,0.9926190674152023,0.9959129095077515,US-WestPhoenix
Qh,39,morp,0.9319018320617679,0.9348086714744568,US-WestPhoenix
Qle,39,morp,0.24342339470535249,0.4868825674057007,US-WestPhoenix
Qtau,39,morp,0.6043108015728692,0.8025520443916321,US-WestPhoenix
SWup,40,morp,0.9710702380801929,0.9980418086051941,US-WestPhoenix
LWup,40,morp,1.0233009554312815,0.9956455230712891,US-WestPhoenix
Qh,40,morp,0.8198679532774974,0.9324973821640015,US-WestPhoenix
Qle,40,morp,0.25118339239964804,0.5036356449127197,US-WestPhoenix
Qtau,40,morp,0.3307487026364771,0.8069432973861694,US-WestPhoenix
SWup,41,morp,0.9719189747524964,0.9980418086051941,US-WestPhoenix
LWup,41,morp,1.0281144782361935,0.995675802230835,US-WestPhoenix
Qh,41,morp,0.8113592443307077,0.9319583177566528,US-WestPhoenix
Qle,41,morp,0.2585312454207112,0.5021112561225891,US-WestPhoenix
Qtau,41,morp,0.3317672043085052,0.8075226545333862,US-WestPhoenix
SWup,42,morp,0.9710702380801929,0.9980418086051941,US-WestPhoenix
LWup,42,morp,0.986799720925861,0.9957770705223083,US-WestPhoenix
Qh,42,morp,0.9412955396914489,0.9338602423667908,US-WestPhoenix
Qle,42,morp,0.2373164551599513,0.4895716607570648,US-WestPhoenix
Qtau,42,morp,0.6008841388366782,0.8035345077514648,US-WestPhoenix
SWup,43,morp,0.9719189747524964,0.9980418086051941,US-WestPhoenix
LWup,43,morp,0.991207067950215,0.9958303570747375,US-WestPhoenix
Qh,43,morp,0.9340405859463057,0.9336704611778259,US-WestPhoenix
Qle,43,morp,0.24346145271882141,0.4868970215320587,US-WestPhoenix
Qtau,43,morp,0.603514558121252,0.8037772178649902,US-WestPhoenix
SWup,44,morp,0.9710702380801929,0.9980418086051941,US-WestPhoenix
LWup,44,morp,1.0254385476576933,0.9954943060874939,US-WestPhoenix
Qh,44,morp,0.8251313843516628,0.9332282543182373,US-WestPhoenix
Qle,44,morp,0.25141116752679166,0.5035685896873474,US-WestPhoenix
Qtau,44,morp,0.33106268523466637,0.8059069514274597,US-WestPhoenix
SWup,45,morp,0.9719189747524964,0.9980418086051941,US-WestPhoenix
LWup,45,morp,1.030318079449371,0.9955114722251892,US-WestPhoenix
Qh,45,morp,0.8165370166919148,0.9326786398887634,US-WestPhoenix
Qle,45,morp,0.25875127699219463,0.5020142793655396,US-WestPhoenix
Qtau,45,morp,0.33197974717426054,0.8065379858016968,US-WestPhoenix
SWup,46,morp,0.9710702380801929,0.9980418086051941,US-WestPhoenix
LWup,46,morp,0.9880768104573273,0.9956800937652588,US-WestPhoenix
Qh,46,morp,0.9433010561125633,0.9347767233848572,US-WestPhoenix
Qle,46,morp,0.2374344488914909,0.48841995000839233,US-WestPhoenix
Qtau,46,morp,0.6005789624022009,0.8025739192962646,US-WestPhoenix
SWup,47,morp,0.9719189747524964,0.9980418086051941,US-WestPhoenix
LWup,47,morp,0.9924788796546999,0.9957213401794434,US-WestPhoenix
Qh,47,morp,0.9358093111529849,0.9346819519996643,US-WestPhoenix
Qle,47,morp,0.24349452777158526,0.4868382513523102,US-WestPhoenix
Qtau,47,morp,0.6033505400750067,0.8031883835792542,US-WestPhoenix
SWup,48,morp,0.9710702380801929,0.9980418086051941,US-WestPhoenix
LWup,48,morp,1.0387259470265229,0.9958502054214478,US-WestPhoenix
Qh,48,morp,0.7827836673090222,0.9327532649040222,US-WestPhoenix
Qle,48,morp,0.24760989772256126,0.5054189562797546,US-WestPhoenix
Qtau,48,morp,0.2903780010704554,0.8029909133911133,US-WestPhoenix
SWup,49,morp,0.9719189747524964,0.9980418086051941,US-WestPhoenix
LWup,49,morp,1.0439449949209954,0.9958516359329224,US-WestPhoenix
Qh,49,morp,0.7732239853216586,0.9319484829902649,US-WestPhoenix
Qle,49,morp,0.25564616325915496,0.5038180351257324,US-WestPhoenix
Qtau,49,morp,0.2910729606509433,0.803552508354187,US-WestPhoenix
SWup,50,morp,0.9710702380801929,0.9980418086051941,US-WestPhoenix
LWup,50,morp,0.9994908704438074,0.9959536790847778,US-WestPhoenix
Qh,50,morp,0.905339404415817,0.9340123534202576,US-WestPhoenix
Qle,50,morp,0.23389767533597655,0.4912353754043579,US-WestPhoenix
Qtau,50,morp,0.5064555674229507,0.8019125461578369,US-WestPhoenix
SWup,51,morp,0.9719189747524964,0.9980418086051941,US-WestPhoenix
LWup,51,morp,1.0043080804977063,0.995989978313446,US-WestPhoenix
Qh,51,morp,0.896898459143932,0.933810293674469,US-WestPhoenix
Qle,51,morp,0.24090791974759482,0.48341435194015503,US-WestPhoenix
Qtau,51,morp,0.5088017476416367,0.8019497394561768,US-WestPhoenix
SWup,52,morp,0.9710702380801929,0.9980418086051941,US-WestPhoenix
LWup,52,morp,1.039863137993486,0.9957459568977356,US-WestPhoenix
Qh,52,morp,0.7874055909526758,0.9332819581031799,US-WestPhoenix
Qle,52,morp,0.24776561958515375,0.5055694580078125,US-WestPhoenix
Qtau,52,morp,0.2904427874194158,0.8027266263961792,US-WestPhoenix
SWup,53,morp,0.9719189747524964,0.9980418086051941,US-WestPhoenix
LWup,53,morp,1.045133228981777,0.9957411289215088,US-WestPhoenix
Qh,53,morp,0.7777913757450824,0.9325313568115234,US-WestPhoenix
Qle,53,morp,0.2558088647391811,0.5039433836936951,US-WestPhoenix
Qtau,53,morp,0.29120300093277796,0.8031478524208069,US-WestPhoenix
SWup,54,morp,0.9710702380801929,0.9980418086051941,US-WestPhoenix
LWup,54,morp,0.9995226820036944,0.9958714246749878,US-WestPhoenix
Qh,54,morp,0.906088790938292,0.9348790049552917,US-WestPhoenix
Qle,54,morp,0.23384602269452123,0.4914446473121643,US-WestPhoenix
Qtau,54,morp,0.5061058666091157,0.8013886213302612,US-WestPhoenix
SWup,55,morp,0.9719189747524964,0.9980418086051941,US-WestPhoenix
LWup,55,morp,1.0043949115963982,0.9958940744400024,US-WestPhoenix
Qh,55,morp,0.8974479470659685,0.9346728324890137,US-WestPhoenix
Qle,55,morp,0.24084517263962185,0.4834933578968048,US-WestPhoenix
Qtau,55,morp,0.5085709170494707,0.801869809627533,US-WestPhoenix
SWup,56,morp,0.9710702380801929,0.9980418086051941,US-WestPhoenix
LWup,56,morp,1.0376466675583544,0.9956624507904053,US-WestPhoenix
Qh,56,morp,0.7846140498269101,0.9324304461479187,US-WestPhoenix
Qle,56,morp,0.24805654115161604,0.5059943199157715,US-WestPhoenix
Qtau,56,morp,0.289965695965925,0.80448979139328,US-WestPhoenix
SWup,57,morp,0.9719189747524964,0.9980418086051941,US-WestPhoenix
LWup,57,morp,1.0428536415198695,0.9956896901130676,US-WestPhoenix
Qh,57,morp,0.775028670225659,0.9316539168357849,US-WestPhoenix
Qle,57,morp,0.2561181729097782,0.5043906569480896,US-WestPhoenix
Qtau,57,morp,0.290747444316211,0.805050790309906,US-WestPhoenix
SWup,58,morp,0.9710702380801929,0.9980418086051941,US-WestPhoenix
LWup,58,morp,0.9982369888912587,0.9958006143569946,US-WestPhoenix
Qh,58,morp,0.9082190637621409,0.9337994456291199,US-WestPhoenix
Qle,58,morp,0.23392993436381654,0.4914869964122772,US-WestPhoenix
Qtau,58,morp,0.5057386054216251,0.8026875853538513,US-WestPhoenix
SWup,59,morp,0.9719189747524964,0.9980418086051941,US-WestPhoenix
LWup,59,morp,1.0030570909051473,0.9958568215370178,US-WestPhoenix
Qh,59,morp,0.8998426593620987,0.9335762858390808,US-WestPhoenix
Qle,59,morp,0.24095759309455403,0.48355841636657715,US-WestPhoenix
Qtau,59,morp,0.5080152195446751,0.8032060861587524,US-WestPhoenix
SWup,60,morp,0.9710702380801929,0.9980418086051941,US-WestPhoenix
LWup,60,morp,1.0397170217150045,0.995494544506073,US-WestPhoenix
Qh,60,morp,0.789196621348967,0.9331206679344177,US-WestPhoenix
Qle,60,morp,0.24816317998315168,0.5058883428573608,US-WestPhoenix
Qtau,60,morp,0.2902037221549883,0.8035604953765869,US-WestPhoenix
SWup,61,morp,0.9719189747524964,0.9980418086051941,US-WestPhoenix
LWup,61,morp,1.0449869681052963,0.9955068230628967,US-WestPhoenix
Qh,61,morp,0.7795321134514881,0.9323684573173523,US-WestPhoenix
Qle,61,morp,0.2562121199494134,0.5042476654052734,US-WestPhoenix
Qtau,61,morp,0.2908408831683403,0.8040363788604736,US-WestPhoenix
SWup,62,morp,0.9710702380801929,0.9980418086051941,US-WestPhoenix
LWup,62,morp,0.9993244381463983,0.9956943988800049,US-WestPhoenix
Qh,62,morp,0.9091751337336055,0.9347506761550903,US-WestPhoenix
Qle,62,morp,0.2338651211501854,0.49143069982528687,US-WestPhoenix
Qtau,62,morp,0.5054244409852471,0.8016154766082764,US-WestPhoenix
SWup,63,morp,0.9719189747524964,0.9980418086051941,US-WestPhoenix
LWup,63,morp,1.004214959386037,0.9957284927368164,US-WestPhoenix
Qh,63,morp,0.9005407354674057,0.9345399141311646,US-WestPhoenix
Qle,63,morp,0.2408689241735751,0.48344504833221436,US-WestPhoenix
Qtau,63,morp,0.5078079759632774,0.8024429678916931,US-WestPhoenix
SWup,64,morp,0.965178319848029,0.9979308843612671,US-WestPhoenix
LWup,64,morp,0.9821532799564433,0.9963302612304688,US-WestPhoenix
Qh,64,morp,0.8291613440694483,0.9265682697296143,US-WestPhoenix
Qle,64,morp,0.24934386884038237,0.5367114543914795,US-WestPhoenix
Qtau,64,morp,0.41828137687570216,0.8161317706108093,US-WestPhoenix
SWup,0,radi,1.3379765216579087,0.9974151849746704,AU-Preston
LWup,0,radi,1.1607783520264048,0.9787115454673767,AU-Preston
Qh,0,radi,0.8119188618810519,0.9298295378684998,AU-Preston
Qle,0,radi,0.5648034845714891,0.4487886428833008,AU-Preston
Qtau,0,radi,0.30255719913604107,0.8837469220161438,AU-Preston
SWup,1,radi,1.3379765216579087,0.9974151849746704,AU-Preston
LWup,1,radi,1.161530426015951,0.978913426399231,AU-Preston
Qh,1,radi,0.812353281773876,0.9299980401992798,AU-Preston
Qle,1,radi,0.5645697533744473,0.4485418498516083,AU-Preston
Qtau,1,radi,0.30263905178314565,0.8839564919471741,AU-Preston
SWup,2,radi,1.3379765216579087,0.9974151849746704,AU-Preston
LWup,2,radi,1.161531236066409,0.9796114563941956,AU-Preston
Qh,2,radi,0.8158461484916592,0.9310247898101807,AU-Preston
Qle,2,radi,0.5603854323591066,0.4478011429309845,AU-Preston
Qtau,2,radi,0.30286330036937,0.8845909237861633,AU-Preston
SWup,3,radi,1.3379765216579087,0.9974151849746704,AU-Preston
LWup,3,radi,1.1624308549608127,0.9797071218490601,AU-Preston
Qh,3,radi,0.8162637463468757,0.9311620593070984,AU-Preston
Qle,3,radi,0.5601284674446649,0.447557657957077,AU-Preston
Qtau,3,radi,0.3029445349274458,0.8847830891609192,AU-Preston
SWup,4,radi,1.3379765216579087,0.9974151849746704,AU-Preston
LWup,4,radi,1.1617352530603418,0.9789035320281982,AU-Preston
Qh,4,radi,0.8119666913108639,0.9299193620681763,AU-Preston
Qle,4,radi,0.5654662531684536,0.4501515030860901,AU-Preston
Qtau,4,radi,0.3026556518884916,0.8838748931884766,AU-Preston
SWup,5,radi,1.3379765216579087,0.9974151849746704,AU-Preston
LWup,5,radi,1.162532111268068,0.9790874719619751,AU-Preston
Qh,5,radi,0.8124046443589221,0.9300879836082458,AU-Preston
Qle,5,radi,0.5652260522747203,0.44991227984428406,AU-Preston
Qtau,5,radi,0.3027380343261923,0.8840838670730591,AU-Preston
SWup,6,radi,1.3379765216579087,0.9974151849746704,AU-Preston
LWup,6,radi,1.1626230683623568,0.9796885848045349,AU-Preston
Qh,6,radi,0.8159171807319643,0.9310948848724365,AU-Preston
Qle,6,radi,0.5609965506150822,0.44920462369918823,AU-Preston
Qtau,6,radi,0.30295442435190717,0.8846912980079651,AU-Preston
SWup,7,radi,1.3379765216579087,0.9974151849746704,AU-Preston
LWup,7,radi,1.1635895742802962,0.979764997959137,AU-Preston
Qh,7,radi,0.8163672625218713,0.931232750415802,AU-Preston
Qle,7,radi,0.5605709804006794,0.4489978551864624,AU-Preston
Qtau,7,radi,0.3032002766213299,0.8846517205238342,AU-Preston
SWup,8,radi,1.3379765216579087,0.9974151849746704,AU-Preston
LWup,8,radi,1.1606504797755282,0.9789206981658936,AU-Preston
Qh,8,radi,0.8134147048866174,0.9302126169204712,AU-Preston
Qle,8,radi,0.5636202092164082,0.44842976331710815,AU-Preston
Qtau,8,radi,0.3026297510149022,0.8839687705039978,AU-Preston
SWup,9,radi,1.3379765216579087,0.9974151849746704,AU-Preston
LWup,9,radi,1.1614530083364607,0.9791010022163391,AU-Preston
Qh,9,radi,0.8138729076601969,0.9303812980651855,AU-Preston
Qle,9,radi,0.5633707148357151,0.4481653869152069,AU-Preston
Qtau,9,radi,0.30271492956963814,0.8841738700866699,AU-Preston
SWup,10,radi,1.3379765216579087,0.9974151849746704,AU-Preston
LWup,10,radi,1.1615778718284933,0.979690670967102,AU-Preston
Qh,10,radi,0.8173469484612845,0.9313578009605408,AU-Preston
Qle,10,radi,0.5593103188945668,0.4473261833190918,AU-Preston
Qtau,10,radi,0.3029353813232568,0.8847872614860535,AU-Preston
SWup,11,radi,1.3379765216579087,0.9974151849746704,AU-Preston
LWup,11,radi,1.1625243579279696,0.9797617197036743,AU-Preston
Qh,11,radi,0.8177914932168693,0.9314953684806824,AU-Preston
Qle,11,radi,0.55903387340169,0.4470631778240204,AU-Preston
Qtau,11,radi,0.3030279475135279,0.8848883509635925,AU-Preston
SWup,12,radi,1.3379765216579087,0.9974151849746704,AU-Preston
LWup,12,radi,1.1616403614352566,0.9790882468223572,AU-Preston
Qh,12,radi,0.8134634835223132,0.9302981495857239,AU-Preston
Qle,12,radi,0.5642759362097914,0.4497978091239929,AU-Preston
Qtau,12,radi,0.30272864525951615,0.8840923309326172,AU-Preston
SWup,13,radi,1.3379765216579087,0.9974151849746704,AU-Preston
LWup,13,radi,1.1624867484424177,0.9792494177818298,AU-Preston
Qh,13,radi,0.8139280670687784,0.9304656982421875,AU-Preston
Qle,13,radi,0.5640217593414377,0.4495416581630707,AU-Preston
Qtau,13,radi,0.3028130585611688,0.884296178817749,AU-Preston
SWup,14,radi,1.3379765216579087,0.9974151849746704,AU-Preston
LWup,14,radi,1.162701064649317,0.979743480682373,AU-Preston
Qh,14,radi,0.8174224103290475,0.9314230680465698,AU-Preston
Qle,14,radi,0.559908855198966,0.4487355649471283,AU-Preston
Qtau,14,radi,0.3030369245208515,0.8847951292991638,AU-Preston
SWup,15,radi,1.3379765216579087,0.9974151849746704,AU-Preston
LWup,15,radi,1.163716289316233,0.979794442653656,AU-Preston
Qh,15,radi,0.8178947457235638,0.931562066078186,AU-Preston
Qle,15,radi,0.5594674503125507,0.44851061701774597,AU-Preston
Qtau,15,radi,0.303355446400379,0.884834885597229,AU-Preston
SWup,16,radi,1.2307100027058544,0.9972142577171326,AU-Preston
LWup,16,radi,1.166916682954467,0.9783881902694702,AU-Preston
Qh,16,radi,0.8325229575989732,0.9317033290863037,AU-Preston
Qle,16,radi,0.560607510953268,0.44524383544921875,AU-Preston
Qtau,16,radi,0.3032430424955633,0.8837065696716309,AU-Preston
SWup,17,radi,1.2307100027058544,0.9972142577171326,AU-Preston
LWup,17,radi,1.1673623264278845,0.9786229133605957,AU-Preston
Qh,17,radi,0.8330832000050624,0.9318318963050842,AU-Preston
Qle,17,radi,0.5603375351570824,0.444987028837204,AU-Preston
Qtau,17,radi,0.3033186259539468,0.883897066116333,AU-Preston
SWup,18,radi,1.2307100027058544,0.9972142577171326,AU-Preston
LWup,18,radi,1.1675494480836925,0.9793959259986877,AU-Preston
Qh,18,radi,0.8364596835347583,0.9326291084289551,AU-Preston
Qle,18,radi,0.5562225221079544,0.44418418407440186,AU-Preston
Qtau,18,radi,0.3035615643750908,0.8844699263572693,AU-Preston
SWup,19,radi,1.2307100027058544,0.9972142577171326,AU-Preston
LWup,19,radi,1.168140553475076,0.9795242547988892,AU-Preston
Qh,19,radi,0.8369543252675442,0.93272864818573,AU-Preston
Qle,19,radi,0.5559289908967435,0.44393548369407654,AU-Preston
Qtau,19,radi,0.30365074579210877,0.8846532106399536,AU-Preston
SWup,20,radi,1.2307100027058544,0.9972142577171326,AU-Preston
LWup,20,radi,1.1680189301848756,0.9785928726196289,AU-Preston
Qh,20,radi,0.8325720526366303,0.9317829608917236,AU-Preston
Qle,20,radi,0.5611548615910263,0.44663527607917786,AU-Preston
Qtau,20,radi,0.3033051751593669,0.883857250213623,AU-Preston
SWup,21,radi,1.2307100027058544,0.9972142577171326,AU-Preston
LWup,21,radi,1.1685091264334855,0.9788095951080322,AU-Preston
Qh,21,radi,0.8331330860476227,0.9319112300872803,AU-Preston
Qle,21,radi,0.5608834560276162,0.44638925790786743,AU-Preston
Qtau,21,radi,0.30338149443802287,0.8840479850769043,AU-Preston
SWup,22,radi,1.2307100027058544,0.9972142577171326,AU-Preston
LWup,22,radi,1.1687862794116302,0.9794888496398926,AU-Preston
Qh,22,radi,0.8365243350021779,0.9326893091201782,AU-Preston
Qle,22,radi,0.5567202955671997,0.44561663269996643,AU-Preston
Qtau,22,radi,0.30362628712625334,0.8845943212509155,AU-Preston
SWup,23,radi,1.2307100027058544,0.9972142577171326,AU-Preston
LWup,23,radi,1.169421821856712,0.9795971512794495,AU-Preston
Qh,23,radi,0.8370211388150325,0.9327895641326904,AU-Preston
Qle,23,radi,0.556421831659064,0.4453924596309662,AU-Preston
Qtau,23,radi,0.3037090816233066,0.8847723007202148,AU-Preston
SWup,24,radi,1.2307100027058544,0.9972142577171326,AU-Preston
LWup,24,radi,1.1669287179898435,0.978611946105957,AU-Preston
Qh,24,radi,0.8340584035833577,0.9320286512374878,AU-Preston
Qle,24,radi,0.5594351018290941,0.4448246657848358,AU-Preston
Qtau,24,radi,0.30331109115435717,0.8839080929756165,AU-Preston
SWup,25,radi,1.2307100027058544,0.9972142577171326,AU-Preston
LWup,25,radi,1.1674248160346479,0.9788252711296082,AU-Preston
Qh,25,radi,0.8346409523277165,0.9321572780609131,AU-Preston
Qle,25,radi,0.5591537236392923,0.4445507228374481,AU-Preston
Qtau,25,radi,0.3033882051189074,0.8840987682342529,AU-Preston
SWup,26,radi,1.2307100027058544,0.9972142577171326,AU-Preston
LWup,26,radi,1.1677324037657162,0.9794946312904358,AU-Preston
Qh,26,radi,0.8379827898426533,0.9329115748405457,AU-Preston
Qle,26,radi,0.5551688194076031,0.44365087151527405,AU-Preston
Qtau,26,radi,0.30364026771142943,0.8846542835235596,AU-Preston
SWup,27,radi,1.2307100027058544,0.9972142577171326,AU-Preston
LWup,27,radi,1.1683744266144624,0.9795985817909241,AU-Preston
Qh,27,radi,0.8385014781244957,0.9330138564109802,AU-Preston
Qle,27,radi,0.5548618126403003,0.4433974325656891,AU-Preston
Qtau,27,radi,0.30372488704275835,0.8848329782485962,AU-Preston
SWup,28,radi,1.2307100027058544,0.9972142577171326,AU-Preston
LWup,28,radi,1.168065450225466,0.9787958860397339,AU-Preston
Qh,28,radi,0.8341018033857119,0.932105302810669,AU-Preston
Qle,28,radi,0.559988528977557,0.4462239146232605,AU-Preston
Qtau,28,radi,0.3033741951009204,0.8840608596801758,AU-Preston
SWup,29,radi,1.2307100027058544,0.9972142577171326,AU-Preston
LWup,29,radi,1.1686047123875347,0.9789902567863464,AU-Preston
Qh,29,radi,0.8346904692346553,0.9322347044944763,AU-Preston
Qle,29,radi,0.5596970351846412,0.44595977663993835,AU-Preston
Qtau,29,radi,0.3034551647636981,0.8842539191246033,AU-Preston
SWup,30,radi,1.2307100027058544,0.9972142577171326,AU-Preston
LWup,30,radi,1.1689994384035896,0.9795640110969543,AU-Preston
Qh,30,radi,0.8380498670584426,0.932970404624939,AU-Preston
Qle,30,radi,0.5556605163561439,0.445099413394928,AU-Preston
Qtau,30,radi,0.3036990450347908,0.8847712874412537,AU-Preston
SWup,31,radi,1.2307100027058544,0.9972142577171326,AU-Preston
LWup,31,radi,1.1696880970144201,0.9796478748321533,AU-Preston
Qh,31,radi,0.8385685553402851,0.9330703020095825,AU-Preston
Qle,31,radi,0.5553475760548591,0.44486427307128906,AU-Preston
Qtau,31,radi,0.3037836055004979,0.8849484920501709,AU-Preston
SWup,32,radi,1.0357152555299094,0.9974581599235535,AU-Preston
LWup,32,radi,1.207881166060691,0.976280152797699,AU-Preston
Qh,32,radi,0.8725974280739242,0.9340512156486511,AU-Preston
Qle,32,radi,0.5779398283893293,0.44896063208580017,AU-Preston
Qtau,32,radi,0.30400714769926074,0.8846879601478577,AU-Preston
SWup,33,radi,1.0357152555299094,0.9974581599235535,AU-Preston
LWup,33,radi,1.2084315374861843,0.9766098856925964,AU-Preston
Qh,33,radi,0.8731580396156349,0.9341251850128174,AU-Preston
Qle,33,radi,0.5776306054828284,0.4488039016723633,AU-Preston
Qtau,33,radi,0.30409297377583644,0.8848942518234253,AU-Preston
SWup,34,radi,1.0357152555299094,0.9974581599235535,AU-Preston
LWup,34,radi,1.2063063122487614,0.9778815507888794,AU-Preston
Qh,34,radi,0.8779541132782301,0.9346386194229126,AU-Preston
Qle,34,radi,0.5732212033621549,0.44852855801582336,AU-Preston
Qtau,34,radi,0.3043259050412754,0.8855012059211731,AU-Preston
SWup,35,radi,1.0357152555299094,0.9974581599235535,AU-Preston
LWup,35,radi,1.2069690492449345,0.9781053066253662,AU-Preston
Qh,35,radi,0.878520472788904,0.9346911907196045,AU-Preston
Qle,35,radi,0.5728573276034935,0.4484219253063202,AU-Preston
Qtau,35,radi,0.30441020061168444,0.8855854272842407,AU-Preston
SWup,36,radi,1.0357152555299094,0.9974581599235535,AU-Preston
LWup,36,radi,1.2087172538548854,0.9765830636024475,AU-Preston
Qh,36,radi,0.8727313188372017,0.9341015219688416,AU-Preston
Qle,36,radi,0.5785222440682711,0.45038163661956787,AU-Preston
Qtau,36,radi,0.3040676909912759,0.8848263025283813,AU-Preston
SWup,37,radi,1.0357152555299094,0.9974581599235535,AU-Preston
LWup,37,radi,1.2093050033229427,0.9768972992897034,AU-Preston
Qh,37,radi,0.8732944615946026,0.9341748952865601,AU-Preston
Qle,37,radi,0.5782114841620037,0.4502331614494324,AU-Preston
Qtau,37,radi,0.30413888896083574,0.8850065469741821,AU-Preston
SWup,38,radi,1.0357152555299094,0.9974581599235535,AU-Preston
LWup,38,radi,1.2072617089032762,0.9780775904655457,AU-Preston
Qh,38,radi,0.87809855077355,0.9346747398376465,AU-Preston
Qle,38,radi,0.5737251605646465,0.45003679394721985,AU-Preston
Qtau,38,radi,0.30437761849002143,0.8855690956115723,AU-Preston
SWup,39,radi,1.0357152555299094,0.9974581599235535,AU-Preston
LWup,39,radi,1.2079835795828866,0.9782845973968506,AU-Preston
Qh,39,radi,0.8786753515489458,0.9347308874130249,AU-Preston
Qle,39,radi,0.5734125777051678,0.4498695135116577,AU-Preston
Qtau,39,radi,0.3045437667075351,0.885684609413147,AU-Preston
SWup,40,radi,1.0357152555299094,0.9974581599235535,AU-Preston
LWup,40,radi,1.2075321500347684,0.9766311645507812,AU-Preston
Qh,40,radi,0.8742104980061403,0.9342646598815918,AU-Preston
Qle,40,radi,0.5769950739514927,0.44843921065330505,AU-Preston
Qtau,40,radi,0.3040839673357019,0.8848929405212402,AU-Preston
SWup,41,radi,1.0357152555299094,0.9974581599235535,AU-Preston
LWup,41,radi,1.208124181198104,0.9769421815872192,AU-Preston
Qh,41,radi,0.8747957361671699,0.9343374371528625,AU-Preston
Qle,41,radi,0.5766744843955562,0.4482646584510803,AU-Preston
Qtau,41,radi,0.30415272238195734,0.8850697875022888,AU-Preston
SWup,42,radi,1.0357152555299094,0.9974581599235535,AU-Preston
LWup,42,radi,1.2061211578583515,0.9780972003936768,AU-Preston
Qh,42,radi,0.8796130614948305,0.9348129034042358,AU-Preston
Qle,42,radi,0.5723045795944622,0.44794851541519165,AU-Preston
Qtau,42,radi,0.3044198840064696,0.8855710625648499,AU-Preston
SWup,43,radi,1.0357152555299094,0.9974581599235535,AU-Preston
LWup,43,radi,1.2068506661565663,0.9783008694648743,AU-Preston
Qh,43,radi,0.8802116940055539,0.9348682761192322,AU-Preston
Qle,43,radi,0.5719839185501646,0.44775447249412537,AU-Preston
Qtau,43,radi,0.30456419307829763,0.8857409358024597,AU-Preston
SWup,44,radi,1.0357152555299094,0.9974581599235535,AU-Preston
LWup,44,radi,1.2083998297968266,0.9769113063812256,AU-Preston
Qh,44,radi,0.8743448106386995,0.9343107342720032,AU-Preston
Qle,44,radi,0.577572056514981,0.44986873865127563,AU-Preston
Qtau,44,radi,0.30412429028663085,0.8850010633468628,AU-Preston
SWup,45,radi,1.0357152555299094,0.9974581599235535,AU-Preston
LWup,45,radi,1.2090338678624863,0.9772063493728638,AU-Preston
Qh,45,radi,0.8749370096428771,0.9343841075897217,AU-Preston
Qle,45,radi,0.5772422449604458,0.44970279932022095,AU-Preston
Qtau,45,radi,0.30421579689570966,0.8852108716964722,AU-Preston
SWup,46,radi,1.0357152555299094,0.9974581599235535,AU-Preston
LWup,46,radi,1.2071059477723438,0.9782727956771851,AU-Preston
Qh,46,radi,0.879758395462374,0.9348528385162354,AU-Preston
Qle,46,radi,0.5727994220308972,0.4494989216327667,AU-Preston
Qtau,46,radi,0.30453478970021153,0.8856753706932068,AU-Preston
SWup,47,radi,1.0357152555299094,0.9974581599235535,AU-Preston
LWup,47,radi,1.2078844062625231,0.9784589409828186,AU-Preston
Qh,47,radi,0.88036267047474,0.9349096417427063,AU-Preston
Qle,47,radi,0.5724798333120179,0.4493093490600586,AU-Preston
Qtau,47,radi,0.3046187026440789,0.8858764171600342,AU-Preston
SWup,48,radi,0.9284305370591311,0.9972164630889893,AU-Preston
LWup,48,radi,1.2141753738411794,0.9758351445198059,AU-Preston
Qh,48,radi,0.8943544398050542,0.9349208474159241,AU-Preston
Qle,48,radi,0.5735452243594303,0.4453210234642029,AU-Preston
Qtau,48,radi,0.3045367616985416,0.8847308158874512,AU-Preston
SWup,49,radi,0.9284305370591311,0.9972164630889893,AU-Preston
LWup,49,radi,1.2144070482721798,0.9762071371078491,AU-Preston
Qh,49,radi,0.8950099192014859,0.9349650740623474,AU-Preston
Qle,49,radi,0.5732185582927893,0.44514429569244385,AU-Preston
Qtau,49,radi,0.3046205569111654,0.884901225566864,AU-Preston
SWup,50,radi,0.9284305370591311,0.9972164630889893,AU-Preston
LWup,50,radi,1.212435501178797,0.9775310158729553,AU-Preston
Qh,50,radi,0.8998308304180408,0.9353280067443848,AU-Preston
Qle,50,radi,0.5688343915636299,0.44483885169029236,AU-Preston
Qtau,50,radi,0.3048808606907386,0.8854376077651978,AU-Preston
SWup,51,radi,0.9284305370591311,0.9972164630889893,AU-Preston
LWup,51,radi,1.2128071986175448,0.9777948260307312,AU-Preston
Qh,51,radi,0.900495907340631,0.935356616973877,AU-Preston
Qle,51,radi,0.568511049705786,0.44464969635009766,AU-Preston
Qtau,51,radi,0.30495267674932736,0.8855894804000854,AU-Preston
SWup,52,radi,0.9284305370591311,0.9972164630889893,AU-Preston
LWup,52,radi,1.215110172069761,0.9761450290679932,AU-Preston
Qh,52,radi,0.8944880669000307,0.9349539279937744,AU-Preston
Qle,52,radi,0.5740284499371653,0.4467752277851105,AU-Preston
Qtau,52,radi,0.3045925074423806,0.8848361372947693,AU-Preston
SWup,53,radi,0.9284305370591311,0.9972164630889893,AU-Preston
LWup,53,radi,1.2153829276311336,0.9765019416809082,AU-Preston
Qh,53,radi,0.8951476595219588,0.9349973797798157,AU-Preston
Qle,53,radi,0.5736973158479474,0.44660887122154236,AU-Preston
Qtau,53,radi,0.30468110020318057,0.8849782943725586,AU-Preston
SWup,54,radi,0.9284305370591311,0.9972164630889893,AU-Preston
LWup,54,radi,1.213474217308996,0.9777349233627319,AU-Preston
Qh,54,radi,0.8999216377809254,0.9353569149971008,AU-Preston
Qle,54,radi,0.5692701488695081,0.4465564787387848,AU-Preston
Qtau,54,radi,0.3049217134322637,0.8855538368225098,AU-Preston
SWup,55,radi,0.9284305370591311,0.9972164630889893,AU-Preston
LWup,55,radi,1.213868711882063,0.9779813885688782,AU-Preston
Qh,55,radi,0.9005937810139839,0.9353790879249573,AU-Preston
Qle,55,radi,0.5688878291136494,0.4464418888092041,AU-Preston
Qtau,55,radi,0.30499791497967604,0.8857132792472839,AU-Preston
SWup,56,radi,0.9284305370591311,0.9972164630889893,AU-Preston
LWup,56,radi,1.2139770272004529,0.9761945605278015,AU-Preston
Qh,56,radi,0.8959951949088815,0.935096800327301,AU-Preston
Qle,56,radi,0.5726227385461169,0.44473886489868164,AU-Preston
Qtau,56,radi,0.30461043202421684,0.8849007487297058,AU-Preston
SWup,57,radi,0.9284305370591311,0.9972164630889893,AU-Preston
LWup,57,radi,1.2142552216720437,0.9765484929084778,AU-Preston
Qh,57,radi,0.8966768302007782,0.9351401925086975,AU-Preston
Qle,57,radi,0.5722822394815779,0.44454488158226013,AU-Preston
Qtau,57,radi,0.30470396949724754,0.8850488662719727,AU-Preston
SWup,58,radi,0.9284305370591311,0.9972164630889893,AU-Preston
LWup,58,radi,1.212400321844619,0.9777683615684509,AU-Preston
Qh,58,radi,0.9014909915088261,0.935469388961792,AU-Preston
Qle,58,radi,0.567974350833851,0.44418424367904663,AU-Preston
Qtau,58,radi,0.30494305222016405,0.8855853080749512,AU-Preston
SWup,59,radi,0.9284305370591311,0.9972164630889893,AU-Preston
LWup,59,radi,1.2128165720585593,0.9780049920082092,AU-Preston
Qh,59,radi,0.9022214581700787,0.9354934692382812,AU-Preston
Qle,59,radi,0.5676367827921224,0.4439738988876343,AU-Preston
Qtau,59,radi,0.3050239041516981,0.8857524394989014,AU-Preston
SWup,60,radi,0.9284305370591311,0.9972164630889893,AU-Preston
LWup,60,radi,1.214942838789428,0.9764829874038696,AU-Preston
Qh,60,radi,0.8961307204156256,0.9351269006729126,AU-Preston
Qle,60,radi,0.5730971710554206,0.4462002217769623,AU-Preston
Qtau,60,radi,0.3046708870177993,0.8849771022796631,AU-Preston
SWup,61,radi,0.9284305370591311,0.9972164630889893,AU-Preston
LWup,61,radi,1.2152657017577053,0.9768215417861938,AU-Preston
Qh,61,radi,0.8968183673447864,0.9351707100868225,AU-Preston
Qle,61,radi,0.5727542771307803,0.4460168480873108,AU-Preston
Qtau,61,radi,0.3047686922484101,0.8851871490478516,AU-Preston
SWup,62,radi,0.9284305370591311,0.9972164630889893,AU-Preston
LWup,62,radi,1.2134662325259098,0.9779500365257263,AU-Preston
Qh,62,radi,0.9015877050416543,0.9354936480522156,AU-Preston
Qle,62,radi,0.568399170420461,0.44591209292411804,AU-Preston
Qtau,62,radi,0.30498625958656084,0.8857067227363586,AU-Preston
SWup,63,radi,0.9284305370591311,0.9972164630889893,AU-Preston
LWup,63,radi,1.2139089829619774,0.978168785572052,AU-Preston
Qh,63,radi,0.9023223903957239,0.9355093836784363,AU-Preston
Qle,63,radi,0.5680089512006864,0.44577756524086,AU-Preston
Qtau,63,radi,0.3050694955757776,0.8858715891838074,AU-Preston
SWup,64,radi,1.3210839017071918,0.997439980506897,AU-Preston
LWup,64,radi,1.1617146546344086,0.9786699414253235,AU-Preston
Qh,64,radi,0.8137206655831657,0.9299277067184448,AU-Preston
Qle,64,radi,0.5668077322669367,0.4523896872997284,AU-Preston
Qtau,64,radi,0.3026487057451199,0.8837862014770508,AU-Preston
SWup,65,radi,1.3210839017071918,0.997439980506897,AU-Preston
LWup,65,radi,1.1624793422668012,0.9788745045661926,AU-Preston
Qh,65,radi,0.8141532925315427,0.9300937056541443,AU-Preston
Qle,65,radi,0.5665712130238069,0.45214736461639404,AU-Preston
Qtau,65,radi,0.30273070555627896,0.8839951753616333,AU-Preston
SWup,66,radi,1.3210839017071918,0.997439980506897,AU-Preston
LWup,66,radi,1.1624445100971055,0.9795863032341003,AU-Preston
Qh,66,radi,0.8176525400222114,0.9311104416847229,AU-Preston
Qle,66,radi,0.5623249830876409,0.45149779319763184,AU-Preston
Qtau,66,radi,0.30295439491909626,0.8846303820610046,AU-Preston
SWup,67,radi,1.3210839017071918,0.997439980506897,AU-Preston
LWup,67,radi,1.163377688224771,0.9796850085258484,AU-Preston
Qh,67,radi,0.8180971902451166,0.9312459230422974,AU-Preston
Qle,67,radi,0.561903773663273,0.4512893557548523,AU-Preston
Qtau,67,radi,0.30320110074003503,0.8845903873443604,AU-Preston
SWup,68,radi,1.3210839017071918,0.997439980506897,AU-Preston
LWup,68,radi,1.162680697666372,0.9788661003112793,AU-Preston
Qh,68,radi,0.8137662801992489,0.9300289154052734,AU-Preston
Qle,68,radi,0.5675112134856216,0.45373159646987915,AU-Preston
Qtau,68,radi,0.3027161363148849,0.8839470744132996,AU-Preston
SWup,69,radi,1.3210839017071918,0.997439980506897,AU-Preston
LWup,69,radi,1.163489128023499,0.9790528416633606,AU-Preston
Qh,69,radi,0.8142036004433846,0.9301948547363281,AU-Preston
Qle,69,radi,0.5672659011740605,0.4534969627857208,AU-Preston
Qtau,69,radi,0.3027993723041017,0.8841530084609985,AU-Preston
SWup,70,radi,1.3210839017071918,0.997439980506897,AU-Preston
LWup,70,radi,1.1635696701833271,0.979665994644165,AU-Preston
Qh,70,radi,0.8177566362674693,0.9311916828155518,AU-Preston
Qle,70,radi,0.5628071720841381,0.45291295647621155,AU-Preston
Qtau,70,radi,0.3031689895433464,0.8846153020858765,AU-Preston
SWup,71,radi,1.3210839017071918,0.997439980506897,AU-Preston
LWup,71,radi,1.1645214794715277,0.9797442555427551,AU-Preston
Qh,71,radi,0.8181795602223673,0.9313262701034546,AU-Preston
Qle,71,radi,0.5625327282653757,0.4526830017566681,AU-Preston
Qtau,71,radi,0.3032608199133451,0.8847161531448364,AU-Preston
SWup,72,radi,1.3210839017071918,0.997439980506897,AU-Preston
LWup,72,radi,1.1615805334228555,0.9788821339607239,AU-Preston
Qh,72,radi,0.8152204108795869,0.930307149887085,AU-Preston
Qle,72,radi,0.5656038682638215,0.45205721259117126,AU-Preston
Qtau,72,radi,0.30272169911614444,0.8840063214302063,AU-Preston
SWup,73,radi,1.3210839017071918,0.997439980506897,AU-Preston
LWup,73,radi,1.1623946341331888,0.9790652990341187,AU-Preston
Qh,73,radi,0.8156791937234288,0.9304730296134949,AU-Preston
Qle,73,radi,0.5653476897213534,0.4517972469329834,AU-Preston
Qtau,73,radi,0.3028059063881208,0.8842105269432068,AU-Preston
SWup,74,radi,1.3210839017071918,0.997439980506897,AU-Preston
LWup,74,radi,1.1625065368178926,0.9796691536903381,AU-Preston
Qh,74,radi,0.8191834509118178,0.931440532207489,AU-Preston
Qle,74,radi,0.5610710772316647,0.45108067989349365,AU-Preston
Qtau,74,radi,0.30319221203114416,0.8845948576927185,AU-Preston
SWup,75,radi,1.3210839017071918,0.997439980506897,AU-Preston
LWup,75,radi,1.1634647107882636,0.979743242263794,AU-Preston
Qh,75,radi,0.8196260972556348,0.9315761923789978,AU-Preston
Qle,75,radi,0.5607863390888851,0.4508249759674072,AU-Preston
Qtau,75,radi,0.3033567120112476,0.8847780823707581,AU-Preston
SWup,76,radi,1.3210839017071918,0.997439980506897,AU-Preston
LWup,76,radi,1.1625788627516465,0.97905433177948,AU-Preston
Qh,76,radi,0.8152681348420785,0.9304041862487793,AU-Preston
Qle,76,radi,0.566298020251366,0.45340484380722046,AU-Preston
Qtau,76,radi,0.30278992437180374,0.8841614723205566,AU-Preston
SWup,77,radi,1.3210839017071918,0.997439980506897,AU-Preston
LWup,77,radi,1.1634371690726901,0.9792182445526123,AU-Preston
Qh,77,radi,0.8157319273836405,0.9305688738822937,AU-Preston
Qle,77,radi,0.5660401617324089,0.45315423607826233,AU-Preston
Qtau,77,radi,0.302870158214309,0.8843657374382019,AU-Preston
SWup,78,radi,1.3210839017071918,0.997439980506897,AU-Preston
LWup,78,radi,1.163548493149924,0.9797234535217285,AU-Preston
Qh,78,radi,0.8190466597972286,0.9314186573028564,AU-Preston
Qle,78,radi,0.5615745340156277,0.45359793305397034,AU-Preston
Qtau,78,radi,0.30324575031416584,0.884711742401123,AU-Preston
SWup,79,radi,1.3210839017071918,0.997439980506897,AU-Preston
LWup,79,radi,1.16464113549633,0.9797775745391846,AU-Preston
Qh,79,radi,0.8197122640564208,0.9316527247428894,AU-Preston
Qle,79,radi,0.5613981364842925,0.45223093032836914,AU-Preston
Qtau,79,radi,0.30341422372374033,0.8849040865898132,AU-Preston
SWup,80,radi,1.2152428191343385,0.9972547888755798,AU-Preston
LWup,80,radi,1.1678625904464732,0.9783506989479065,AU-Preston
Qh,80,radi,0.8342008899332497,0.9317840933799744,AU-Preston
Qle,80,radi,0.5624842591564616,0.4485216438770294,AU-Preston
Qtau,80,radi,0.3033075003514278,0.8837618231773376,AU-Preston
SWup,81,radi,1.2152428191343385,0.9972547888755798,AU-Preston
LWup,81,radi,1.1683213104487136,0.9785880446434021,AU-Preston
Qh,81,radi,0.8347586011236489,0.9319103956222534,AU-Preston
Qle,81,radi,0.5622105302213115,0.4482710361480713,AU-Preston
Qtau,81,radi,0.3033821419598626,0.883952260017395,AU-Preston
SWup,82,radi,1.2152428191343385,0.9972547888755798,AU-Preston
LWup,82,radi,1.1684871393496243,0.9793733358383179,AU-Preston
Qh,82,radi,0.8381442075765614,0.9327026009559631,AU-Preston
Qle,82,radi,0.5580679226647487,0.4475037455558777,AU-Preston
Qtau,82,radi,0.30362999566042637,0.8845133781433105,AU-Preston
SWup,83,radi,1.2152428191343385,0.9972547888755798,AU-Preston
LWup,83,radi,1.1690912055483365,0.9795040488243103,AU-Preston
Qh,83,radi,0.8386363180936571,0.9328004121780396,AU-Preston
Qle,83,radi,0.5577716391516304,0.4472717344760895,AU-Preston
Qtau,83,radi,0.3037152919464059,0.8846950531005859,AU-Preston
SWup,84,radi,1.2152428191343385,0.9972547888755798,AU-Preston
LWup,84,radi,1.1689288482922457,0.9785621762275696,AU-Preston
Qh,84,radi,0.8342540981964034,0.9318645596504211,AU-Preston
Qle,84,radi,0.5630912310874859,0.4498758912086487,AU-Preston
Qtau,84,radi,0.30337078089485636,0.8839139938354492,AU-Preston
SWup,85,radi,1.2152428191343385,0.9972547888755798,AU-Preston
LWup,85,radi,1.1694317739051965,0.9787812829017639,AU-Preston
Qh,85,radi,0.8348137605322303,0.931990921497345,AU-Preston
Qle,85,radi,0.5628152860131377,0.4496346116065979,AU-Preston
Qtau,85,radi,0.3034469824422687,0.8841039538383484,AU-Preston
SWup,86,radi,1.2152428191343385,0.9972547888755798,AU-Preston
LWup,86,radi,1.1696225986488127,0.9794650077819824,AU-Preston
Qh,86,radi,0.8381635080961989,0.9327520132064819,AU-Preston
Qle,86,radi,0.5585008919245389,0.44923415780067444,AU-Preston
Qtau,86,radi,0.30368150307949615,0.8846446871757507,AU-Preston
SWup,87,radi,1.2152428191343385,0.9972547888755798,AU-Preston
LWup,87,radi,1.1702705232937531,0.979576051235199,AU-Preston
Qh,87,radi,0.8386587826329073,0.9328504800796509,AU-Preston
Qle,87,radi,0.5581988535983416,0.44902247190475464,AU-Preston
Qtau,87,radi,0.3037630613984918,0.884822428226471,AU-Preston
SWup,88,radi,1.2152428191343385,0.9972547888755798,AU-Preston
LWup,88,radi,1.1678701123435835,0.9785794615745544,AU-Preston
Qh,88,radi,0.8357356503800515,0.9321075677871704,AU-Preston
Qle,88,radi,0.5612992680807112,0.44812843203544617,AU-Preston
Qtau,88,radi,0.30337660859141397,0.8839667439460754,AU-Preston
SWup,89,radi,1.2152428191343385,0.9972547888755798,AU-Preston
LWup,89,radi,1.1683809070181268,0.9787933230400085,AU-Preston
Qh,89,radi,0.8363151933057782,0.9322325587272644,AU-Preston
Qle,89,radi,0.5610967058091657,0.4477859437465668,AU-Preston
Qtau,89,radi,0.3034758265969478,0.8841404914855957,AU-Preston
SWup,90,radi,1.2152428191343385,0.9972547888755798,AU-Preston
LWup,90,radi,1.1686634989064897,0.9794747829437256,AU-Preston
Qh,90,radi,0.8396707943060303,0.9329832196235657,AU-Preston
Qle,90,radi,0.5569935955721825,0.4470028877258301,AU-Preston
Qtau,90,radi,0.30370602061097335,0.8846960067749023,AU-Preston
SWup,91,radi,1.2152428191343385,0.9972547888755798,AU-Preston
LWup,91,radi,1.1693183668410705,0.9795815944671631,AU-Preston
Qh,91,radi,0.8401872677741439,0.9330831170082092,AU-Preston
Qle,91,radi,0.5566823352473865,0.4467628300189972,AU-Preston
Qtau,91,radi,0.30378958036111,0.8848748803138733,AU-Preston
SWup,92,radi,1.2152428191343385,0.9972547888755798,AU-Preston
LWup,92,radi,1.168968887929172,0.978767991065979,AU-Preston
Qh,92,radi,0.8357880676383019,0.9321846961975098,AU-Preston
Qle,92,radi,0.5619036306865506,0.4494892656803131,AU-Preston
Qtau,92,radi,0.30343980083640987,0.8841166496276855,AU-Preston
SWup,93,radi,1.2152428191343385,0.9972547888755798,AU-Preston
LWup,93,radi,1.1695234253284494,0.9789630174636841,AU-Preston
Qh,93,radi,0.8363730948646907,0.9323101043701172,AU-Preston
Qle,93,radi,0.5616940982997851,0.4491542875766754,AU-Preston
Qtau,93,radi,0.30354416958385066,0.8842930793762207,AU-Preston
SWup,94,radi,1.2152428191343385,0.9972547888755798,AU-Preston
LWup,94,radi,1.1698288143511317,0.9795430898666382,AU-Preston
Qh,94,radi,0.8396928369759988,0.9330308437347412,AU-Preston
Qle,94,radi,0.5574188440889598,0.4487527012825012,AU-Preston
Qtau,94,radi,0.30375317197403034,0.8848216533660889,AU-Preston
SWup,95,radi,1.2152428191343385,0.9972547888755798,AU-Preston
LWup,95,radi,1.1705299708833148,0.9796299934387207,AU-Preston
Qh,95,radi,0.8402094159114327,0.9331274628639221,AU-Preston
Qle,95,radi,0.5571037233926575,0.44852155447006226,AU-Preston
Qtau,95,radi,0.30382725435905816,0.8849848508834839,AU-Preston
SWup,96,radi,1.0188325538354281,0.997481644153595,AU-Preston
LWup,96,radi,1.2089421007177394,0.9762194752693176,AU-Preston
Qh,96,radi,0.8745086541209773,0.9341123104095459,AU-Preston
Qle,96,radi,0.5798823458848547,0.45238450169563293,AU-Preston
Qtau,96,radi,0.3040744605377822,0.88475102186203,AU-Preston
SWup,97,radi,1.0188325538354281,0.997481644153595,AU-Preston
LWup,97,radi,1.2095052015075733,0.9765509366989136,AU-Preston
Qh,97,radi,0.8750681055221634,0.9341837763786316,AU-Preston
Qle,97,radi,0.5795709783275169,0.4522317349910736,AU-Preston
Qtau,97,radi,0.30415175109919773,0.8849464058876038,AU-Preston
SWup,98,radi,1.0188325538354281,0.997481644153595,AU-Preston
LWup,98,radi,1.20722051205141,0.9778282046318054,AU-Preston
Qh,98,radi,0.8796723341289084,0.9345961213111877,AU-Preston
Qle,98,radi,0.5748894200156403,0.45325496792793274,AU-Preston
Qtau,98,radi,0.3043926586563898,0.8854953050613403,AU-Preston
SWup,99,radi,1.0188325538354281,0.997481644153595,AU-Preston
LWup,99,radi,1.2079119479780966,0.9780536890029907,AU-Preston
Qh,99,radi,0.8802406447850102,0.9346528053283691,AU-Preston
Qle,99,radi,0.5745804473184036,0.45307523012161255,AU-Preston
Qtau,99,radi,0.304544944019971,0.8855950236320496,AU-Preston
SWup,100,radi,1.0188325538354281,0.997481644153595,AU-Preston
LWup,100,radi,1.2096048377139126,0.9765326380729675,AU-Preston
Qh,100,radi,0.8744025012629711,0.9340632557868958,AU-Preston
Qle,100,radi,0.5803060574018656,0.45505693554878235,AU-Preston
Qtau,100,radi,0.3041307360722173,0.8848870396614075,AU-Preston
SWup,101,radi,1.0188325538354281,0.997481644153595,AU-Preston
LWup,101,radi,1.2102102925705527,0.9768483638763428,AU-Preston
Qh,101,radi,0.8749662240906344,0.934134840965271,AU-Preston
Qle,101,radi,0.5799918660542592,0.45490574836730957,AU-Preston
Qtau,101,radi,0.3041976662841971,0.885064423084259,AU-Preston
SWup,102,radi,1.0188325538354281,0.997481644153595,AU-Preston
LWup,102,radi,1.2081215196037418,0.9780307412147522,AU-Preston
Qh,102,radi,0.8797988421797563,0.934630274772644,AU-Preston
Qle,102,radi,0.5754181121911176,0.4548890292644501,AU-Preston
Qtau,102,radi,0.304528932570843,0.8855708837509155,AU-Preston
SWup,103,radi,1.0188325538354281,0.997481644153595,AU-Preston
LWup,103,radi,1.208857508305621,0.9782399535179138,AU-Preston
Qh,103,radi,0.8803729535384813,0.9346859455108643,AU-Preston
Qle,103,radi,0.5751026340530091,0.45471757650375366,AU-Preston
Qtau,103,radi,0.3046053695807426,0.885732889175415,AU-Preston
SWup,104,radi,1.0188325538354281,0.997481644153595,AU-Preston
LWup,104,radi,1.2084888196257173,0.9765791893005371,AU-Preston
Qh,104,radi,0.875899398941741,0.9342369437217712,AU-Preston
Qle,104,radi,0.5787967951195754,0.45298370718955994,AU-Preston
Qtau,104,radi,0.30413918328894474,0.8849387168884277,AU-Preston
SWup,105,radi,1.0188325538354281,0.997481644153595,AU-Preston
LWup,105,radi,1.2091925220307687,0.9768862128257751,AU-Preston
Qh,105,radi,0.8767089660933112,0.9343944191932678,AU-Preston
Qle,105,radi,0.5785918737321092,0.45171672105789185,AU-Preston
Qtau,105,radi,0.3042224192781615,0.8851338028907776,AU-Preston
SWup,106,radi,1.0188325538354281,0.997481644153595,AU-Preston
LWup,106,radi,1.20703304323112,0.9780548214912415,AU-Preston
Qh,106,radi,0.881302173365072,0.9347707629203796,AU-Preston
Qle,106,radi,0.5739836982230353,0.45269128680229187,AU-Preston
Qtau,106,radi,0.3045387631296826,0.8855942487716675,AU-Preston
SWup,107,radi,1.0188325538354281,0.997481644153595,AU-Preston
LWup,107,radi,1.2077779424880375,0.9782604575157166,AU-Preston
Qh,107,radi,0.8818991183986686,0.9348257184028625,AU-Preston
Qle,107,radi,0.5736597129699403,0.4524928629398346,AU-Preston
Qtau,107,radi,0.30462238174544104,0.8857935070991516,AU-Preston
SWup,108,radi,1.0188325538354281,0.997481644153595,AU-Preston
LWup,108,radi,1.2092817433026475,0.9768633842468262,AU-Preston
Qh,108,radi,0.8760172586723141,0.9342697858810425,AU-Preston
Qle,108,radi,0.5793326003869951,0.4545777440071106,AU-Preston
Qtau,108,radi,0.3041897194252549,0.885060727596283,AU-Preston
SWup,109,radi,1.0188325538354281,0.997481644153595,AU-Preston
LWup,109,radi,1.209929667947588,0.9771597981452942,AU-Preston
Qh,109,radi,0.8766085084706079,0.9343417882919312,AU-Preston
Qle,109,radi,0.5790004654607199,0.45440876483917236,AU-Preston
Qtau,109,radi,0.3042791951703818,0.88526850938797,AU-Preston
SWup,110,radi,1.0188325538354281,0.997481644153595,AU-Preston
LWup,110,radi,1.207952681943987,0.9782241582870483,AU-Preston
Qh,110,radi,0.8814506713522282,0.9348157644271851,AU-Preston
Qle,110,radi,0.5744557358722377,0.45431432127952576,AU-Preston
Qtau,110,radi,0.3045919482189735,0.8856966495513916,AU-Preston
SWup,111,radi,1.0188325538354281,0.997481644153595,AU-Preston
LWup,111,radi,1.2087419025331088,0.9784122705459595,AU-Preston
Qh,111,radi,0.8820528897518459,0.9348717927932739,AU-Preston
Qle,111,radi,0.574127282596566,0.4541259706020355,AU-Preston
Qtau,111,radi,0.3046759200284627,0.8858981728553772,AU-Preston
SWup,112,radi,0.9129674941188592,0.9972658753395081,AU-Preston
LWup,112,radi,1.2150866806064777,0.9757712483406067,AU-Preston
Qh,112,radi,0.8960257804318043,0.9349507093429565,AU-Preston
Qle,112,radi,0.5752107959435502,0.4489698112010956,AU-Preston
Qtau,112,radi,0.30458388362878774,0.8847610354423523,AU-Preston
SWup,113,radi,0.9129674941188592,0.9972658753395081,AU-Preston
LWup,113,radi,1.215334324603651,0.9761450886726379,AU-Preston
Qh,113,radi,0.8966798887530704,0.9349931478500366,AU-Preston
Qle,113,radi,0.5748797690868741,0.4487977921962738,AU-Preston
Qtau,113,radi,0.30467062212250123,0.8849024176597595,AU-Preston
SWup,114,radi,0.9129674941188592,0.9972658753395081,AU-Preston
LWup,114,radi,1.2132986678025888,0.9774799346923828,AU-Preston
Qh,114,radi,0.9015176747408932,0.9353444576263428,AU-Preston
Qle,114,radi,0.5705282367946163,0.4485095143318176,AU-Preston
Qtau,114,radi,0.3049546193148465,0.8854533433914185,AU-Preston
SWup,115,radi,0.9129674941188592,0.9972658753395081,AU-Preston
LWup,115,radi,1.2137263744444355,0.9777447581291199,AU-Preston
Qh,115,radi,0.9021757908203354,0.935381293296814,AU-Preston
Qle,115,radi,0.5701686145934481,0.44831904768943787,AU-Preston
Qtau,115,radi,0.30500662709170157,0.885642945766449,AU-Preston
SWup,116,radi,0.9129674941188592,0.9972658753395081,AU-Preston
LWup,116,radi,1.2159460284209676,0.9760875105857849,AU-Preston
Qh,116,radi,0.8961722745398725,0.9349768161773682,AU-Preston
Qle,116,radi,0.575796929017276,0.45037874579429626,AU-Preston
Qtau,116,radi,0.3046746544175941,0.8848733305931091,AU-Preston
SWup,117,radi,0.9129674941188592,0.9972658753395081,AU-Preston
LWup,117,radi,1.2162326705616207,0.9764460325241089,AU-Preston
Qh,117,radi,0.8968289140768287,0.9350185990333557,AU-Preston
Qle,117,radi,0.575463936230666,0.45021599531173706,AU-Preston
Qtau,117,radi,0.30476430675958643,0.8850163817405701,AU-Preston
SWup,118,radi,0.9129674941188592,0.9972658753395081,AU-Preston
LWup,118,radi,1.214320025708687,0.9776926040649414,AU-Preston
Qh,118,radi,0.9016646961855634,0.9353747963905334,AU-Preston
Qle,118,radi,0.5710097466516818,0.4500352740287781,AU-Preston
Qtau,118,radi,0.30500403700434264,0.8855619430541992,AU-Preston
SWup,119,radi,0.9129674941188592,0.9972658753395081,AU-Preston
LWup,119,radi,1.2147456493636417,0.9779409766197205,AU-Preston
Qh,119,radi,0.9023357847454178,0.9353991746902466,AU-Preston
Qle,119,radi,0.5706790414926313,0.4498592019081116,AU-Preston
Qtau,119,radi,0.3050887152012933,0.8857374787330627,AU-Preston
SWup,120,radi,0.9129674941188592,0.9972658753395081,AU-Preston
LWup,120,radi,1.2148823164480629,0.9761335253715515,AU-Preston
Qh,120,radi,0.8976699104898852,0.9351246953010559,AU-Preston
Qle,120,radi,0.5742663632033391,0.4484122693538666,AU-Preston
Qtau,120,radi,0.3046605561011745,0.8849015831947327,AU-Preston
SWup,121,radi,0.9129674941188592,0.9972658753395081,AU-Preston
LWup,121,radi,1.2151745132204286,0.9764894247055054,AU-Preston
Qh,121,radi,0.8983486981641303,0.9351666569709778,AU-Preston
Qle,121,radi,0.5739224684416416,0.4482232332229614,AU-Preston
Qtau,121,radi,0.3047630705815288,0.8851146697998047,AU-Preston
SWup,122,radi,0.9129674941188592,0.9972658753395081,AU-Preston
LWup,122,radi,1.2132568923432527,0.9777195453643799,AU-Preston
Qh,122,radi,0.9031813162532524,0.9354842305183411,AU-Preston
Qle,122,radi,0.569646034672856,0.447879821062088,AU-Preston
Qtau,122,radi,0.3050241101813744,0.8856180906295776,AU-Preston
SWup,123,radi,0.9129674941188592,0.9972658753395081,AU-Preston
LWup,123,radi,1.2137290360387978,0.977957546710968,AU-Preston
Qh,123,radi,0.9039045056693958,0.9355160593986511,AU-Preston
Qle,123,radi,0.5692725437296093,0.44766953587532043,AU-Preston
Qtau,123,radi,0.3050784431502903,0.8858069777488708,AU-Preston
SWup,124,radi,0.9129674941188592,0.9972658753395081,AU-Preston
LWup,124,radi,1.2157704789145602,0.9764279723167419,AU-Preston
Qh,124,radi,0.8978159827286716,0.9351471066474915,AU-Preston
Qle,124,radi,0.574839950069669,0.44983237981796265,AU-Preston
Qtau,124,radi,0.30475527088664106,0.8850166201591492,AU-Preston
SWup,125,radi,0.9129674941188592,0.9972658753395081,AU-Preston
LWup,125,radi,1.216108385677058,0.9767677187919617,AU-Preston
Qh,125,radi,0.8985044733963957,0.9351896643638611,AU-Preston
Qle,125,radi,0.5744977710286411,0.44964903593063354,AU-Preston
Qtau,125,radi,0.3048426863350052,0.8852069973945618,AU-Preston
SWup,126,radi,0.9129674941188592,0.9972658753395081,AU-Preston
LWup,126,radi,1.2142922525501256,0.9778994917869568,AU-Preston
Qh,126,radi,0.9033508022371728,0.93552166223526,AU-Preston
Qle,126,radi,0.5700737495380959,0.4493965208530426,AU-Preston
Qtau,126,radi,0.3050693189789122,0.8856958150863647,AU-Preston
SWup,127,radi,0.9129674941188592,0.9972658753395081,AU-Preston
LWup,127,radi,1.2147680993334788,0.9781268835067749,AU-Preston
Qh,127,radi,0.9040507888428231,0.9355401992797852,AU-Preston
Qle,127,radi,0.5697340368455303,0.4492035508155823,AU-Preston
Qtau,127,radi,0.3051575879787924,0.8858690857887268,AU-Preston
SWup,128,radi,1.2988360974454232,0.9974693059921265,AU-Preston
LWup,128,radi,1.1663057891876085,0.9784973859786987,AU-Preston
Qh,128,radi,0.8219098866120839,0.9308436512947083,AU-Preston
Qle,128,radi,0.5680556688447502,0.44819584488868713,AU-Preston
Qtau,128,radi,0.302740977607282,0.883946418762207,AU-Preston
SWup,129,radi,1.2988360974454232,0.9974693059921265,AU-Preston
LWup,129,radi,1.167087140715138,0.978712260723114,AU-Preston
Qh,129,radi,0.8223620250147391,0.930998682975769,AU-Preston
Qle,129,radi,0.5678353774596197,0.44793814420700073,AU-Preston
Qtau,129,radi,0.30282571466985453,0.8841485977172852,AU-Preston
SWup,130,radi,1.2988360974454232,0.9974693059921265,AU-Preston
LWup,130,radi,1.1669962993423433,0.9794729351997375,AU-Preston
Qh,130,radi,0.8258870065315912,0.9319291114807129,AU-Preston
Qle,130,radi,0.5636804381607445,0.44705408811569214,AU-Preston
Qtau,130,radi,0.3033008779689759,0.8845336437225342,AU-Preston
SWup,131,radi,1.2988360974454232,0.9974693059921265,AU-Preston
LWup,131,radi,1.1679086476010876,0.9795815944671631,AU-Preston
Qh,131,radi,0.8263184206057832,0.9320530891418457,AU-Preston
Qle,131,radi,0.5634042071329514,0.4468471109867096,AU-Preston
Qtau,131,radi,0.30338046428964144,0.8847284913063049,AU-Preston
SWup,132,radi,1.2988360974454232,0.9974693059921265,AU-Preston
LWup,132,radi,1.1672431332890583,0.9787038564682007,AU-Preston
Qh,132,radi,0.8219581379111776,0.9309237599372864,AU-Preston
Qle,132,radi,0.5687128613495387,0.44955936074256897,AU-Preston
Qtau,132,radi,0.3028406371049793,0.8840699195861816,AU-Preston
SWup,133,radi,1.2988360974454232,0.9974693059921265,AU-Preston
LWup,133,radi,1.168068806148792,0.9789011478424072,AU-Preston
Qh,133,radi,0.8224154442125335,0.9310786128044128,AU-Preston
Qle,133,radi,0.5684852066632013,0.4493085741996765,AU-Preston
Qtau,133,radi,0.3029247266457121,0.8842750191688538,AU-Preston
SWup,134,radi,1.2988360974454232,0.9974693059921265,AU-Preston
LWup,134,radi,1.1680040021121487,0.9795607328414917,AU-Preston
Qh,134,radi,0.8259047777750825,0.931980311870575,AU-Preston
Qle,134,radi,0.564163627994299,0.44878536462783813,AU-Preston
Qtau,134,radi,0.3033791986787729,0.8846449255943298,AU-Preston
SWup,135,radi,1.2988360974454232,0.9974693059921265,AU-Preston
LWup,135,radi,1.169025707182729,0.9796550869941711,AU-Preston
Qh,135,radi,0.8263936715389053,0.932115375995636,AU-Preston
Qle,135,radi,0.5639868015327962,0.44826650619506836,AU-Preston
Qtau,135,radi,0.3034681446333037,0.884828507900238,AU-Preston
SWup,136,radi,1.2988360974454232,0.9974693059921265,AU-Preston
LWup,136,radi,1.1660108150993869,0.9787287712097168,AU-Preston
Qh,136,radi,0.8233730874819782,0.9311800599098206,AU-Preston
Qle,136,radi,0.5668730011407398,0.44785284996032715,AU-Preston
Qtau,136,radi,0.30281691425939633,0.8841536641120911,AU-Preston
SWup,137,radi,1.2988360974454232,0.9974693059921265,AU-Preston
LWup,137,radi,1.166841695426351,0.9789221286773682,AU-Preston
Qh,137,radi,0.8238511708454577,0.9313341379165649,AU-Preston
Qle,137,radi,0.5666379474090152,0.44757741689682007,AU-Preston
Qtau,137,radi,0.30290138642667075,0.884358823299408,AU-Preston
SWup,138,radi,1.2988360974454232,0.9974693059921265,AU-Preston
LWup,138,radi,1.1668658812185984,0.9795750975608826,AU-Preston
Qh,138,radi,0.8273550588982251,0.9322226047515869,AU-Preston
Qle,138,radi,0.5625898832101791,0.4466119408607483,AU-Preston
Qtau,138,radi,0.30337263516194285,0.8847285509109497,AU-Preston
SWup,139,radi,1.2988360974454232,0.9974693059921265,AU-Preston
LWup,139,radi,1.167840487641118,0.9796605110168457,AU-Preston
Qh,139,radi,0.827815107349912,0.932348906993866,AU-Preston
Qle,139,radi,0.5623198359256324,0.4463442862033844,AU-Preston
Qtau,139,radi,0.3034514562295251,0.8849210739135742,AU-Preston
SWup,140,radi,1.2988360974454232,0.9974693059921265,AU-Preston
LWup,140,radi,1.1669820655985805,0.9789130687713623,AU-Preston
Qh,140,radi,0.8234200204395667,0.9312576055526733,AU-Preston
Qle,140,radi,0.5675289783433873,0.44922301173210144,AU-Preston
Qtau,140,radi,0.30291616169774105,0.8842825889587402,AU-Preston
SWup,141,radi,1.2988360974454232,0.9974693059921265,AU-Preston
LWup,141,radi,1.167878444291152,0.9790874123573303,AU-Preston
Qh,141,radi,0.8239337517573492,0.9314125180244446,AU-Preston
Qle,141,radi,0.56713046647371,0.44898486137390137,AU-Preston
Qtau,141,radi,0.3031512709911864,0.8843408226966858,AU-Preston
SWup,142,radi,1.2988360974454232,0.9974693059921265,AU-Preston
LWup,142,radi,1.1679054073992554,0.9796384572982788,AU-Preston
Qh,142,radi,0.8273749922217851,0.9322700500488281,AU-Preston
Qle,142,radi,0.5630586323947651,0.4483520984649658,AU-Preston
Qtau,142,radi,0.30344845408281357,0.8848370313644409,AU-Preston
SWup,143,radi,1.2988360974454232,0.9974693059921265,AU-Preston
LWup,143,radi,1.1689266495838597,0.9797044992446899,AU-Preston
Qh,143,radi,0.8278382046930848,0.9323949217796326,AU-Preston
Qle,143,radi,0.5627807928788442,0.44809216260910034,AU-Preston
Qtau,143,radi,0.3035311014158124,0.885026216506958,AU-Preston
SWup,144,radi,1.1948590692823902,0.9973053336143494,AU-Preston
LWup,144,radi,1.1720659422732584,0.9781765341758728,AU-Preston
Qh,144,radi,0.8419792102817981,0.9325145483016968,AU-Preston
Qle,144,radi,0.5638044347232982,0.4447014033794403,AU-Preston
Qtau,144,radi,0.3034100148317821,0.8838837146759033,AU-Preston
SWup,145,radi,1.1948590692823902,0.9973053336143494,AU-Preston
LWup,145,radi,1.172544797815456,0.9784217476844788,AU-Preston
Qh,145,radi,0.8425500521535899,0.9326300024986267,AU-Preston
Qle,145,radi,0.5636338277492225,0.4443589746952057,AU-Preston
Qtau,145,radi,0.30350670161557874,0.8840513825416565,AU-Preston
SWup,146,radi,1.1948590692823902,0.9973053336143494,AU-Preston
LWup,146,radi,1.1726093704091114,0.9792500734329224,AU-Preston
Qh,146,radi,0.8459194693728175,0.9333488345146179,AU-Preston
Qle,146,radi,0.5595897311544348,0.4435257911682129,AU-Preston
Qtau,146,radi,0.3037367484655498,0.8845999240875244,AU-Preston
SWup,147,radi,1.1948590692823902,0.9973053336143494,AU-Preston
LWup,147,radi,1.1732302162244543,0.9793914556503296,AU-Preston
Qh,147,radi,0.8464229176268587,0.9334398508071899,AU-Preston
Qle,147,radi,0.5593081384995494,0.4432905316352844,AU-Preston
Qtau,147,radi,0.3038199550219557,0.8847861289978027,AU-Preston
SWup,148,radi,1.1948590692823902,0.9973053336143494,AU-Preston
LWup,148,radi,1.173150715558072,0.9783920645713806,AU-Preston
Qh,148,radi,0.8420281471184746,0.9325838088989258,AU-Preston
Qle,148,radi,0.5644356412087795,0.44601455330848694,AU-Preston
Qtau,148,radi,0.30349298592570073,0.8840141892433167,AU-Preston
SWup,149,radi,1.1948590692823902,0.9973053336143494,AU-Preston
LWup,149,radi,1.1736723880530517,0.9786213636398315,AU-Preston
Qh,149,radi,0.8426008874020341,0.9327009916305542,AU-Preston
Qle,149,radi,0.5641763171784173,0.4457584619522095,AU-Preston
Qtau,149,radi,0.30357451481188547,0.884192168712616,AU-Preston
SWup,150,radi,1.1948590692823902,0.9973053336143494,AU-Preston
LWup,150,radi,1.173826181918586,0.9793558716773987,AU-Preston
Qh,150,radi,0.8459827497650716,0.9334018230438232,AU-Preston
Qle,150,radi,0.5600825719167553,0.44497501850128174,AU-Preston
Qtau,150,radi,0.30379602614669643,0.8847253918647766,AU-Preston
SWup,151,radi,1.1948590692823902,0.9973053336143494,AU-Preston
LWup,151,radi,1.1744915805091214,0.979478120803833,AU-Preston
Qh,151,radi,0.8464878854962395,0.9334924817085266,AU-Preston
Qle,151,radi,0.5598004788433412,0.44474589824676514,AU-Preston
Qtau,151,radi,0.30386872518961205,0.8848915696144104,AU-Preston
SWup,152,radi,1.1948590692823902,0.9973053336143494,AU-Preston
LWup,152,radi,1.1719222161777028,0.978420615196228,AU-Preston
Qh,152,radi,0.8434860218886877,0.9327930808067322,AU-Preston
Qle,152,radi,0.5627403304663879,0.44422072172164917,AU-Preston
Qtau,152,radi,0.30350116824713014,0.8840596675872803,AU-Preston
SWup,153,radi,1.1948590692823902,0.9973053336143494,AU-Preston
LWup,153,radi,1.1724493275829009,0.9786459803581238,AU-Preston
Qh,153,radi,0.8440811212441769,0.9329102039337158,AU-Preston
Qle,153,radi,0.562472427832678,0.44393593072891235,AU-Preston
Qtau,153,radi,0.30358605247375714,0.8842381834983826,AU-Preston
SWup,154,radi,1.1948590692823902,0.9973053336143494,AU-Preston
LWup,154,radi,1.172638532225601,0.9793692827224731,AU-Preston
Qh,154,radi,0.8474047129126805,0.9335901141166687,AU-Preston
Qle,154,radi,0.5585448930108761,0.4430365264415741,AU-Preston
Qtau,154,radi,0.3038015595151451,0.8847724795341492,AU-Preston
SWup,155,radi,1.1948590692823902,0.9973053336143494,AU-Preston
LWup,155,radi,1.1732969875264958,0.9794882535934448,AU-Preston
Qh,155,radi,0.8479557796618928,0.9336836338043213,AU-Preston
Qle,155,radi,0.558257402566189,0.4427731931209564,AU-Preston
Qtau,155,radi,0.30388076320926893,0.8850691914558411,AU-Preston
SWup,156,radi,1.1948590692823902,0.9973053336143494,AU-Preston
LWup,156,radi,1.1730404329742843,0.9786168932914734,AU-Preston
Qh,156,radi,0.8435288943544398,0.9328616261482239,AU-Preston
Qle,156,radi,0.56329021894097,0.4456181824207306,AU-Preston
Qtau,156,radi,0.3035691874731131,0.8842018842697144,AU-Preston
SWup,157,radi,1.1948590692823902,0.9973053336143494,AU-Preston
LWup,157,radi,1.1736102456107704,0.978823721408844,AU-Preston
Qh,157,radi,0.8441306908847759,0.9329795837402344,AU-Preston
Qle,157,radi,0.5630124509134103,0.4453430771827698,AU-Preston
Qtau,157,radi,0.30364512412522743,0.8843724131584167,AU-Preston
SWup,158,radi,1.1948590692823902,0.9973053336143494,AU-Preston
LWup,158,radi,1.173883232615131,0.9794515371322632,AU-Preston
Qh,158,radi,0.8474668331644098,0.9336427450180054,AU-Preston
Qle,158,radi,0.559035267424734,0.4444873332977295,AU-Preston
Qtau,158,radi,0.30385898292920516,0.8848875164985657,AU-Preston
SWup,159,radi,1.1948590692823902,0.9973053336143494,AU-Preston
LWup,159,radi,1.1745930682593648,0.9795507788658142,AU-Preston
Qh,159,radi,0.8480192182551276,0.9337330460548401,AU-Preston
Qle,159,radi,0.5587447387246948,0.4442332983016968,AU-Preston
Qtau,159,radi,0.30393194686741887,0.8851243257522583,AU-Preston
SWup,160,radi,0.9965997713986379,0.997505784034729,AU-Preston
LWup,160,radi,1.213563901466851,0.9759427905082703,AU-Preston
Qh,160,radi,0.8829362840277126,0.9346289038658142,AU-Preston
Qle,160,radi,0.5816328098979353,0.4481033682823181,AU-Preston
Qtau,160,radi,0.3041803303585788,0.8848505616188049,AU-Preston
SWup,161,radi,0.9965997713986379,0.997505784034729,AU-Preston
LWup,161,radi,1.2141423932153876,0.9762816429138184,AU-Preston
Qh,161,radi,0.883510764522059,0.9346935749053955,AU-Preston
Qle,161,radi,0.5813330949434781,0.4479376971721649,AU-Preston
Qtau,161,radi,0.3042545010420392,0.8850376605987549,AU-Preston
SWup,162,radi,0.9965997713986379,0.997505784034729,AU-Preston
LWup,162,radi,1.2118685815796608,0.9776017069816589,AU-Preston
Qh,162,radi,0.8883690639037041,0.935130774974823,AU-Preston
Qle,162,radi,0.5769457112380634,0.44762271642684937,AU-Preston
Qtau,162,radi,0.30458538470214347,0.8855178952217102,AU-Preston
SWup,163,radi,0.9965997713986379,0.997505784034729,AU-Preston
LWup,163,radi,1.212588137829391,0.977845311164856,AU-Preston
Qh,163,radi,0.8889205525221983,0.9351820349693298,AU-Preston
Qle,163,radi,0.5766808111155252,0.4474198520183563,AU-Preston
Qtau,163,radi,0.3046742129254307,0.8857261538505554,AU-Preston
SWup,164,radi,0.9965997713986379,0.997505784034729,AU-Preston
LWup,164,radi,1.2143795065566063,0.9762580990791321,AU-Preston
Qh,164,radi,0.8830726532730201,0.9346727728843689,AU-Preston
Qle,164,radi,0.582204001904164,0.4495258033275604,AU-Preston
Qtau,164,radi,0.30424425842384706,0.8849930763244629,AU-Preston
SWup,165,radi,0.9965997713986379,0.997505784034729,AU-Preston
LWup,165,radi,1.2150001209289611,0.9765821099281311,AU-Preston
Qh,165,radi,0.8836505087216201,0.9347367286682129,AU-Preston
Qle,165,radi,0.5819020708105086,0.4493689239025116,AU-Preston
Qtau,165,radi,0.3043199007478524,0.8851783275604248,AU-Preston
SWup,166,radi,0.9965997713986379,0.997505784034729,AU-Preston
LWup,166,radi,1.2128033798082425,0.9778130054473877,AU-Preston
Qh,166,radi,0.8885085971686243,0.9351668953895569,AU-Preston
Qle,166,radi,0.5774391953956348,0.44916510581970215,AU-Preston
Qtau,166,radi,0.30464324960836703,0.8856502771377563,AU-Preston
SWup,167,radi,0.9965997713986379,0.997505784034729,AU-Preston
LWup,167,radi,1.213563785745357,0.9780383110046387,AU-Preston
Qh,167,radi,0.8890730582675305,0.9352098107337952,AU-Preston
Qle,167,radi,0.5771623924609518,0.4489407241344452,AU-Preston
Qtau,167,radi,0.3047318718019779,0.8858615756034851,AU-Preston
SWup,168,radi,0.9965997713986379,0.997505784034729,AU-Preston
LWup,168,radi,1.2130374843906169,0.9763187170028687,AU-Preston
Qh,168,radi,0.8845109111216344,0.9348018169403076,AU-Preston
Qle,168,radi,0.5806760454154121,0.447613924741745,AU-Preston
Qtau,168,radi,0.30424887937515793,0.8850359916687012,AU-Preston
SWup,169,radi,0.9965997713986379,0.997505784034729,AU-Preston
LWup,169,radi,1.2136599503068761,0.9766393899917603,AU-Preston
Qh,169,radi,0.8851148697320392,0.9348652362823486,AU-Preston
Qle,169,radi,0.5803661076252989,0.4474300146102905,AU-Preston
Qtau,169,radi,0.30439274695482255,0.8852061629295349,AU-Preston
SWup,170,radi,0.9965997713986379,0.997505784034729,AU-Preston
LWup,170,radi,1.211513200871568,0.9778506755828857,AU-Preston
Qh,170,radi,0.8899460112786752,0.9352656006813049,AU-Preston
Qle,170,radi,0.5760566819778056,0.4470566511154175,AU-Preston
Qtau,170,radi,0.30466968027255253,0.8857143521308899,AU-Preston
SWup,171,radi,0.9965997713986379,0.997505784034729,AU-Preston
LWup,171,radi,1.2122738382516705,0.978065550327301,AU-Preston
Qh,171,radi,0.8905635224397545,0.9353139400482178,AU-Preston
Qle,171,radi,0.5757453859088291,0.4468521475791931,AU-Preston
Qtau,171,radi,0.30474685310272454,0.8859000205993652,AU-Preston
SWup,172,radi,0.9965997713986379,0.997505784034729,AU-Preston
LWup,172,radi,1.213885722941682,0.9766112565994263,AU-Preston
Qh,172,radi,0.8846455401561549,0.9348418712615967,AU-Preston
Qle,172,radi,0.5812410179342137,0.4490453004837036,AU-Preston
Qtau,172,radi,0.3043125131123173,0.8851734399795532,AU-Preston
SWup,173,radi,0.9965997713986379,0.997505784034729,AU-Preston
LWup,173,radi,1.2145500800387714,0.9769159555435181,AU-Preston
Qh,173,radi,0.885258305287815,0.934904158115387,AU-Preston
Qle,173,radi,0.5809227160058366,0.4488692283630371,AU-Preston
Qtau,173,radi,0.30449196496035635,0.8853334784507751,AU-Preston
SWup,174,radi,0.9965997713986379,0.997505784034729,AU-Preston
LWup,174,radi,1.2124820212193874,0.9780387282371521,AU-Preston
Qh,174,radi,0.8900900796383736,0.9352984428405762,AU-Preston
Qle,174,radi,0.5765407654158753,0.4486086964607239,AU-Preston
Qtau,174,radi,0.3047263384335293,0.8858524560928345,AU-Preston
SWup,175,radi,0.9965997713986379,0.997505784034729,AU-Preston
LWup,175,radi,1.2132846655018141,0.9782363176345825,AU-Preston
Qh,175,radi,0.8907115985576289,0.935347318649292,AU-Preston
Qle,175,radi,0.57622489409178,0.4484128952026367,AU-Preston
Qtau,175,radi,0.30478929521603804,0.8860000967979431,AU-Preston
SWup,176,radi,0.8925914477668998,0.9973254799842834,AU-Preston
LWup,176,radi,1.219474955380685,0.9755131602287292,AU-Preston
Qh,176,radi,0.9040929757709925,0.9353731274604797,AU-Preston
Qle,176,radi,0.5771553151131901,0.44452783465385437,AU-Preston
Qtau,176,radi,0.30470385176600395,0.8848533630371094,AU-Preston
SWup,177,radi,0.8925914477668998,0.9973254799842834,AU-Preston
LWup,177,radi,1.2197453965121774,0.9758949875831604,AU-Preston
Qh,177,radi,0.9047592128341073,0.9354090690612793,AU-Preston
Qle,177,radi,0.5768350829990597,0.44434550404548645,AU-Preston
Qtau,177,radi,0.30479276828772384,0.8849957585334778,AU-Preston
SWup,178,radi,0.8925914477668998,0.9973254799842834,AU-Preston
LWup,178,radi,1.217631396259673,0.9772692918777466,AU-Preston
Qh,178,radi,0.9096109205082259,0.9357104897499084,AU-Preston
Qle,178,radi,0.5724977054023254,0.4439893364906311,AU-Preston
Qtau,178,radi,0.3050443893880824,0.8855449557304382,AU-Preston
SWup,179,radi,0.8925914477668998,0.9973254799842834,AU-Preston
LWup,179,radi,1.2180357271597304,0.9775372743606567,AU-Preston
Qh,179,radi,0.9103199773034326,0.9357319474220276,AU-Preston
Qle,179,radi,0.5721801183575607,0.4437936842441559,AU-Preston
Qtau,179,radi,0.30512688955702677,0.88572096824646,AU-Preston
SWup,180,radi,0.8925914477668998,0.9973254799842834,AU-Preston
LWup,180,radi,1.2203908910057435,0.9758340120315552,AU-Preston
Qh,180,radi,0.9042289231470183,0.935400664806366,AU-Preston
Qle,180,radi,0.5776297476224937,0.4459809958934784,AU-Preston
Qtau,180,radi,0.3047634532080704,0.8849294781684875,AU-Preston
SWup,181,radi,0.8925914477668998,0.9973254799842834,AU-Preston
LWup,181,radi,1.2207017189386442,0.9762012958526611,AU-Preston
Qh,181,radi,0.90489937890295,0.9354363679885864,AU-Preston
Qle,181,radi,0.5773055836484957,0.44580888748168945,AU-Preston
Qtau,181,radi,0.3048652318681523,0.8851402997970581,AU-Preston
SWup,182,radi,0.8925914477668998,0.9973254799842834,AU-Preston
LWup,182,radi,1.2186489353564691,0.9774845242500305,AU-Preston
Qh,182,radi,0.9097029934789556,0.9357349276542664,AU-Preston
Qle,182,radi,0.5729232041283671,0.44570866227149963,AU-Preston
Qtau,182,radi,0.30509065776681255,0.8856762647628784,AU-Preston
SWup,183,radi,0.8925914477668998,0.9973254799842834,AU-Preston
LWup,183,radi,1.219096546095285,0.9777360558509827,AU-Preston
Qh,183,radi,0.91042143686568,0.9357521533966064,AU-Preston
Qle,183,radi,0.572601006084303,0.4455203413963318,AU-Preston
Qtau,183,radi,0.3051721866529973,0.8858428597450256,AU-Preston
SWup,184,radi,0.8925914477668998,0.9973254799842834,AU-Preston
LWup,184,radi,1.2191056880933113,0.975895881652832,AU-Preston
Qh,184,radi,0.9057201255904852,0.9355161190032959,AU-Preston
Qle,184,radi,0.5762330437649603,0.4439612329006195,AU-Preston
Qtau,184,radi,0.3047854689506214,0.8849971294403076,AU-Preston
SWup,185,radi,0.8925914477668998,0.9973254799842834,AU-Preston
LWup,185,radi,1.21942021911402,0.9762593507766724,AU-Preston
Qh,185,radi,0.9064149442974347,0.9355515241622925,AU-Preston
Qle,185,radi,0.5759015522339362,0.44376006722450256,AU-Preston
Qtau,185,radi,0.30487532732229,0.885185718536377,AU-Preston
SWup,186,radi,0.8925914477668998,0.9973254799842834,AU-Preston
LWup,186,radi,1.2174262220508,0.9775283336639404,AU-Preston
Qh,186,radi,0.9112515701447328,0.935819685459137,AU-Preston
Qle,186,radi,0.5716425258811101,0.4433501660823822,AU-Preston
Qtau,186,radi,0.3051244760665332,0.885729193687439,AU-Preston
SWup,187,radi,0.8925914477668998,0.9973254799842834,AU-Preston
LWup,187,radi,1.2178778830419061,0.977776050567627,AU-Preston
Qh,187,radi,0.9119947983517567,0.9358356595039368,AU-Preston
Qle,187,radi,0.571312714326575,0.4431334137916565,AU-Preston
Qtau,187,radi,0.30520715283234295,0.8858950734138489,AU-Preston
SWup,188,radi,0.8925914477668998,0.9973254799842834,AU-Preston
LWup,188,radi,1.2200684909234425,0.9761959314346313,AU-Preston
Qh,188,radi,0.9058590260514828,0.9355452656745911,AU-Preston
Qle,188,radi,0.576751763314046,0.44535696506500244,AU-Preston
Qtau,188,radi,0.30485799139667163,0.8851380944252014,AU-Preston
SWup,189,radi,0.8925914477668998,0.9973254799842834,AU-Preston
LWup,189,radi,1.2204075549008806,0.9765422940254211,AU-Preston
Qh,189,radi,0.9065590126571331,0.9355766773223877,AU-Preston
Qle,189,radi,0.576364653837985,0.44523170590400696,AU-Preston
Qtau,189,radi,0.30494184547491726,0.8853236436843872,AU-Preston
SWup,190,radi,0.8925914477668998,0.9973254799842834,AU-Preston
LWup,190,radi,1.2184710714201816,0.9777213335037231,AU-Preston
Qh,190,radi,0.9113489164814836,0.9358382821083069,AU-Preston
Qle,190,radi,0.5720573013529673,0.4450801908969879,AU-Preston
Qtau,190,radi,0.30516865471568966,0.8858486413955688,AU-Preston
SWup,191,radi,0.8925914477668998,0.9973254799842834,AU-Preston
LWup,191,radi,1.2189642764276358,0.9779520630836487,AU-Preston
Qh,191,radi,0.9121003711395006,0.9358513951301575,AU-Preston
Qle,191,radi,0.5717283476587669,0.4448731541633606,AU-Preston
Qtau,191,radi,0.3052542158969673,0.8860061764717102,AU-Preston
SWup,192,radi,1.282013964519605,0.9974890947341919,AU-Preston
LWup,192,radi,1.167237925821828,0.9784523844718933,AU-Preston
Qh,192,radi,0.8237112157112558,0.9309304356575012,AU-Preston
Qle,192,radi,0.5700187749883099,0.45180344581604004,AU-Preston
Qtau,192,radi,0.3028324547835499,0.8839823603630066,AU-Preston
SWup,193,radi,1.282013964519605,0.9974890947341919,AU-Preston
LWup,193,radi,1.1680536466330773,0.9786697030067444,AU-Preston
Qh,193,radi,0.8241934650338919,0.9310857653617859,AU-Preston
Qle,193,radi,0.5696330595352928,0.45158058404922485,AU-Preston
Qtau,193,radi,0.30307197899862987,0.8840395212173462,AU-Preston
SWup,194,radi,1.282013964519605,0.9974890947341919,AU-Preston
LWup,194,radi,1.167895802515253,0.9794439077377319,AU-Preston
Qh,194,radi,0.8276899703742296,0.9320025444030762,AU-Preston
Qle,194,radi,0.5655433533660402,0.4508051574230194,AU-Preston
Qtau,194,radi,0.30339014768442657,0.8845759630203247,AU-Preston
SWup,195,radi,1.282013964519605,0.9974890947341919,AU-Preston
LWup,195,radi,1.1688503891193096,0.9795569181442261,AU-Preston
Qh,195,radi,0.8281435325857106,0.9321512579917908,AU-Preston
Qle,195,radi,0.5654508831707891,0.45086175203323364,AU-Preston
Qtau,195,radi,0.3034655839787556,0.8848574757575989,AU-Preston
SWup,196,radi,1.282013964519605,0.9974890947341919,AU-Preston
LWup,196,radi,1.1682051260687314,0.9786632061004639,AU-Preston
Qh,196,radi,0.8237898943322917,0.9310252070426941,AU-Preston
Qle,196,radi,0.570553150488505,0.45317789912223816,AU-Preston
Qtau,196,radi,0.30305620301198904,0.8839943408966064,AU-Preston
SWup,197,radi,1.282013964519605,0.9974890947341919,AU-Preston
LWup,197,radi,1.1690429496853358,0.9788634181022644,AU-Preston
Qh,197,radi,0.8242468314980261,0.9311773777008057,AU-Preston
Qle,197,radi,0.5703202771517979,0.4529320299625397,AU-Preston
Qtau,197,radi,0.30314067517926346,0.8842003345489502,AU-Preston
SWup,198,radi,1.282013964519605,0.9974890947341919,AU-Preston
LWup,198,radi,1.1689041996140226,0.9795400500297546,AU-Preston
Qh,198,radi,0.8275710032367921,0.9320048689842224,AU-Preston
Qle,198,radi,0.5662125559155153,0.4536081850528717,AU-Preston
Qtau,198,radi,0.30344003629889704,0.8847886323928833,AU-Preston
SWup,199,radi,1.282013964519605,0.9974890947341919,AU-Preston
LWup,199,radi,1.1699743919905914,0.9796319603919983,AU-Preston
Qh,199,radi,0.8282248478897571,0.932224690914154,AU-Preston
Qle,199,radi,0.5660657545657293,0.45226383209228516,AU-Preston
Qtau,199,radi,0.3035232428553029,0.8849794864654541,AU-Preston
SWup,200,radi,1.282013964519605,0.9974890947341919,AU-Preston
LWup,200,radi,1.1669601942362133,0.9786891937255859,AU-Preston
Qh,200,radi,0.8252044747674709,0.9312667846679688,AU-Preston
Qle,200,radi,0.5686637488453736,0.4515182375907898,AU-Preston
Qtau,200,radi,0.3030637378115787,0.8840491771697998,AU-Preston
SWup,201,radi,1.282013964519605,0.9974890947341919,AU-Preston
LWup,201,radi,1.16780299387706,0.9788851737976074,AU-Preston
Qh,201,radi,0.8256829272665718,0.9314179420471191,AU-Preston
Qle,201,radi,0.5684217607426096,0.4512471556663513,AU-Preston
Qtau,201,radi,0.3031442954150038,0.8842544555664062,AU-Preston
SWup,202,radi,1.282013964519605,0.9974890947341919,AU-Preston
LWup,202,radi,1.1677798495782588,0.9795505404472351,AU-Preston
Qh,202,radi,0.8291810146167159,0.9323179721832275,AU-Preston
Qle,202,radi,0.564599957207067,0.45068585872650146,AU-Preston
Qtau,202,radi,0.30345831407446405,0.884860634803772,AU-Preston
SWup,203,radi,1.282013964519605,0.9974890947341919,AU-Preston
LWup,203,radi,1.1687674168081073,0.9796391725540161,AU-Preston
Qh,203,radi,0.8296373717121881,0.9324414730072021,AU-Preston
Qle,203,radi,0.5643253346674014,0.45042628049850464,AU-Preston
Qtau,203,radi,0.30353834188729306,0.8850445747375488,AU-Preston
SWup,204,radi,1.282013964519605,0.9974890947341919,AU-Preston
LWup,204,radi,1.167937115088613,0.9788761138916016,AU-Preston
Qh,204,radi,0.8252568392920612,0.9313554763793945,AU-Preston
Qle,204,radi,0.5693485358575969,0.4528672993183136,AU-Preston
Qtau,204,radi,0.3031316098735072,0.8842076063156128,AU-Preston
SWup,205,radi,1.282013964519605,0.9974890947341919,AU-Preston
LWup,205,radi,1.1688240046186762,0.9790531992912292,AU-Preston
Qh,205,radi,0.8257386140117554,0.9315050840377808,AU-Preston
Qle,205,radi,0.5691057613828594,0.45260488986968994,AU-Preston
Qtau,205,radi,0.3032117554175798,0.8844085335731506,AU-Preston
SWup,206,radi,1.282013964519605,0.9974890947341919,AU-Preston
LWup,206,radi,1.168800281712405,0.9796205163002014,AU-Preston
Qh,206,radi,0.8290411122161743,0.9322911500930786,AU-Preston
Qle,206,radi,0.565089116318784,0.4532114565372467,AU-Preston
Qtau,206,radi,0.3035096448966685,0.8849726319313049,AU-Preston
SWup,207,radi,1.282013964519605,0.9974890947341919,AU-Preston
LWup,207,radi,1.169834716147326,0.9796891212463379,AU-Preston
Qh,207,radi,0.8295033754815901,0.9324149489402771,AU-Preston
Qle,207,radi,0.5648078811057048,0.4529505968093872,AU-Preston
Qtau,207,radi,0.3035932929452378,0.8851608633995056,AU-Preston
SWup,208,radi,1.17943656601081,0.9973414540290833,AU-Preston
LWup,208,radi,1.1730123126512408,0.9781346917152405,AU-Preston
Qh,208,radi,0.8436568789477736,0.932584822177887,AU-Preston
Qle,208,radi,0.5657342630347052,0.44790637493133545,AU-Preston
Qtau,208,radi,0.30349592920679047,0.8839156031608582,AU-Preston
SWup,209,radi,1.17943656601081,0.9973414540290833,AU-Preston
LWup,209,radi,1.173503087507321,0.9783838987350464,AU-Preston
Qh,209,radi,0.8442257169404774,0.9327002763748169,AU-Preston
Qle,209,radi,0.5654730088185898,0.4476461708545685,AU-Preston
Qtau,209,radi,0.30357283714166433,0.8840914964675903,AU-Preston
SWup,210,radi,1.17943656601081,0.9973414540290833,AU-Preston
LWup,210,radi,1.173545094409645,0.9792242646217346,AU-Preston
Qh,210,radi,0.8476045734848828,0.9334147572517395,AU-Preston
Qle,210,radi,0.5614002096467682,0.4468653202056885,AU-Preston
Qtau,210,radi,0.3037994697855714,0.884644627571106,AU-Preston
SWup,211,radi,1.17943656601081,0.9973414540290833,AU-Preston
LWup,211,radi,1.1741660559464822,0.9793698191642761,AU-Preston
Qh,211,radi,0.8481283769317658,0.9335050582885742,AU-Preston
Qle,211,radi,0.5611209761078033,0.4466281533241272,AU-Preston
Qtau,211,radi,0.30386984363642616,0.8849343061447144,AU-Preston
SWup,212,radi,1.17943656601081,0.9973414540290833,AU-Preston
LWup,212,radi,1.1740592450075145,0.9783588647842407,AU-Preston
Qh,212,radi,0.8437101926782477,0.9326574206352234,AU-Preston
Qle,212,radi,0.566337481826765,0.44926050305366516,AU-Preston
Qtau,212,radi,0.30355906258616455,0.8840574026107788,AU-Preston
SWup,213,radi,1.17943656601081,0.9973414540290833,AU-Preston
LWup,213,radi,1.1745941097528108,0.9785903692245483,AU-Preston
Qh,213,radi,0.8442814564193212,0.9327725768089294,AU-Preston
Qle,213,radi,0.5660732608436585,0.44900932908058167,AU-Preston
Qtau,213,radi,0.30364229857538133,0.8842352032661438,AU-Preston
SWup,214,radi,1.17943656601081,0.9973414540290833,AU-Preston
LWup,214,radi,1.1746601867258883,0.9793290495872498,AU-Preston
Qh,214,radi,0.8476220283264129,0.933457612991333,AU-Preston
Qle,214,radi,0.5618317133951531,0.4486031234264374,AU-Preston
Qtau,214,radi,0.3038485048485258,0.8847764134407043,AU-Preston
SWup,215,radi,1.17943656601081,0.9973414540290833,AU-Preston
LWup,215,radi,1.1753253538734356,0.9794552326202393,AU-Preston
Qh,215,radi,0.8481487848582677,0.9335480332374573,AU-Preston
Qle,215,radi,0.5615495488333778,0.4483722746372223,AU-Preston
Qtau,215,radi,0.3039175836557011,0.8850618600845337,AU-Preston
SWup,216,radi,1.17943656601081,0.9973414540290833,AU-Preston
LWup,216,radi,1.1728727525294693,0.9783859252929688,AU-Preston
Qh,216,radi,0.8451665909059748,0.9328659772872925,AU-Preston
Qle,216,radi,0.5645969189517147,0.4474868178367615,AU-Preston
Qtau,216,radi,0.3035684810856516,0.8841006755828857,AU-Preston
SWup,217,radi,1.17943656601081,0.9973414540290833,AU-Preston
LWup,217,radi,1.1734022940860416,0.9786128997802734,AU-Preston
Qh,217,radi,0.8457574188349869,0.9329792857170105,AU-Preston
Qle,217,radi,0.5642980261134116,0.44724857807159424,AU-Preston
Qtau,217,radi,0.30364391737998064,0.8842730522155762,AU-Preston
SWup,218,radi,1.17943656601081,0.9973414540290833,AU-Preston
LWup,218,radi,1.1735556250655996,0.9793478846549988,AU-Preston
Qh,218,radi,0.8491157619855699,0.9336562156677246,AU-Preston
Qle,218,radi,0.5603412525518664,0.44639304280281067,AU-Preston
Qtau,218,radi,0.30386101379315705,0.8849343061447144,AU-Preston
SWup,219,radi,1.17943656601081,0.9973414540290833,AU-Preston
LWup,219,radi,1.174239191930694,0.9794681668281555,AU-Preston
Qh,219,radi,0.8496422021154635,0.9337454438209534,AU-Preston
Qle,219,radi,0.5600515459679813,0.4461352527141571,AU-Preston
Qtau,219,radi,0.30394366112615584,0.8851147890090942,AU-Preston
SWup,220,radi,1.17943656601081,0.9973414540290833,AU-Preston
LWup,220,radi,1.173883116893637,0.9785731434822083,AU-Preston
Qh,220,radi,0.8451956471527515,0.9329214096069336,AU-Preston
Qle,220,radi,0.565051048766429,0.4491872489452362,AU-Preston
Qtau,220,radi,0.30362225483116045,0.8842366337776184,AU-Preston
SWup,221,radi,1.17943656601081,0.9973414540290833,AU-Preston
LWup,221,radi,1.1745258340713471,0.9787957668304443,AU-Preston
Qh,221,radi,0.8458143184543553,0.933048665523529,AU-Preston
Qle,221,radi,0.5648898067676745,0.4486265480518341,AU-Preston
Qtau,221,radi,0.3037112302185021,0.884416401386261,AU-Preston
SWup,222,radi,1.17943656601081,0.9973414540290833,AU-Preston
LWup,222,radi,1.1746972176039703,0.9794290065765381,AU-Preston
Qh,222,radi,0.8491336386963817,0.9336981773376465,AU-Preston
Qle,222,radi,0.5607666440453662,0.448135644197464,AU-Preston
Qtau,222,radi,0.3039077236640506,0.8850584626197815,AU-Preston
SWup,223,radi,1.17943656601081,0.9973414540290833,AU-Preston
LWup,223,radi,1.1754333220273434,0.9795296788215637,AU-Preston
Qh,223,radi,0.8496602370272559,0.9337840676307678,AU-Preston
Qle,223,radi,0.5604728268807104,0.4478890001773834,AU-Preston
Qtau,223,radi,0.3039838663458412,0.8851780891418457,AU-Preston
SWup,224,radi,0.9797908307165507,0.9975187182426453,AU-Preston
LWup,224,radi,1.214618818606211,0.9758802056312561,AU-Preston
Qh,224,radi,0.884846560868882,0.9346823692321777,AU-Preston
Qle,224,radi,0.583533149260335,0.45152974128723145,AU-Preston
Qtau,224,radi,0.30424820242050726,0.8849136233329773,AU-Preston
SWup,225,radi,0.9797908307165507,0.9975187182426453,AU-Preston
LWup,225,radi,1.2152092296686303,0.9762202501296997,AU-Preston
Qh,225,radi,0.8854198812227038,0.9347451329231262,AU-Preston
Qle,225,radi,0.5832310751899571,0.4513692557811737,AU-Preston
Qtau,225,radi,0.3043779128181304,0.8850647807121277,AU-Preston
SWup,226,radi,0.9797908307165507,0.9975187182426453,AU-Preston
LWup,226,radi,1.2127828971038035,0.9775546789169312,AU-Preston
Qh,226,radi,0.8900509512624966,0.9350857734680176,AU-Preston
Qle,226,radi,0.5786063143810777,0.4523284435272217,AU-Preston
Qtau,226,radi,0.30464872411119387,0.8855727314949036,AU-Preston
SWup,227,radi,0.9797908307165507,0.9975187182426453,AU-Preston
LWup,227,radi,1.213509975250644,0.9777916669845581,AU-Preston
Qh,227,radi,0.8906331308712339,0.9351344108581543,AU-Preston
Qle,227,radi,0.5783056700779244,0.45214083790779114,AU-Preston
Qtau,227,radi,0.3047369048126413,0.8857705593109131,AU-Preston
SWup,228,radi,0.9797908307165507,0.9975187182426453,AU-Preston
LWup,228,radi,1.215258989911053,0.9762055277824402,AU-Preston
Qh,228,radi,0.8847405662118564,0.9346278309822083,AU-Preston
Qle,228,radi,0.5839466736858706,0.4542010724544525,AU-Preston
Qtau,228,radi,0.30434786191820457,0.8849961161613464,AU-Preston
SWup,229,radi,0.9797908307165507,0.9975187182426453,AU-Preston
LWup,229,radi,1.2158934908626886,0.9765309691429138,AU-Preston
Qh,229,radi,0.8853184216604564,0.9346913695335388,AU-Preston
Qle,229,radi,0.5836410609416118,0.4540407061576843,AU-Preston
Qtau,229,radi,0.30443798518517123,0.8852006196975708,AU-Preston
SWup,230,radi,0.9797908307165507,0.9975187182426453,AU-Preston
LWup,230,radi,1.2136650420526123,0.9777708053588867,AU-Preston
Qh,230,radi,0.89017635190648,0.9351141452789307,AU-Preston
Qle,230,radi,0.5791251769068859,0.45396149158477783,AU-Preston
Qtau,230,radi,0.304708708179802,0.885707437992096,AU-Preston
SWup,231,radi,0.9797908307165507,0.9975187182426453,AU-Preston
LWup,231,radi,1.2144350528737293,0.9779914617538452,AU-Preston
Qh,231,radi,0.8907679181067351,0.9351616501808167,AU-Preston
Qle,231,radi,0.5788173837676096,0.4537828862667084,AU-Preston
Qtau,231,radi,0.3047939750329706,0.885909378528595,AU-Preston
SWup,232,radi,0.9797908307165507,0.9975187182426453,AU-Preston
LWup,232,radi,1.2139860534769853,0.9762645959854126,AU-Preston
Qh,232,radi,0.8861973863088652,0.9347688555717468,AU-Preston
Qle,232,radi,0.5824364820548843,0.45215901732444763,AU-Preston
Qtau,232,radi,0.3043674347374511,0.8850569725036621,AU-Preston
SWup,233,radi,0.9797908307165507,0.9975187182426453,AU-Preston
LWup,233,radi,1.2147231993938046,0.9765810370445251,AU-Preston
Qh,233,radi,0.8870282578591611,0.9349143505096436,AU-Preston
Qle,233,radi,0.5822423554099639,0.4508831799030304,AU-Preston
Qtau,233,radi,0.3044984990443755,0.8852561712265015,AU-Preston
SWup,234,radi,0.9797908307165507,0.9975187182426453,AU-Preston
LWup,234,radi,1.2124231189789383,0.9778058528900146,AU-Preston
Qh,234,radi,0.8916325391995663,0.9352189302444458,AU-Preston
Qle,234,radi,0.5776962317984377,0.45179522037506104,AU-Preston
Qtau,234,radi,0.30473599239550353,0.8857744932174683,AU-Preston
SWup,235,radi,0.9797908307165507,0.9975187182426453,AU-Preston
LWup,235,radi,1.2131961385588994,0.9780228137969971,AU-Preston
Qh,235,radi,0.8922475191449554,0.9352670311927795,AU-Preston
Qle,235,radi,0.5773812898230384,0.4515873193740845,AU-Preston
Qtau,235,radi,0.3048123705397813,0.8859578371047974,AU-Preston
SWup,236,radi,0.9797908307165507,0.9975187182426453,AU-Preston
LWup,236,radi,1.2147593044999345,0.9765611886978149,AU-Preston
Qh,236,radi,0.8863165643809437,0.9347948431968689,AU-Preston
Qle,236,radi,0.5829615283239389,0.45375290513038635,AU-Preston
Qtau,236,radi,0.3044307447136906,0.8851956725120544,AU-Preston
SWup,237,radi,0.9797908307165507,0.9975187182426453,AU-Preston
LWup,237,radi,1.2154397468846907,0.9768677353858948,AU-Preston
Qh,237,radi,0.8869262709603116,0.9348567128181458,AU-Preston
Qle,237,radi,0.5826408315354606,0.45357319712638855,AU-Preston
Qtau,237,radi,0.3045563050849772,0.8853915929794312,AU-Preston
SWup,238,radi,0.9797908307165507,0.9975187182426453,AU-Preston
LWup,238,radi,1.21332296931633,0.9779877066612244,AU-Preston
Qh,238,radi,0.8917794551769161,0.9352572560310364,AU-Preston
Qle,238,radi,0.5781579393794424,0.4534198045730591,AU-Preston
Qtau,238,radi,0.30477384299031707,0.885853111743927,AU-Preston
SWup,239,radi,0.9797908307165507,0.9975187182426453,AU-Preston
LWup,239,radi,1.2141398473425196,0.9781874418258667,AU-Preston
Qh,239,radi,0.8923991811517242,0.9353057742118835,AU-Preston
Qle,239,radi,0.5778390655441755,0.4532216191291809,AU-Preston
Qtau,239,radi,0.30484612997388016,0.8860181570053101,AU-Preston
SWup,240,radi,0.877176359114059,0.9973657727241516,AU-Preston
LWup,240,radi,1.2203583732659278,0.9754494428634644,AU-Preston
Qh,240,radi,0.9057695897637638,0.9353923201560974,AU-Preston
Qle,240,radi,0.5788707855734485,0.44811949133872986,AU-Preston
Qtau,240,radi,0.3047864108005701,0.8848896622657776,AU-Preston
SWup,241,radi,0.877176359114059,0.9973657727241516,AU-Preston
LWup,241,radi,1.220664572339068,0.9758301377296448,AU-Preston
Qh,241,radi,0.9064273894412447,0.9354327917098999,AU-Preston
Qle,241,radi,0.5784621223564765,0.44800040125846863,AU-Preston
Qtau,241,radi,0.30485004453772946,0.8850595951080322,AU-Preston
SWup,242,radi,0.877176359114059,0.9973657727241516,AU-Preston
LWup,242,radi,1.2184924798965728,0.9772158265113831,AU-Preston
Qh,242,radi,0.9112960773539515,0.9357227683067322,AU-Preston
Qle,242,radi,0.5741559851735998,0.44766223430633545,AU-Preston
Qtau,242,radi,0.3051260065726999,0.8855791687965393,AU-Preston
SWup,243,radi,0.877176359114059,0.9973657727241516,AU-Preston
LWup,243,radi,1.2189517785062831,0.9774847626686096,AU-Preston
Qh,243,radi,0.9119995443811758,0.9357516765594482,AU-Preston
Qle,243,radi,0.5738022965064138,0.44746530055999756,AU-Preston
Qtau,243,radi,0.3051810753618882,0.8857742547988892,AU-Preston
SWup,244,radi,0.877176359114059,0.9973657727241516,AU-Preston
LWup,244,radi,1.2212217713327078,0.9757744669914246,AU-Preston
Qh,244,radi,0.9059104941038495,0.9354177713394165,AU-Preston
Qle,244,radi,0.5793562987787428,0.44959139823913574,AU-Preston
Qtau,244,radi,0.30484607110825834,0.8849673867225647,AU-Preston
SWup,245,radi,0.877176359114059,0.9973657727241516,AU-Preston
LWup,245,radi,1.221547064452359,0.9761431813240051,AU-Preston
Qh,245,radi,0.9065781022421298,0.9354517459869385,AU-Preston
Qle,245,radi,0.5790306335491591,0.449422687292099,AU-Preston
Qtau,245,radi,0.3049499983635357,0.8851796984672546,AU-Preston
SWup,246,radi,0.877176359114059,0.9973657727241516,AU-Preston
LWup,246,radi,1.2194928922122559,0.9774400591850281,AU-Preston
Qh,246,radi,0.9114447862757485,0.9357478022575378,AU-Preston
Qle,246,radi,0.5746278798460799,0.449188232421875,AU-Preston
Qtau,246,radi,0.3051822526743241,0.8857033252716064,AU-Preston
SWup,247,radi,0.877176359114059,0.9973657727241516,AU-Preston
LWup,247,radi,1.2199538109228825,0.9776993989944458,AU-Preston
Qh,247,radi,0.9121272653062086,0.9357642531394958,AU-Preston
Qle,247,radi,0.5743028580117471,0.44900748133659363,AU-Preston
Qtau,247,radi,0.3052708160023132,0.8858801126480103,AU-Preston
SWup,248,radi,0.877176359114059,0.9973657727241516,AU-Preston
LWup,248,radi,1.21998262557489,0.9758344888687134,AU-Preston
Qh,248,radi,0.9074006418741121,0.9355339407920837,AU-Preston
Qle,248,radi,0.5779266030425018,0.4475767910480499,AU-Preston
Qtau,248,radi,0.304869617356976,0.8850348591804504,AU-Preston
SWup,249,radi,0.877176359114059,0.9973657727241516,AU-Preston
LWup,249,radi,1.2203369647895368,0.9761978387832642,AU-Preston
Qh,249,radi,0.908086601326146,0.935573160648346,AU-Preston
Qle,249,radi,0.5775085391060281,0.44743895530700684,AU-Preston
Qtau,249,radi,0.30493492876435646,0.8852500319480896,AU-Preston
SWup,250,radi,0.877176359114059,0.9973657727241516,AU-Preston
LWup,250,radi,1.2182802466765654,0.9774774312973022,AU-Preston
Qh,250,radi,0.9129407347486345,0.9358294606208801,AU-Preston
Qle,250,radi,0.5732794306323767,0.44704699516296387,AU-Preston
Qtau,250,radi,0.3052055340277436,0.8857594132423401,AU-Preston
SWup,251,radi,0.877176359114059,0.9973657727241516,AU-Preston
LWup,251,radi,1.2187869910988185,0.9777262806892395,AU-Preston
Qh,251,radi,0.9136779513183942,0.9358533024787903,AU-Preston
Qle,251,radi,0.5729139106414072,0.4468303620815277,AU-Preston
Qtau,251,radi,0.30526316347147997,0.8859454989433289,AU-Preston
SWup,252,radi,0.877176359114059,0.9973657727241516,AU-Preston
LWup,252,radi,1.2208768055590755,0.9761378765106201,AU-Preston
Qh,252,radi,0.9075411243449161,0.9355562329292297,AU-Preston
Qle,252,radi,0.5784060754812722,0.44905710220336914,AU-Preston
Qtau,252,radi,0.3049343401081385,0.8851616382598877,AU-Preston
SWup,253,radi,0.877176359114059,0.9973657727241516,AU-Preston
LWup,253,radi,1.221245841403461,0.9764867424964905,AU-Preston
Qh,253,radi,0.9082420601564503,0.9355901479721069,AU-Preston
Qle,253,radi,0.5780668632072352,0.44887006282806396,AU-Preston
Qtau,253,radi,0.30502681799997694,0.8853629231452942,AU-Preston
SWup,254,radi,0.877176359114059,0.9973657727241516,AU-Preston
LWup,254,radi,1.2192953556219874,0.9776686429977417,AU-Preston
Qh,254,radi,0.9131110644711183,0.9358615875244141,AU-Preston
Qle,254,radi,0.5736974945688504,0.4485643804073334,AU-Preston
Qtau,254,radi,0.305253156315775,0.8858368992805481,AU-Preston
SWup,255,radi,0.877176359114059,0.9973657727241516,AU-Preston
LWup,255,radi,1.2198014057152764,0.9779013395309448,AU-Preston
Qh,255,radi,0.9138609371193289,0.9358739852905273,AU-Preston
Qle,255,radi,0.5733656813402009,0.44836294651031494,AU-Preston
Qtau,255,radi,0.30533933558608145,0.8859914541244507,AU-Preston
SWup,256,radi,1.1152525600725451,0.9972087144851685,AU-Preston
LWup,256,radi,1.1969309634148508,0.9781085252761841,AU-Preston
Qh,256,radi,0.8915465509083563,0.945205807685852,AU-Preston
Qle,256,radi,0.5305301526625792,0.48849865794181824,AU-Preston
Qtau,256,radi,0.3057115051149895,0.8690155148506165,AU-Preston
SWup,0,radi,1.5239660017452745,0.981306791305542,US-Baltimore
LWup,0,radi,0.9501291229831068,0.9691876769065857,US-Baltimore
Qh,0,radi,0.5368284915370438,0.7831347584724426,US-Baltimore
Qle,0,radi,0.4676813281508301,0.4479285478591919,US-Baltimore
Qtau,0,radi,0.17964312640271937,0.8848275542259216,US-Baltimore
SWup,1,radi,1.5239660017452745,0.981306791305542,US-Baltimore
LWup,1,radi,0.9495380063306855,0.9696801900863647,US-Baltimore
Qh,1,radi,0.5375149559199341,0.7834307551383972,US-Baltimore
Qle,1,radi,0.4675732649471901,0.4485028386116028,US-Baltimore
Qtau,1,radi,0.1797056522781252,0.8851069211959839,US-Baltimore
SWup,2,radi,1.5239660017452745,0.981306791305542,US-Baltimore
LWup,2,radi,0.9485203786910484,0.9713581204414368,US-Baltimore
Qh,2,radi,0.5386998939411551,0.7839165329933167,US-Baltimore
Qle,2,radi,0.47144526374783785,0.4506605565547943,US-Baltimore
Qtau,2,radi,0.17990076918048503,0.8859553337097168,US-Baltimore
SWup,3,radi,1.5239660017452745,0.981306791305542,US-Baltimore
LWup,3,radi,0.9479470360524961,0.9718034267425537,US-Baltimore
Qh,3,radi,0.5393406070663991,0.7843502759933472,US-Baltimore
Qle,3,radi,0.4710470928012196,0.4513017237186432,US-Baltimore
Qtau,3,radi,0.17996150829102478,0.8862536549568176,US-Baltimore
SWup,4,radi,1.5239660017452745,0.981306791305542,US-Baltimore
LWup,4,radi,0.9515837822578748,0.9696323275566101,US-Baltimore
Qh,4,radi,0.5365093080835922,0.7826558947563171,US-Baltimore
Qle,4,radi,0.4715967272757601,0.4495809078216553,US-Baltimore
Qtau,4,radi,0.1796517987492646,0.8848727941513062,US-Baltimore
SWup,5,radi,1.5239660017452745,0.981306791305542,US-Baltimore
LWup,5,radi,0.9510145563945935,0.9701151251792908,US-Baltimore
Qh,5,radi,0.5371657604235394,0.7828977704048157,US-Baltimore
Qle,5,radi,0.4713618609894306,0.450084388256073,US-Baltimore
Qtau,5,radi,0.17971405225197742,0.88517165184021,US-Baltimore
SWup,6,radi,1.5239660017452745,0.981306791305542,US-Baltimore
LWup,6,radi,0.9500699851796091,0.9717361927032471,US-Baltimore
Qh,6,radi,0.5385942652362686,0.7838451862335205,US-Baltimore
Qle,6,radi,0.4727769277904066,0.45002037286758423,US-Baltimore
Qtau,6,radi,0.1799051271435731,0.8860049247741699,US-Baltimore
SWup,7,radi,1.5239660017452745,0.981306791305542,US-Baltimore
LWup,7,radi,0.9495310796929278,0.972177267074585,US-Baltimore
Qh,7,radi,0.5392548234583121,0.7840967774391174,US-Baltimore
Qle,7,radi,0.47251791589068637,0.45054614543914795,US-Baltimore
Qtau,7,radi,0.17996641099949884,0.8863077163696289,US-Baltimore
SWup,8,radi,1.5239660017452745,0.981306791305542,US-Baltimore
LWup,8,radi,0.9495486576698791,0.9697195291519165,US-Baltimore
Qh,8,radi,0.5373999423416843,0.7834143042564392,US-Baltimore
Qle,8,radi,0.4682061477305852,0.448123037815094,US-Baltimore
Qtau,8,radi,0.17970492231930796,0.8851120471954346,US-Baltimore
SWup,9,radi,1.5239660017452745,0.981306791305542,US-Baltimore
LWup,9,radi,0.9489680616653728,0.9702069163322449,US-Baltimore
Qh,9,radi,0.5380712051849079,0.7837064266204834,US-Baltimore
Qle,9,radi,0.46808294847078985,0.448712021112442,US-Baltimore
Qtau,9,radi,0.17976378750571984,0.8854210376739502,US-Baltimore
SWup,10,radi,1.5239660017452745,0.981306791305542,US-Baltimore
LWup,10,radi,0.9479768336639822,0.9718409180641174,US-Baltimore
Qh,10,radi,0.5392776013280378,0.7842421531677246,US-Baltimore
Qle,10,radi,0.47196745768519865,0.45084211230278015,US-Baltimore
Qtau,10,radi,0.17995942736365023,0.8862493634223938,US-Baltimore
SWup,11,radi,1.5239660017452745,0.981306791305542,US-Baltimore
LWup,11,radi,0.9474277342575821,0.9722804427146912,US-Baltimore
Qh,11,radi,0.5399297033881446,0.7845067381858826,US-Baltimore
Qle,11,radi,0.47168944849050787,0.45140862464904785,US-Baltimore
Qtau,11,radi,0.1800217026561785,0.886549711227417,US-Baltimore
SWup,12,radi,1.5239660017452745,0.981306791305542,US-Baltimore
LWup,12,radi,0.9510129880992522,0.9701555967330933,US-Baltimore
Qh,12,radi,0.5370862333976947,0.7829808592796326,US-Baltimore
Qle,12,radi,0.47211892121312093,0.4497726857662201,US-Baltimore
Qtau,12,radi,0.1797114483690323,0.8851641416549683,US-Baltimore
SWup,13,radi,1.5239660017452745,0.981306791305542,US-Baltimore
LWup,13,radi,0.9504559165248666,0.9706336259841919,US-Baltimore
Qh,13,radi,0.5377445920400437,0.7832246422767639,US-Baltimore
Qle,13,radi,0.47187509685274026,0.45029985904693604,US-Baltimore
Qtau,13,radi,0.17977152289020112,0.8854823708534241,US-Baltimore
SWup,14,radi,1.5239660017452745,0.981306791305542,US-Baltimore
LWup,14,radi,0.9495369608004579,0.972208559513092,US-Baltimore
Qh,14,radi,0.5391730968527729,0.7841739654541016,US-Baltimore
Qle,14,radi,0.4733110658265023,0.4501960873603821,US-Baltimore
Qtau,14,radi,0.17996374174710741,0.886296808719635,US-Baltimore
SWup,15,radi,1.5239660017452745,0.981306791305542,US-Baltimore
LWup,15,radi,0.9490189005726892,0.9726437926292419,US-Baltimore
Qh,15,radi,0.5398423067549484,0.7844336628913879,US-Baltimore
Qle,15,radi,0.4730557607160446,0.45072636008262634,US-Baltimore
Qtau,15,radi,0.18002643104612903,0.886602520942688,US-Baltimore
SWup,16,radi,1.3903923621389052,0.9811168909072876,US-Baltimore
LWup,16,radi,0.9579939934288425,0.968933641910553,US-Baltimore
Qh,16,radi,0.5512103211708959,0.7909979224205017,US-Baltimore
Qle,16,radi,0.4600950235427453,0.4391200840473175,US-Baltimore
Qtau,16,radi,0.180200444512235,0.8879714012145996,US-Baltimore
SWup,17,radi,1.3903923621389052,0.9811168909072876,US-Baltimore
LWup,17,radi,0.9571543019648127,0.9694728851318359,US-Baltimore
Qh,17,radi,0.5519775345683501,0.7914302349090576,US-Baltimore
Qle,17,radi,0.4599295565887201,0.4392242431640625,US-Baltimore
Qtau,17,radi,0.18026012681672587,0.8882514834403992,US-Baltimore
SWup,18,radi,1.3903923621389052,0.9811168909072876,US-Baltimore
LWup,18,radi,0.9561707194032113,0.971051812171936,US-Baltimore
Qh,18,radi,0.5531945864531113,0.7921618223190308,US-Baltimore
Qle,18,radi,0.46219728788644954,0.4412360191345215,US-Baltimore
Qtau,18,radi,0.18045613710151875,0.8890060186386108,US-Baltimore
SWup,19,radi,1.3903923621389052,0.9811168909072876,US-Baltimore
LWup,19,radi,0.9555320311254348,0.9715850353240967,US-Baltimore
Qh,19,radi,0.5539623864051506,0.792479932308197,US-Baltimore
Qle,19,radi,0.461285211795127,0.44103237986564636,US-Baltimore
Qtau,19,radi,0.1805121805068311,0.8892524838447571,US-Baltimore
SWup,20,radi,1.3903923621389052,0.9811168909072876,US-Baltimore
LWup,20,radi,0.959392520799517,0.9692997336387634,US-Baltimore
Qh,20,radi,0.5507548615354806,0.7906365394592285,US-Baltimore
Qle,20,radi,0.46142050960320985,0.43994036316871643,US-Baltimore
Qtau,20,radi,0.18021725535484714,0.8880196809768677,US-Baltimore
SWup,21,radi,1.3903923621389052,0.9811168909072876,US-Baltimore
LWup,21,radi,0.9585886387457819,0.969832181930542,US-Baltimore
Qh,21,radi,0.5515432886570999,0.790948212146759,US-Baltimore
Qle,21,radi,0.4611402866315984,0.44025251269340515,US-Baltimore
Qtau,21,radi,0.1802775804588935,0.8883153796195984,US-Baltimore
SWup,22,radi,1.3903923621389052,0.9811168909072876,US-Baltimore
LWup,22,radi,0.9577861289504707,0.9714239239692688,US-Baltimore
Qh,22,radi,0.5528676800309544,0.7919211387634277,US-Baltimore
Qle,22,radi,0.4630794007645665,0.4414011538028717,US-Baltimore
Qtau,22,radi,0.1804637308521997,0.8890643119812012,US-Baltimore
SWup,23,radi,1.3903923621389052,0.9811168909072876,US-Baltimore
LWup,23,radi,0.9570213235889916,0.971912145614624,US-Baltimore
Qh,23,radi,0.5536041970717827,0.7922421097755432,US-Baltimore
Qle,23,radi,0.4628971502924914,0.4416603147983551,US-Baltimore
Qtau,23,radi,0.18052291199093543,0.8892631530761719,US-Baltimore
SWup,24,radi,1.3903923621389052,0.9811168909072876,US-Baltimore
LWup,24,radi,0.9575197147793539,0.9694406986236572,US-Baltimore
Qh,24,radi,0.5517388557317185,0.7913029789924622,US-Baltimore
Qle,24,radi,0.4604408875742143,0.43957579135894775,US-Baltimore
Qtau,24,radi,0.18025769725230428,0.8882325291633606,US-Baltimore
SWup,25,radi,1.3903923621389052,0.9811168909072876,US-Baltimore
LWup,25,radi,0.956692569678055,0.9699751734733582,US-Baltimore
Qh,25,radi,0.5525151607252434,0.791722297668457,US-Baltimore
Qle,25,radi,0.4603037363715002,0.43978846073150635,US-Baltimore
Qtau,25,radi,0.18031493909746585,0.8885514140129089,US-Baltimore
SWup,26,radi,1.3903923621389052,0.9811168909072876,US-Baltimore
LWup,26,radi,0.9557417906273443,0.9715113043785095,US-Baltimore
Qh,26,radi,0.5537273735346767,0.7924653887748718,US-Baltimore
Qle,26,radi,0.46258263952020146,0.4415088891983032,US-Baltimore
Qtau,26,radi,0.18051153770727563,0.8892170786857605,US-Baltimore
SWup,27,radi,1.3903923621389052,0.9811168909072876,US-Baltimore
LWup,27,radi,0.9549694051717152,0.972004234790802,US-Baltimore
Qh,27,radi,0.5544921918342413,0.7928741574287415,US-Baltimore
Qle,27,radi,0.4623933358518907,0.4421396255493164,US-Baltimore
Qtau,27,radi,0.18056987993811693,0.8893952369689941,US-Baltimore
SWup,28,radi,1.3903923621389052,0.9811168909072876,US-Baltimore
LWup,28,radi,0.9589470595769262,0.9697962403297424,US-Baltimore
Qh,28,radi,0.5513180516963794,0.7909578084945679,US-Baltimore
Qle,28,radi,0.46178794508885945,0.4402826428413391,US-Baltimore
Qtau,28,radi,0.18027163183927833,0.8882907032966614,US-Baltimore
SWup,29,radi,1.3903923621389052,0.9811168909072876,US-Baltimore
LWup,29,radi,0.958141674573489,0.9703284502029419,US-Baltimore
Qh,29,radi,0.5520680594926675,0.7912814617156982,US-Baltimore
Qle,29,radi,0.46162458894538655,0.4407106935977936,US-Baltimore
Qtau,29,radi,0.1803305079205979,0.8886221647262573,US-Baltimore
SWup,30,radi,1.3903923621389052,0.9811168909072876,US-Baltimore
LWup,30,radi,0.9573701386111699,0.9718765616416931,US-Baltimore
Qh,30,radi,0.5534286217326099,0.7922629714012146,US-Baltimore
Qle,30,radi,0.4635629308305916,0.44175517559051514,US-Baltimore
Qtau,30,radi,0.18051726842873642,0.8892326354980469,US-Baltimore
SWup,31,radi,1.3903923621389052,0.9811168909072876,US-Baltimore
LWup,31,radi,0.9566191865252064,0.9723588824272156,US-Baltimore
Qh,31,radi,0.5541706621624488,0.7925872206687927,US-Baltimore
Qle,31,radi,0.46329336487810996,0.4420497417449951,US-Baltimore
Qtau,31,radi,0.18057692894341185,0.8894187211990356,US-Baltimore
SWup,32,radi,1.183477470112281,0.981369137763977,US-Baltimore
LWup,32,radi,0.9873420269171758,0.9653993248939514,US-Baltimore
Qh,32,radi,0.570011497447461,0.8000642657279968,US-Baltimore
Qle,32,radi,0.48185418541298114,0.45460155606269836,US-Baltimore
Qtau,32,radi,0.18090234894210447,0.8919974565505981,US-Baltimore
SWup,33,radi,1.183477470112281,0.981369137763977,US-Baltimore
LWup,33,radi,0.9866212645165338,0.9659398198127747,US-Baltimore
Qh,33,radi,0.5706851553885743,0.8003257513046265,US-Baltimore
Qle,33,radi,0.4823523367033196,0.4551484286785126,US-Baltimore
Qtau,33,radi,0.18095179003333842,0.8921267986297607,US-Baltimore
SWup,34,radi,1.183477470112281,0.981369137763977,US-Baltimore
LWup,34,radi,0.984570979740238,0.9678524136543274,US-Baltimore
Qh,34,radi,0.5723951575226555,0.8015881180763245,US-Baltimore
Qle,34,radi,0.48400602806307186,0.45454493165016174,US-Baltimore
Qtau,34,radi,0.18114900965288824,0.8928123712539673,US-Baltimore
SWup,35,radi,1.183477470112281,0.981369137763977,US-Baltimore
LWup,35,radi,0.9838847851827456,0.9683390855789185,US-Baltimore
Qh,35,radi,0.5731223385696691,0.8018746972084045,US-Baltimore
Qle,35,radi,0.48363905592608003,0.45470690727233887,US-Baltimore
Qtau,35,radi,0.18118518074651907,0.8929525017738342,US-Baltimore
SWup,36,radi,1.183477470112281,0.981369137763977,US-Baltimore
LWup,36,radi,0.9887732271074622,0.9658790230751038,US-Baltimore
Qh,36,radi,0.5698780562793259,0.8000137209892273,US-Baltimore
Qle,36,radi,0.484315236067389,0.45406386256217957,US-Baltimore
Qtau,36,radi,0.18090744775891748,0.8920336365699768,US-Baltimore
SWup,37,radi,1.183477470112281,0.981369137763977,US-Baltimore
LWup,37,radi,0.9880765119020547,0.9664002060890198,US-Baltimore
Qh,37,radi,0.570578451333615,0.8003091216087341,US-Baltimore
Qle,37,radi,0.4839767341312609,0.45433521270751953,US-Baltimore
Qtau,37,radi,0.18095753164970693,0.8921592831611633,US-Baltimore
SWup,38,radi,1.183477470112281,0.981369137763977,US-Baltimore
LWup,38,radi,0.9860631474119206,0.9682926535606384,US-Baltimore
Qh,38,radi,0.5722649912842876,0.8015925288200378,US-Baltimore
Qle,38,radi,0.48657828239535605,0.4539441168308258,US-Baltimore
Qtau,38,radi,0.18115464232017955,0.8928306698799133,US-Baltimore
SWup,39,radi,1.183477470112281,0.981369137763977,US-Baltimore
LWup,39,radi,0.9853955763616071,0.9687753319740295,US-Baltimore
Qh,39,radi,0.572994958465581,0.8018583655357361,US-Baltimore
Qle,39,radi,0.486199520609182,0.4540874660015106,US-Baltimore
Qtau,39,radi,0.1811903449327784,0.8929707407951355,US-Baltimore
SWup,40,radi,1.183477470112281,0.981369137763977,US-Baltimore
LWup,40,radi,0.9866373395437829,0.9659709334373474,US-Baltimore
Qh,40,radi,0.5706291883052356,0.800460934638977,US-Baltimore
Qle,40,radi,0.4823797257573151,0.4544929265975952,US-Baltimore
Qtau,40,radi,0.1809502756411653,0.8921210765838623,US-Baltimore
SWup,41,radi,1.183477470112281,0.981369137763977,US-Baltimore
LWup,41,radi,0.9859242879285693,0.9665101766586304,US-Baltimore
Qh,41,radi,0.5713139907834678,0.8007291555404663,US-Baltimore
Qle,41,radi,0.4828868351217047,0.45497599244117737,US-Baltimore
Qtau,41,radi,0.18100041400649336,0.8922469615936279,US-Baltimore
SWup,42,radi,1.183477470112281,0.981369137763977,US-Baltimore
LWup,42,radi,0.9839007948643556,0.9683805704116821,US-Baltimore
Qh,42,radi,0.5730414429164589,0.8019527792930603,US-Baltimore
Qle,42,radi,0.4844392590581316,0.45417577028274536,US-Baltimore
Qtau,42,radi,0.18118163990151004,0.8929456472396851,US-Baltimore
SWup,43,radi,1.183477470112281,0.981369137763977,US-Baltimore
LWup,43,radi,0.9832393009584899,0.9688603281974792,US-Baltimore
Qh,43,radi,0.5737826523939688,0.8022531270980835,US-Baltimore
Qle,43,radi,0.4840934465098468,0.45446258783340454,US-Baltimore
Qtau,43,radi,0.18122576427777656,0.8930565714836121,US-Baltimore
SWup,44,radi,1.183477470112281,0.981369137763977,US-Baltimore
LWup,44,radi,0.9880818048988319,0.9664415121078491,US-Baltimore
Qh,44,radi,0.5704939874733448,0.8004161715507507,US-Baltimore
Qle,44,radi,0.48488319855550543,0.4539565443992615,US-Baltimore
Qtau,44,radi,0.18095587562373347,0.8921542763710022,US-Baltimore
SWup,45,radi,1.183477470112281,0.981369137763977,US-Baltimore
LWup,45,radi,0.9873988122776615,0.9669588208198547,US-Baltimore
Qh,45,radi,0.571201079025815,0.80071622133255,US-Baltimore
Qle,45,radi,0.4845302298446165,0.454205721616745,US-Baltimore
Qtau,45,radi,0.18100685289695595,0.8922763466835022,US-Baltimore
SWup,46,radi,1.183477470112281,0.981369137763977,US-Baltimore
LWup,46,radi,0.9854093642914834,0.9688093662261963,US-Baltimore
Qh,46,radi,0.5729100058098232,0.8019776344299316,US-Baltimore
Qle,46,radi,0.48697825525342137,0.4537896513938904,US-Baltimore
Qtau,46,radi,0.1811874686771403,0.8929610848426819,US-Baltimore
SWup,47,radi,1.183477470112281,0.981369137763977,US-Baltimore
LWup,47,radi,0.9847613969329371,0.969287633895874,US-Baltimore
Qh,47,radi,0.573648086996212,0.8022522330284119,US-Baltimore
Qle,47,radi,0.48665144000010707,0.45387014746665955,US-Baltimore
Qtau,47,radi,0.18123008955614145,0.8930652737617493,US-Baltimore
SWup,48,radi,1.0498848657022808,0.9811434149742126,US-Baltimore
LWup,48,radi,0.9950351690230305,0.9650112390518188,US-Baltimore
Qh,48,radi,0.5848242980627959,0.8077409863471985,US-Baltimore
Qle,48,radi,0.47204267461731775,0.44409307837486267,US-Baltimore
Qtau,48,radi,0.1814233652190966,0.8938876986503601,US-Baltimore
SWup,49,radi,1.0498848657022808,0.9811434149742126,US-Baltimore
LWup,49,radi,0.994078378173511,0.9655947089195251,US-Baltimore
Qh,49,radi,0.585643665938785,0.8080989122390747,US-Baltimore
Qle,49,radi,0.471872986042188,0.4442266523838043,US-Baltimore
Qtau,49,radi,0.1814702351121086,0.8940209746360779,US-Baltimore
SWup,50,radi,1.0498848657022808,0.9811434149742126,US-Baltimore
LWup,50,radi,0.992139115638257,0.9674691557884216,US-Baltimore
Qh,50,radi,0.5873281529484095,0.8090970516204834,US-Baltimore
Qle,50,radi,0.4737145910242775,0.4432055652141571,US-Baltimore
Qtau,50,radi,0.18161442921578455,0.8943179249763489,US-Baltimore
SWup,51,radi,1.0498848657022808,0.9811434149742126,US-Baltimore
LWup,51,radi,0.9912248647998725,0.9680048227310181,US-Baltimore
Qh,51,radi,0.5881206859521252,0.8094194531440735,US-Baltimore
Qle,51,radi,0.47337572870586,0.44338923692703247,US-Baltimore
Qtau,51,radi,0.1816641862593424,0.8944385647773743,US-Baltimore
SWup,52,radi,1.0498848657022808,0.9811434149742126,US-Baltimore
LWup,52,radi,0.9965179269226647,0.9654824733734131,US-Baltimore
Qh,52,radi,0.5844786707734612,0.8075305819511414,US-Baltimore
Qle,52,radi,0.47533013334453605,0.44676530361175537,US-Baltimore
Qtau,52,radi,0.18142766870764604,0.8938963413238525,US-Baltimore
SWup,53,radi,1.0498848657022808,0.9811434149742126,US-Baltimore
LWup,53,radi,0.9955838763555953,0.9660561680793762,US-Baltimore
Qh,53,radi,0.5852706661021405,0.8078542947769165,US-Baltimore
Qle,53,radi,0.4749738697098583,0.44684985280036926,US-Baltimore
Qtau,53,radi,0.1814774366461116,0.8940390944480896,US-Baltimore
SWup,54,radi,1.0498848657022808,0.9811434149742126,US-Baltimore
LWup,54,radi,0.9936575522569077,0.9679000973701477,US-Baltimore
Qh,54,radi,0.5869781264996856,0.8090089559555054,US-Baltimore
Qle,54,radi,0.4772701741748198,0.4460216164588928,US-Baltimore
Qtau,54,radi,0.1816210097400475,0.8943087458610535,US-Baltimore
SWup,55,radi,1.0498848657022808,0.9811434149742126,US-Baltimore
LWup,55,radi,0.9927555210530581,0.9684340953826904,US-Baltimore
Qh,55,radi,0.5877671890554389,0.8093137145042419,US-Baltimore
Qle,55,radi,0.47683740652841783,0.44621485471725464,US-Baltimore
Qtau,55,radi,0.18167065783452815,0.8944294452667236,US-Baltimore
SWup,56,radi,1.0498848657022808,0.9811434149742126,US-Baltimore
LWup,56,radi,0.9944519591929553,0.9655539989471436,US-Baltimore
Qh,56,radi,0.5854543554464086,0.8080122470855713,US-Baltimore
Qle,56,radi,0.47237968354110405,0.4435778260231018,US-Baltimore
Qtau,56,radi,0.1814644390212015,0.8940107822418213,US-Baltimore
SWup,57,radi,1.0498848657022808,0.9811434149742126,US-Baltimore
LWup,57,radi,0.9934925545178668,0.9661378860473633,US-Baltimore
Qh,57,radi,0.5862476216433559,0.8084231019020081,US-Baltimore
Qle,57,radi,0.4722841822344093,0.4440147578716278,US-Baltimore
Qtau,57,radi,0.18151067700956572,0.8941351771354675,US-Baltimore
SWup,58,radi,1.0498848657022808,0.9811434149742126,US-Baltimore
LWup,58,radi,0.9915893627754645,0.9679733514785767,US-Baltimore
Qh,58,radi,0.5879427643946117,0.8094466924667358,US-Baltimore
Qle,58,radi,0.47415992056762474,0.44313445687294006,US-Baltimore
Qtau,58,radi,0.1816574858910945,0.8944123983383179,US-Baltimore
SWup,59,radi,1.0498848657022808,0.9811434149742126,US-Baltimore
LWup,59,radi,0.9906775297257313,0.9685060381889343,US-Baltimore
Qh,59,radi,0.5887405763895942,0.80976802110672,US-Baltimore
Qle,59,radi,0.47379886899681617,0.4430636763572693,US-Baltimore
Qtau,59,radi,0.18170995576667465,0.8945334553718567,US-Baltimore
SWup,60,radi,1.0498848657022808,0.9811434149742126,US-Baltimore
LWup,60,radi,0.9959311884280715,0.9660229086875916,US-Baltimore
Qh,60,radi,0.5850945530879312,0.807884156703949,US-Baltimore
Qle,60,radi,0.4758244748792436,0.4466340243816376,US-Baltimore
Qtau,60,radi,0.18147010437321595,0.8940119743347168,US-Baltimore
SWup,61,radi,1.0498848657022808,0.9811434149742126,US-Baltimore
LWup,61,radi,0.9950090307673408,0.9665927886962891,US-Baltimore
Qh,61,radi,0.5858935870716331,0.8082101345062256,US-Baltimore
Qle,61,radi,0.47542800287770404,0.4467174708843231,US-Baltimore
Qtau,61,radi,0.18151746453707537,0.8941472768783569,US-Baltimore
SWup,62,radi,1.0498848657022808,0.9811434149742126,US-Baltimore
LWup,62,radi,0.9931215219783524,0.9683956503868103,US-Baltimore
Qh,62,radi,0.587590587245742,0.8093680143356323,US-Baltimore
Qle,62,radi,0.4777608089202648,0.44584783911705017,US-Baltimore
Qtau,62,radi,0.18166465474037435,0.894401490688324,US-Baltimore
SWup,63,radi,1.0498848657022808,0.9811434149742126,US-Baltimore
LWup,63,radi,0.9922283777814371,0.9689241051673889,US-Baltimore
Qh,63,radi,0.5883883014816271,0.8096708655357361,US-Baltimore
Qle,63,radi,0.4773356093019405,0.44602975249290466,US-Baltimore
Qtau,63,radi,0.18171703745669274,0.894523024559021,US-Baltimore
SWup,64,radi,1.506780643427948,0.9813335537910461,US-Baltimore
LWup,64,radi,0.9509010510192613,0.969228208065033,US-Baltimore
Qh,64,radi,0.536911684529046,0.7831687331199646,US-Baltimore
Qle,64,radi,0.4780711495546344,0.4529562294483185,US-Baltimore
Qtau,64,radi,0.17966142984768918,0.8850196599960327,US-Baltimore
SWup,65,radi,1.506780643427948,0.9813335537910461,US-Baltimore
LWup,65,radi,0.95030150477938,0.9697179794311523,US-Baltimore
Qh,65,radi,0.5375483406517423,0.7835794687271118,US-Baltimore
Qle,65,radi,0.47785718544109096,0.45361030101776123,US-Baltimore
Qtau,65,radi,0.17972133005033447,0.8853186964988708,US-Baltimore
SWup,66,radi,1.506780643427948,0.9813335537910461,US-Baltimore
LWup,66,radi,0.9493421654499309,0.9713878631591797,US-Baltimore
Qh,66,radi,0.5389966905612712,0.7843027710914612,US-Baltimore
Qle,66,radi,0.4800222592695216,0.45375582575798035,US-Baltimore
Qtau,66,radi,0.17991263373499228,0.8861651420593262,US-Baltimore
SWup,67,radi,1.506780643427948,0.9813335537910461,US-Baltimore
LWup,67,radi,0.9487840483453177,0.9718314409255981,US-Baltimore
Qh,67,radi,0.5396550492036202,0.7845560312271118,US-Baltimore
Qle,67,radi,0.47974461045712025,0.4542669951915741,US-Baltimore
Qtau,67,radi,0.17997367790294816,0.8864633440971375,US-Baltimore
SWup,68,radi,1.506780643427948,0.9813335537910461,US-Baltimore
LWup,68,radi,0.952377797120087,0.9696583151817322,US-Baltimore
Qh,68,radi,0.5368111881767801,0.7830730080604553,US-Baltimore
Qle,68,radi,0.47965533861571397,0.4521869719028473,US-Baltimore
Qtau,68,radi,0.17966390299174165,0.8850624561309814,US-Baltimore
SWup,69,radi,1.506780643427948,0.9813335537910461,US-Baltimore
LWup,69,radi,0.9518151711663674,0.9701393246650696,US-Baltimore
Qh,69,radi,0.5374657342143253,0.7833172082901001,US-Baltimore
Qle,69,radi,0.4793873686419426,0.4527539610862732,US-Baltimore
Qtau,69,radi,0.17972451136338874,0.8853729367256165,US-Baltimore
SWup,70,radi,1.506780643427948,0.9813335537910461,US-Baltimore
LWup,70,radi,0.9508333529370251,0.9717755913734436,US-Baltimore
Qh,70,radi,0.5388795262828755,0.7842093110084534,US-Baltimore
Qle,70,radi,0.4813450682044076,0.45312201976776123,US-Baltimore
Qtau,70,radi,0.17991602205129323,0.8861923813819885,US-Baltimore
SWup,71,radi,1.506780643427948,0.9813335537910461,US-Baltimore
LWup,71,radi,0.9502998711383994,0.9722142815589905,US-Baltimore
Qh,71,radi,0.5395430172778451,0.7844594120979309,US-Baltimore
Qle,71,radi,0.48110870890573626,0.4535807967185974,US-Baltimore
Qtau,71,radi,0.17997748022574248,0.8864952921867371,US-Baltimore
SWup,72,radi,1.506780643427948,0.9813335537910461,US-Baltimore
LWup,72,radi,0.9503153580548955,0.9697617888450623,US-Baltimore
Qh,72,radi,0.5374896363136725,0.7834864854812622,US-Baltimore
Qle,72,radi,0.4785996244404679,0.4531458020210266,US-Baltimore
Qtau,72,radi,0.1797194452312989,0.88531893491745,US-Baltimore
SWup,73,radi,1.506780643427948,0.9813335537910461,US-Baltimore
LWup,73,radi,0.9497269205736825,0.9702441096305847,US-Baltimore
Qh,73,radi,0.5381297140047826,0.7838655114173889,US-Baltimore
Qle,73,radi,0.47835574859690305,0.4538043141365051,US-Baltimore
Qtau,73,radi,0.17977877889874272,0.885631799697876,US-Baltimore
SWup,74,radi,1.506780643427948,0.9813335537910461,US-Baltimore
LWup,74,radi,0.9488003847551237,0.971869707107544,US-Baltimore
Qh,74,radi,0.5395792370234819,0.7846349477767944,US-Baltimore
Qle,74,radi,0.4805633475354845,0.45392292737960815,US-Baltimore
Qtau,74,radi,0.17997188024317434,0.8864560127258301,US-Baltimore
SWup,75,radi,1.506780643427948,0.9813335537910461,US-Baltimore
LWup,75,radi,0.948261609959721,0.9723073840141296,US-Baltimore
Qh,75,radi,0.5402450742367922,0.784895122051239,US-Baltimore
Qle,75,radi,0.48030026846421237,0.45443591475486755,US-Baltimore
Qtau,75,radi,0.18003446059311878,0.8867546319961548,US-Baltimore
SWup,76,radi,1.506780643427948,0.9813335537910461,US-Baltimore
LWup,76,radi,0.9517960902397139,0.9701844453811646,US-Baltimore
Qh,76,radi,0.5373831766564571,0.7833855748176575,US-Baltimore
Qle,76,radi,0.48010921436763876,0.45226508378982544,US-Baltimore
Qtau,76,radi,0.17972066546096355,0.8853595852851868,US-Baltimore
SWup,77,radi,1.506780643427948,0.9813335537910461,US-Baltimore
LWup,77,radi,0.9512506501891103,0.9706575870513916,US-Baltimore
Qh,77,radi,0.5380447613490247,0.7836412191390991,US-Baltimore
Qle,77,radi,0.47992680944601107,0.4529263377189636,US-Baltimore
Qtau,77,radi,0.17978145904604187,0.8856814503669739,US-Baltimore
SWup,78,radi,1.506780643427948,0.9813335537910461,US-Baltimore
LWup,78,radi,0.9503074512325494,0.9722484946250916,US-Baltimore
Qh,78,radi,0.5394582601402823,0.784544825553894,US-Baltimore
Qle,78,radi,0.48185243498471825,0.45335090160369873,US-Baltimore
Qtau,78,radi,0.17997517050530581,0.8864848613739014,US-Baltimore
SWup,79,radi,1.506780643427948,0.9813335537910461,US-Baltimore
LWup,79,radi,0.9497930503605773,0.9726812839508057,US-Baltimore
Qh,79,radi,0.5401291808266646,0.7848024964332581,US-Baltimore
Qle,79,radi,0.48161916467709903,0.4538121819496155,US-Baltimore
Qtau,79,radi,0.18003759832654218,0.8867912292480469,US-Baltimore
SWup,80,radi,1.3748677909719846,0.9811535477638245,US-Baltimore
LWup,80,radi,0.9585368849995164,0.9689256548881531,US-Baltimore
Qh,80,radi,0.5510361633386374,0.7911059856414795,US-Baltimore
Qle,80,radi,0.4678940566679527,0.44500061869621277,US-Baltimore
Qtau,80,radi,0.1802210685725492,0.8881323337554932,US-Baltimore
SWup,81,radi,1.3748677909719846,0.9811535477638245,US-Baltimore
LWup,81,radi,0.9577211100394426,0.9694644212722778,US-Baltimore
Qh,81,radi,0.5517857800985353,0.7915118336677551,US-Baltimore
Qle,81,radi,0.4675737282958479,0.4456934332847595,US-Baltimore
Qtau,81,radi,0.1802813609918724,0.8884077668190002,US-Baltimore
SWup,82,radi,1.3748677909719846,0.9811535477638245,US-Baltimore
LWup,82,radi,0.9568670425347835,0.971074104309082,US-Baltimore
Qh,82,radi,0.5531162814159858,0.7922804355621338,US-Baltimore
Qle,82,radi,0.46902004538963454,0.4453478753566742,US-Baltimore
Qtau,82,radi,0.18047189113808207,0.8891671895980835,US-Baltimore
SWup,83,radi,1.3748677909719846,0.9811535477638245,US-Baltimore
LWup,83,radi,0.9560673426019588,0.9715860486030579,US-Baltimore
Qh,83,radi,0.5538096866948011,0.7925567030906677,US-Baltimore
Qle,83,radi,0.4696345486762695,0.44599494338035583,US-Baltimore
Qtau,83,radi,0.1805291765628745,0.8893558979034424,US-Baltimore
SWup,84,radi,1.3748677909719846,0.9811535477638245,US-Baltimore
LWup,84,radi,0.9600606146149443,0.9693423509597778,US-Baltimore
Qh,84,radi,0.5506767031370015,0.7907744646072388,US-Baltimore
Qle,84,radi,0.47054677921714466,0.4470829665660858,US-Baltimore
Qtau,84,radi,0.18023024208484953,0.8881773352622986,US-Baltimore
SWup,85,radi,1.3748677909719846,0.9811535477638245,US-Baltimore
LWup,85,radi,0.959300971558964,0.9698700308799744,US-Baltimore
Qh,85,radi,0.5515574637262425,0.7911595106124878,US-Baltimore
Qle,85,radi,0.4689260370952817,0.4452621042728424,US-Baltimore
Qtau,85,radi,0.18029039287037238,0.88847416639328,US-Baltimore
SWup,86,radi,1.3748677909719846,0.9811535477638245,US-Baltimore
LWup,86,radi,0.9584371022084213,0.9714704751968384,US-Baltimore
Qh,86,radi,0.5527901081870604,0.7920956611633301,US-Baltimore
Qle,86,radi,0.4726076510807504,0.4476960003376007,US-Baltimore
Qtau,86,radi,0.18047695727017193,0.8891611099243164,US-Baltimore
SWup,87,radi,1.3748677909719846,0.9811535477638245,US-Baltimore
LWup,87,radi,0.9576801383236491,0.9719568490982056,US-Baltimore
Qh,87,radi,0.5535229103821824,0.7924149632453918,US-Baltimore
Qle,87,radi,0.47229267695980265,0.44818738102912903,US-Baltimore
Qtau,87,radi,0.18053610572418452,0.8893492221832275,US-Baltimore
SWup,88,radi,1.3748677909719846,0.9811535477638245,US-Baltimore
LWup,88,radi,0.9580634558433377,0.9694347381591797,US-Baltimore
Qh,88,radi,0.5515648445381064,0.7914121150970459,US-Baltimore
Qle,88,radi,0.46835416188516593,0.44518613815307617,US-Baltimore
Qtau,88,radi,0.18027804893992547,0.8883922100067139,US-Baltimore
SWup,89,radi,1.3748677909719846,0.9811535477638245,US-Baltimore
LWup,89,radi,0.9572599658634381,0.9699681401252747,US-Baltimore
Qh,89,radi,0.5523244327259528,0.7918033003807068,US-Baltimore
Qle,89,radi,0.4680663708854768,0.4459957182407379,US-Baltimore
Qtau,89,radi,0.18033464798553156,0.8887178897857666,US-Baltimore
SWup,90,radi,1.3748677909719846,0.9811535477638245,US-Baltimore
LWup,90,radi,0.9564380484132772,0.9715359807014465,US-Baltimore
Qh,90,radi,0.5536782007086166,0.7926197648048401,US-Baltimore
Qle,90,radi,0.4695116068323952,0.4456872045993805,US-Baltimore
Qtau,90,radi,0.18052510186738718,0.8893250823020935,US-Baltimore
SWup,91,radi,1.3748677909719846,0.9811535477638245,US-Baltimore
LWup,91,radi,0.9556544888533408,0.9720419049263,US-Baltimore
Qh,91,radi,0.554380844222149,0.7929031848907471,US-Baltimore
Qle,91,radi,0.47012899317734547,0.44632023572921753,US-Baltimore
Qtau,91,radi,0.1805832370949818,0.8895105123519897,US-Baltimore
SWup,92,radi,1.3748677909719846,0.9811535477638245,US-Baltimore
LWup,92,radi,0.9595960071200609,0.9698472619056702,US-Baltimore
Qh,92,radi,0.5512291886767201,0.7911208868026733,US-Baltimore
Qle,92,radi,0.4710179533189613,0.4470832645893097,US-Baltimore
Qtau,92,radi,0.1802864489137777,0.888428270816803,US-Baltimore
SWup,93,radi,1.3748677909719846,0.9811535477638245,US-Baltimore
LWup,93,radi,0.9588133623990737,0.9703710675239563,US-Baltimore
Qh,93,radi,0.5519656568379996,0.7914249300956726,US-Baltimore
Qle,93,radi,0.4707494170301637,0.44756391644477844,US-Baltimore
Qtau,93,radi,0.18034485651406532,0.8887629508972168,US-Baltimore
SWup,94,radi,1.3748677909719846,0.9811535477638245,US-Baltimore
LWup,94,radi,0.958014250577002,0.9719241857528687,US-Baltimore
Qh,94,radi,0.5533482637544361,0.7924606204032898,US-Baltimore
Qle,94,radi,0.47310369156053667,0.44776758551597595,US-Baltimore
Qtau,94,radi,0.18053023336892338,0.8893188834190369,US-Baltimore
SWup,95,radi,1.3748677909719846,0.9811535477638245,US-Baltimore
LWup,95,radi,0.9572752567430165,0.9724029898643494,US-Baltimore
Qh,95,radi,0.5540917705707381,0.7927618026733398,US-Baltimore
Qle,95,radi,0.4728153342458213,0.4483400881290436,US-Baltimore
Qtau,95,radi,0.18059081995075502,0.889503538608551,US-Baltimore
SWup,96,radi,1.166297579125731,0.9814000725746155,US-Baltimore
LWup,96,radi,0.9881263052791435,0.9654329419136047,US-Baltimore
Qh,96,radi,0.5703430474267508,0.8004339933395386,US-Baltimore
Qle,96,radi,0.48877388575201847,0.4587053060531616,US-Baltimore
Qtau,96,radi,0.18091431155078116,0.892102062702179,US-Baltimore
SWup,97,radi,1.166297579125731,0.9814000725746155,US-Baltimore
LWup,97,radi,0.9874208991037192,0.9659556150436401,US-Baltimore
Qh,97,radi,0.5710390922011995,0.8007462024688721,US-Baltimore
Qle,97,radi,0.4885423143894779,0.4588896334171295,US-Baltimore
Qtau,97,radi,0.1809646569193559,0.8922258019447327,US-Baltimore
SWup,98,radi,1.166297579125731,0.9814000725746155,US-Baltimore
LWup,98,radi,0.9853495730315933,0.967886209487915,US-Baltimore
Qh,98,radi,0.5727683039979463,0.8019477128982544,US-Baltimore
Qle,98,radi,0.49064004821297236,0.4588319659233093,US-Baltimore
Qtau,98,radi,0.18115874970039003,0.8928806781768799,US-Baltimore
SWup,99,radi,1.166297579125731,0.9814000725746155,US-Baltimore
LWup,99,radi,0.9846633131284617,0.9683703780174255,US-Baltimore
Qh,99,radi,0.5734882019921935,0.8022128343582153,US-Baltimore
Qle,99,radi,0.49024795228208995,0.45891064405441284,US-Baltimore
Qtau,99,radi,0.18119356982546359,0.8930206894874573,US-Baltimore
SWup,100,radi,1.166297579125731,0.9814000725746155,US-Baltimore
LWup,100,radi,0.9895999147892864,0.9659194350242615,US-Baltimore
Qh,100,radi,0.5702388362287786,0.8004382252693176,US-Baltimore
Qle,100,radi,0.49091126162734844,0.458517462015152,US-Baltimore
Qtau,100,radi,0.18092265705009478,0.892136812210083,US-Baltimore
SWup,101,radi,1.166297579125731,0.9814000725746155,US-Baltimore
LWup,101,radi,0.9889100608759975,0.966438353061676,US-Baltimore
Qh,101,radi,0.5709307751211309,0.8007200360298157,US-Baltimore
Qle,101,radi,0.49063227425215783,0.45875006914138794,US-Baltimore
Qtau,101,radi,0.1809726102019916,0.8922603726387024,US-Baltimore
SWup,102,radi,1.166297579125731,0.9814000725746155,US-Baltimore
LWup,102,radi,0.9868795104827475,0.9683343768119812,US-Baltimore
Qh,102,radi,0.5726616488225357,0.8020517826080322,US-Baltimore
Qle,102,radi,0.49288126567083773,0.45860618352890015,US-Baltimore
Qtau,102,radi,0.1811609613666572,0.89295893907547,US-Baltimore
SWup,103,radi,1.166297579125731,0.9814000725746155,US-Baltimore
LWup,103,radi,0.9862248778690003,0.9688156843185425,US-Baltimore
Qh,103,radi,0.5733836486373799,0.8023182153701782,US-Baltimore
Qle,103,radi,0.4925235090238181,0.4587360620498657,US-Baltimore
Qtau,103,radi,0.18120290676137973,0.8930431604385376,US-Baltimore
SWup,104,radi,1.166297579125731,0.9814000725746155,US-Baltimore
LWup,104,radi,0.9874163249089736,0.9660041332244873,US-Baltimore
Qh,104,radi,0.5709595162958061,0.8008240461349487,US-Baltimore
Qle,104,radi,0.48924809736170305,0.4586601257324219,US-Baltimore
Qtau,104,radi,0.18096221646002658,0.8922215700149536,US-Baltimore
SWup,105,radi,1.166297579125731,0.9814000725746155,US-Baltimore
LWup,105,radi,0.986715819656491,0.9665243625640869,US-Baltimore
Qh,105,radi,0.5716737931419451,0.8011450171470642,US-Baltimore
Qle,105,radi,0.48906970812844314,0.4592023193836212,US-Baltimore
Qtau,105,radi,0.18104558429390102,0.8927158713340759,US-Baltimore
SWup,106,radi,1.166297579125731,0.9814000725746155,US-Baltimore
LWup,106,radi,0.9846845504612095,0.9684118628501892,US-Baltimore
Qh,106,radi,0.5734211392512846,0.802337646484375,US-Baltimore
Qle,106,radi,0.4910591728155608,0.45867711305618286,US-Baltimore
Qtau,106,radi,0.18119156516244309,0.893010675907135,US-Baltimore
SWup,107,radi,1.166297579125731,0.9814000725746155,US-Baltimore
LWup,107,radi,0.9840151497329978,0.9688919186592102,US-Baltimore
Qh,107,radi,0.5741498844438587,0.8026059865951538,US-Baltimore
Qle,107,radi,0.49069477483777907,0.4587828516960144,US-Baltimore
Qtau,107,radi,0.18123453467849127,0.8931505084037781,US-Baltimore
SWup,108,radi,1.166297579125731,0.9814000725746155,US-Baltimore
LWup,108,radi,0.9889051599530557,0.9664819836616516,US-Baltimore
Qh,108,radi,0.5708564782070042,0.8008559942245483,US-Baltimore
Qle,108,radi,0.49140431608245094,0.4584643244743347,US-Baltimore
Qtau,108,radi,0.18097135728760377,0.8922535181045532,US-Baltimore
SWup,109,radi,1.166297579125731,0.9814000725746155,US-Baltimore
LWup,109,radi,0.9882292900065607,0.966996967792511,US-Baltimore
Qh,109,radi,0.5715553091157328,0.8011416792869568,US-Baltimore
Qle,109,radi,0.49112378421173425,0.45869821310043335,US-Baltimore
Qtau,109,radi,0.1810224108251803,0.8923720121383667,US-Baltimore
SWup,110,radi,1.166297579125731,0.9814000725746155,US-Baltimore
LWup,110,radi,0.9862193888353055,0.968850314617157,US-Baltimore
Qh,110,radi,0.5732977183906467,0.8024513125419617,US-Baltimore
Qle,110,radi,0.4932949330559008,0.4583558738231659,US-Baltimore
Qtau,110,radi,0.1812002375089883,0.893033504486084,US-Baltimore
SWup,111,radi,1.166297579125731,0.9814000725746155,US-Baltimore
LWup,111,radi,0.9855881499604006,0.9693272113800049,US-Baltimore
Qh,111,radi,0.5740419095206314,0.8027198314666748,US-Baltimore
Qle,111,radi,0.49296636737432364,0.4585626721382141,US-Baltimore
Qtau,111,radi,0.18124261870001962,0.8931567072868347,US-Baltimore
SWup,112,radi,1.034362003076228,0.9811907410621643,US-Baltimore
LWup,112,radi,0.995713260721259,0.9650512337684631,US-Baltimore
Qh,112,radi,0.5847796710347712,0.8078323006629944,US-Baltimore
Qle,112,radi,0.4815541414154519,0.4501037001609802,US-Baltimore
Qtau,112,radi,0.1814352733532347,0.8939700722694397,US-Baltimore
SWup,113,radi,1.034362003076228,0.9811907410621643,US-Baltimore
LWup,113,radi,0.9947616321772382,0.9656256437301636,US-Baltimore
Qh,113,radi,0.5855670716858664,0.8081527352333069,US-Baltimore
Qle,113,radi,0.4811719817391205,0.45029544830322266,US-Baltimore
Qtau,113,radi,0.1814826226221864,0.89410799741745,US-Baltimore
SWup,114,radi,1.034362003076228,0.9811907410621643,US-Baltimore
LWup,114,radi,0.9928002174702873,0.9675138592720032,US-Baltimore
Qh,114,radi,0.5872707683581565,0.8092660307884216,US-Baltimore
Qle,114,radi,0.483503964050734,0.44928479194641113,US-Baltimore
Qtau,114,radi,0.18162638092955352,0.8943812847137451,US-Baltimore
SWup,115,radi,1.034362003076228,0.9811907410621643,US-Baltimore
LWup,115,radi,0.9918901487528131,0.968049943447113,US-Baltimore
Qh,115,radi,0.5880564582250448,0.8095862865447998,US-Baltimore
Qle,115,radi,0.4830978132105645,0.44950419664382935,US-Baltimore
Qtau,115,radi,0.1816757784411566,0.8944994211196899,US-Baltimore
SWup,116,radi,1.034362003076228,0.9811907410621643,US-Baltimore
LWup,116,radi,0.9972122896850601,0.9655249714851379,US-Baltimore
Qh,116,radi,0.5846220833695449,0.8077647089958191,US-Baltimore
Qle,116,radi,0.4840281658322787,0.4495539963245392,US-Baltimore
Qtau,116,radi,0.18143796439544158,0.8939769864082336,US-Baltimore
SWup,117,radi,1.034362003076228,0.9811907410621643,US-Baltimore
LWup,117,radi,0.9962797420676929,0.9660959839820862,US-Baltimore
Qh,117,radi,0.5854102172138715,0.8080717325210571,US-Baltimore
Qle,117,radi,0.483633444259002,0.4498220384120941,US-Baltimore
Qtau,117,radi,0.18148714400889024,0.8941170573234558,US-Baltimore
SWup,118,radi,1.034362003076228,0.9811907410621643,US-Baltimore
LWup,118,radi,0.994358580274504,0.9679442644119263,US-Baltimore
Qh,118,radi,0.5871093192085776,0.8092918992042542,US-Baltimore
Qle,118,radi,0.48596274944503703,0.4486635625362396,US-Baltimore
Qtau,118,radi,0.18163241670843047,0.8943799138069153,US-Baltimore
SWup,119,radi,1.034362003076228,0.9811907410621643,US-Baltimore
LWup,119,radi,0.9934704023461698,0.968476414680481,US-Baltimore
Qh,119,radi,0.587909281903706,0.8095833659172058,US-Baltimore
Qle,119,radi,0.4855852232552838,0.44892120361328125,US-Baltimore
Qtau,119,radi,0.18168186869457215,0.8944991230964661,US-Baltimore
SWup,120,radi,1.034362003076228,0.9811907410621643,US-Baltimore
LWup,120,radi,0.9951154134679976,0.9656001925468445,US-Baltimore
Qh,120,radi,0.5853982906039723,0.808184802532196,US-Baltimore
Qle,120,radi,0.4820375685151086,0.4499533474445343,US-Baltimore
Qtau,120,radi,0.1814766195280326,0.8940842151641846,US-Baltimore
SWup,121,radi,1.034362003076228,0.9811907410621643,US-Baltimore
LWup,121,radi,0.9941752857564803,0.9661707282066345,US-Baltimore
Qh,121,radi,0.5861938052601628,0.8085073828697205,US-Baltimore
Qle,121,radi,0.4816279168184133,0.45011600852012634,US-Baltimore
Qtau,121,radi,0.1815230645196435,0.894216001033783,US-Baltimore
SWup,122,radi,1.034362003076228,0.9811907410621643,US-Baltimore
LWup,122,radi,0.992249615114185,0.9680180549621582,US-Baltimore
Qh,122,radi,0.5878867973112729,0.8096144199371338,US-Baltimore
Qle,122,radi,0.48396525338118385,0.44909051060676575,US-Baltimore
Qtau,122,radi,0.18166914344235505,0.8944725394248962,US-Baltimore
SWup,123,radi,1.034362003076228,0.9811907410621643,US-Baltimore
LWup,123,radi,0.9913460809606331,0.9685482382774353,US-Baltimore
Qh,123,radi,0.5886810410991955,0.8099359273910522,US-Baltimore
Qle,123,radi,0.4835581758436987,0.4493136405944824,US-Baltimore
Qtau,123,radi,0.18172180942627417,0.8945925831794739,US-Baltimore
SWup,124,radi,1.034362003076228,0.9811907410621643,US-Baltimore
LWup,124,radi,0.9966241789320431,0.9660664200782776,US-Baltimore
Qh,124,radi,0.5852369880930397,0.8081477284431458,US-Baltimore
Qle,124,radi,0.4844982073040429,0.44931426644325256,US-Baltimore
Qtau,124,radi,0.18148086854204346,0.8940899968147278,US-Baltimore
SWup,125,radi,1.034362003076228,0.9811907410621643,US-Baltimore
LWup,125,radi,0.9957069875398935,0.9666325449943542,US-Baltimore
Qh,125,radi,0.5860362664744854,0.808434247970581,US-Baltimore
Qle,125,radi,0.4840956088035833,0.4495839476585388,US-Baltimore
Qtau,125,radi,0.18152725905911576,0.8942221999168396,US-Baltimore
SWup,126,radi,1.034362003076228,0.9811907410621643,US-Baltimore
LWup,126,radi,0.9938159500863869,0.9684382677078247,US-Baltimore
Qh,126,radi,0.5877304805143145,0.809654951095581,US-Baltimore
Qle,126,radi,0.4864341809627747,0.44849103689193726,US-Baltimore
Qtau,126,radi,0.18167595275968013,0.8944694399833679,US-Baltimore
SWup,127,radi,1.034362003076228,0.9811907410621643,US-Baltimore
LWup,127,radi,0.9929405799033407,0.9689652323722839,US-Baltimore
Qh,127,radi,0.5885361132371,0.8099464178085327,US-Baltimore
Qle,127,radi,0.48606643657801984,0.4487278163433075,US-Baltimore
Qtau,127,radi,0.1817284444250757,0.8945895433425903,US-Baltimore
SWup,128,radi,1.4841424769314948,0.9813677072525024,US-Baltimore
LWup,128,radi,0.954219956035454,0.968784511089325,US-Baltimore
Qh,128,radi,0.5417073548177198,0.7855917811393738,US-Baltimore
Qle,128,radi,0.4693066007929028,0.44840502738952637,US-Baltimore
Qtau,128,radi,0.17979822630902317,0.885898232460022,US-Baltimore
SWup,129,radi,1.4841424769314948,0.9813677072525024,US-Baltimore
LWup,129,radi,0.9536328254670253,0.9692746996879578,US-Baltimore
Qh,129,radi,0.5423736808265179,0.7859269380569458,US-Baltimore
Qle,129,radi,0.46904413951984103,0.44893503189086914,US-Baltimore
Qtau,129,radi,0.17985576231669317,0.8861981630325317,US-Baltimore
SWup,130,radi,1.4841424769314948,0.9813677072525024,US-Baltimore
LWup,130,radi,0.9525514204835055,0.9709715247154236,US-Baltimore
Qh,130,radi,0.5436019750074956,0.7864656448364258,US-Baltimore
Qle,130,radi,0.47305431918688695,0.4510676860809326,US-Baltimore
Qtau,130,radi,0.18005961693504455,0.8870061635971069,US-Baltimore
SWup,131,radi,1.4841424769314948,0.9813677072525024,US-Baltimore
LWup,131,radi,0.9520075487282432,0.9714165329933167,US-Baltimore
Qh,131,radi,0.5442497756673109,0.7867364287376404,US-Baltimore
Qle,131,radi,0.47278104644514274,0.45161646604537964,US-Baltimore
Qtau,131,radi,0.1801205194692001,0.8872956037521362,US-Baltimore
SWup,132,radi,1.4841424769314948,0.9813677072525024,US-Baltimore
LWup,132,radi,0.9556663164140404,0.9692162871360779,US-Baltimore
Qh,132,radi,0.5414152995138343,0.7851831316947937,US-Baltimore
Qle,132,radi,0.4724052706836524,0.44980233907699585,US-Baltimore
Qtau,132,radi,0.1798041967184538,0.8859472870826721,US-Baltimore
SWup,133,radi,1.4841424769314948,0.9813677072525024,US-Baltimore
LWup,133,radi,0.9551004885239989,0.9697169661521912,US-Baltimore
Qh,133,radi,0.5420423752449721,0.785392165184021,US-Baltimore
Qle,133,radi,0.47295413291042987,0.4505656659603119,US-Baltimore
Qtau,133,radi,0.1798642712396226,0.8862583637237549,US-Baltimore
SWup,134,radi,1.4841424769314948,0.9813677072525024,US-Baltimore
LWup,134,radi,0.9540969101967949,0.9713541269302368,US-Baltimore
Qh,134,radi,0.5434943422411097,0.786403477191925,US-Baltimore
Qle,134,radi,0.47440528942353144,0.45042338967323303,US-Baltimore
Qtau,134,radi,0.18006411653193297,0.8870540261268616,US-Baltimore
SWup,135,radi,1.4841424769314948,0.9813677072525024,US-Baltimore
LWup,135,radi,0.9535829667442973,0.971795380115509,US-Baltimore
Qh,135,radi,0.5441585175497621,0.7866684198379517,US-Baltimore
Qle,135,radi,0.47415307330412587,0.4509395360946655,US-Baltimore
Qtau,135,radi,0.18012559649619767,0.8873507380485535,US-Baltimore
SWup,136,radi,1.4841424769314948,0.9813677072525024,US-Baltimore
LWup,136,radi,0.9535349376994675,0.969342052936554,US-Baltimore
Qh,136,radi,0.5423153675248383,0.785814106464386,US-Baltimore
Qle,136,radi,0.46996810822671425,0.4486904442310333,US-Baltimore
Qtau,136,radi,0.17985589305558583,0.8862110376358032,US-Baltimore
SWup,137,radi,1.4841424769314948,0.9813677072525024,US-Baltimore
LWup,137,radi,0.9529514011411963,0.9698247313499451,US-Baltimore
Qh,137,radi,0.5429725041784682,0.7862362265586853,US-Baltimore
Qle,137,radi,0.4695590743282294,0.449138343334198,US-Baltimore
Qtau,137,radi,0.17991621815963219,0.8865070939064026,US-Baltimore
SWup,138,radi,1.4841424769314948,0.9813677072525024,US-Baltimore
LWup,138,radi,0.9519078966284265,0.9714733958244324,US-Baltimore
Qh,138,radi,0.5442052463983837,0.786837637424469,US-Baltimore
Qle,138,radi,0.473442244979849,0.451182097196579,US-Baltimore
Qtau,138,radi,0.1801194517682435,0.8872999548912048,US-Baltimore
SWup,139,radi,1.4841424769314948,0.9813677072525024,US-Baltimore
LWup,139,radi,0.9513836939105705,0.9719163179397583,US-Baltimore
Qh,139,radi,0.5448702037798164,0.7871121764183044,US-Baltimore
Qle,139,radi,0.4733170893590539,0.45178747177124023,US-Baltimore
Qtau,139,radi,0.1801776850500076,0.8875929713249207,US-Baltimore
SWup,140,radi,1.4841424769314948,0.9813677072525024,US-Baltimore
LWup,140,radi,0.9549878979876157,0.9697623252868652,US-Baltimore
Qh,140,radi,0.5420177399523933,0.7855359315872192,US-Baltimore
Qle,140,radi,0.4729366801109854,0.44998985528945923,US-Baltimore
Qtau,140,radi,0.17986377007386747,0.8862510919570923,US-Baltimore
SWup,141,radi,1.4841424769314948,0.9813677072525024,US-Baltimore
LWup,141,radi,0.9544339630039129,0.9702578783035278,US-Baltimore
Qh,141,radi,0.5426507789884808,0.7857539653778076,US-Baltimore
Qle,141,radi,0.4734788495238166,0.4507591128349304,US-Baltimore
Qtau,141,radi,0.17992480334691566,0.8865625262260437,US-Baltimore
SWup,142,radi,1.4841424769314948,0.9813677072525024,US-Baltimore
LWup,142,radi,0.9534677623823452,0.9718493819236755,US-Baltimore
Qh,142,radi,0.5441043101301789,0.7867697477340698,US-Baltimore
Qle,142,radi,0.47496321269072844,0.4505804479122162,US-Baltimore
Qtau,142,radi,0.18012333035539188,0.8873486518859863,US-Baltimore
SWup,143,radi,1.4841424769314948,0.9813677072525024,US-Baltimore
LWup,143,radi,0.9529696325745398,0.972284197807312,US-Baltimore
Qh,143,radi,0.544779483337304,0.7870444655418396,US-Baltimore
Qle,143,radi,0.47470023658582466,0.45110514760017395,US-Baltimore
Qtau,143,radi,0.18018289281589786,0.8876459002494812,US-Baltimore
SWup,144,radi,1.3544043407189283,0.9812005758285522,US-Baltimore
LWup,144,radi,0.9617384945933019,0.968543529510498,US-Baltimore
Qh,144,radi,0.5556871012834108,0.7932791709899902,US-Baltimore
Qle,144,radi,0.46136650374298194,0.43978163599967957,US-Baltimore
Qtau,144,radi,0.1803460222691914,0.8888505697250366,US-Baltimore
SWup,145,radi,1.3544043407189283,0.9812005758285522,US-Baltimore
LWup,145,radi,0.9609289274689543,0.9690828919410706,US-Baltimore
Qh,145,radi,0.556439797454881,0.7936885356903076,US-Baltimore
Qle,145,radi,0.46119099756803733,0.4401848316192627,US-Baltimore
Qtau,145,radi,0.18040604231582158,0.8891252279281616,US-Baltimore
SWup,146,radi,1.3544043407189283,0.9812005758285522,US-Baltimore
LWup,146,radi,0.9598666687577271,0.9706783294677734,US-Baltimore
Qh,146,radi,0.557686323707549,0.794472336769104,US-Baltimore
Qle,146,radi,0.4635197879222303,0.44171029329299927,US-Baltimore
Qtau,146,radi,0.18059767284771097,0.8896677494049072,US-Baltimore
SWup,147,radi,1.3544043407189283,0.9812005758285522,US-Baltimore
LWup,147,radi,0.9590865725166696,0.9711779952049255,US-Baltimore
Qh,147,radi,0.5584421481701404,0.7948774695396423,US-Baltimore
Qle,147,radi,0.4632744705495078,0.4423147141933441,US-Baltimore
Qtau,147,radi,0.18066988429608002,0.8902438282966614,US-Baltimore
SWup,148,radi,1.3544043407189283,0.9812005758285522,US-Baltimore
LWup,148,radi,0.9631513326589664,0.96891188621521,US-Baltimore
Qh,148,radi,0.5552636577524381,0.7929270267486572,US-Baltimore
Qle,148,radi,0.46282548570008225,0.4404643177986145,US-Baltimore
Qtau,148,radi,0.1803597171681956,0.8889106512069702,US-Baltimore
SWup,149,radi,1.3544043407189283,0.9812005758285522,US-Baltimore
LWup,149,radi,0.9623494763200473,0.9694483280181885,US-Baltimore
Qh,149,radi,0.5560125413191046,0.7932588458061218,US-Baltimore
Qle,149,radi,0.4626353068176401,0.44080835580825806,US-Baltimore
Qtau,149,radi,0.1804214259255224,0.8891939520835876,US-Baltimore
SWup,150,radi,1.3544043407189283,0.9812005758285522,US-Baltimore
LWup,150,radi,0.9614782229122721,0.9710562229156494,US-Baltimore
Qh,150,radi,0.5573853234462389,0.7942594289779663,US-Baltimore
Qle,150,radi,0.46457045674542463,0.4418717920780182,US-Baltimore
Qtau,150,radi,0.18060370862658792,0.8896844983100891,US-Baltimore
SWup,151,radi,1.3544043407189283,0.9812005758285522,US-Baltimore
LWup,151,radi,0.9607205402254686,0.9715458750724792,US-Baltimore
Qh,151,radi,0.5581186633163973,0.7945820689201355,US-Baltimore
Qle,151,radi,0.4643175713446244,0.442086398601532,US-Baltimore
Qtau,151,radi,0.18067665003377423,0.8902711272239685,US-Baltimore
SWup,152,radi,1.3544043407189283,0.9812005758285522,US-Baltimore
LWup,152,radi,0.9611630608942943,0.9690731167793274,US-Baltimore
Qh,152,radi,0.5562413464868851,0.7936024069786072,US-Baltimore
Qle,152,radi,0.4617240544572648,0.44023656845092773,US-Baltimore
Qtau,152,radi,0.1804035582768614,0.8891146183013916,US-Baltimore
SWup,153,radi,1.3544043407189283,0.9812005758285522,US-Baltimore
LWup,153,radi,0.9603715945120118,0.9696084856987,US-Baltimore
Qh,153,radi,0.5569980507813542,0.7940084934234619,US-Baltimore
Qle,153,radi,0.4615463345053995,0.4406735599040985,US-Baltimore
Qtau,153,radi,0.18046446081101694,0.8893904685974121,US-Baltimore
SWup,154,radi,1.3544043407189283,0.9812005758285522,US-Baltimore
LWup,154,radi,0.9593309652073678,0.9711606502532959,US-Baltimore
Qh,154,radi,0.5582465810955217,0.7948005795478821,US-Baltimore
Qle,154,radi,0.46402102820362096,0.4418225884437561,US-Baltimore
Qtau,154,radi,0.18066658313904083,0.8902305960655212,US-Baltimore
SWup,155,radi,1.3544043407189283,0.9812005758285522,US-Baltimore
LWup,155,radi,0.9585717795708621,0.971653163433075,US-Baltimore
Qh,155,radi,0.5590104706836597,0.7952108979225159,US-Baltimore
Qle,155,radi,0.4637154240221979,0.4423116445541382,US-Baltimore
Qtau,155,radi,0.1807190639095287,0.8903971314430237,US-Baltimore
SWup,156,radi,1.3544043407189283,0.9812005758285522,US-Baltimore
LWup,156,radi,0.9625894908529175,0.969435453414917,US-Baltimore
Qh,156,radi,0.5558455199009661,0.7932871580123901,US-Baltimore
Qle,156,radi,0.4632967627682673,0.4408348500728607,US-Baltimore
Qtau,156,radi,0.18041629442398624,0.8891744613647461,US-Baltimore
SWup,157,radi,1.3544043407189283,0.9812005758285522,US-Baltimore
LWup,157,radi,0.9618022719371846,0.9699662327766418,US-Baltimore
Qh,157,radi,0.5565635604723602,0.7936278581619263,US-Baltimore
Qle,157,radi,0.46311301928385035,0.4411623179912567,US-Baltimore
Qtau,157,radi,0.1804784171878064,0.8894261717796326,US-Baltimore
SWup,158,radi,1.3544043407189283,0.9812005758285522,US-Baltimore
LWup,158,radi,0.9609527786272711,0.9715315699577332,US-Baltimore
Qh,158,radi,0.5579710959586682,0.7946260571479797,US-Baltimore
Qle,158,radi,0.46508539155381295,0.44209423661231995,US-Baltimore
Qtau,158,radi,0.18067113721046782,0.8902435302734375,US-Baltimore
SWup,159,radi,1.3544043407189283,0.9812005758285522,US-Baltimore
LWup,159,radi,0.96021679069269,0.9720138907432556,US-Baltimore
Qh,159,radi,0.5587169978728598,0.7949536442756653,US-Baltimore
Qle,159,radi,0.46480666159454337,0.4421282112598419,US-Baltimore
Qtau,159,radi,0.18072184211099732,0.8904183506965637,US-Baltimore
SWup,160,radi,1.1436677844795293,0.9814383387565613,US-Baltimore
LWup,160,radi,0.9914578220037064,0.9649497866630554,US-Baltimore
Qh,160,radi,0.5750656427900173,0.802570641040802,US-Baltimore
Qle,160,radi,0.4834414634651128,0.45461925864219666,US-Baltimore
Qtau,160,radi,0.18108098184908375,0.8929030299186707,US-Baltimore
SWup,161,radi,1.1436677844795293,0.9814383387565613,US-Baltimore
LWup,161,radi,0.990748299053011,0.9654878973960876,US-Baltimore
Qh,161,radi,0.5757399361652645,0.8028265237808228,US-Baltimore
Qle,161,radi,0.48393070816458433,0.45518213510513306,US-Baltimore
Qtau,161,radi,0.18112846185692807,0.8930523991584778,US-Baltimore
SWup,162,radi,1.1436677844795293,0.9814383387565613,US-Baltimore
LWup,162,radi,0.988633518130801,0.9674208164215088,US-Baltimore
Qh,162,radi,0.5775186140653639,0.8040481209754944,US-Baltimore
Qle,162,radi,0.48544632162430684,0.4540747106075287,US-Baltimore
Qtau,162,radi,0.18128119756825659,0.8933379650115967,US-Baltimore
SWup,163,radi,1.1436677844795293,0.9814383387565613,US-Baltimore
LWup,163,radi,0.9879677114127465,0.9679070711135864,US-Baltimore
Qh,163,radi,0.5782578683609231,0.8043215870857239,US-Baltimore
Qle,163,radi,0.48512398540801815,0.4542539417743683,US-Baltimore
Qtau,163,radi,0.1813237966574423,0.8934941291809082,US-Baltimore
SWup,164,radi,1.1436677844795293,0.9814383387565613,US-Baltimore
LWup,164,radi,0.9928937924256562,0.965432345867157,US-Baltimore
Qh,164,radi,0.5749192485414587,0.8025271892547607,US-Baltimore
Qle,164,radi,0.4858983439816003,0.4537217319011688,US-Baltimore
Qtau,164,radi,0.18105566208354215,0.8925509452819824,US-Baltimore
SWup,165,radi,1.1436677844795293,0.9814383387565613,US-Baltimore
LWup,165,radi,0.9922025009083044,0.9659535884857178,US-Baltimore
Qh,165,radi,0.5756426169836685,0.8028090596199036,US-Baltimore
Qle,165,radi,0.4855853262216522,0.45432204008102417,US-Baltimore
Qtau,165,radi,0.18113223149499924,0.8930751085281372,US-Baltimore
SWup,166,radi,1.1436677844795293,0.9814383387565613,US-Baltimore
LWup,166,radi,0.9901187591647259,0.9678658246994019,US-Baltimore
Qh,166,radi,0.5773836087516682,0.8040704727172852,US-Baltimore
Qle,166,radi,0.48786500161811647,0.45362940430641174,US-Baltimore
Qtau,166,radi,0.1812863944392391,0.8933433890342712,US-Baltimore
SWup,167,radi,1.1436677844795293,0.9814383387565613,US-Baltimore
LWup,167,radi,0.9894720987189641,0.9683482050895691,US-Baltimore
Qh,167,radi,0.5781247204700805,0.8043231964111328,US-Baltimore
Qle,167,radi,0.48763204020960244,0.4536915719509125,US-Baltimore
Qtau,167,radi,0.18132788224783736,0.8934991359710693,US-Baltimore
SWup,168,radi,1.1436677844795293,0.9814383387565613,US-Baltimore
LWup,168,radi,0.9906393025267852,0.9655443429946899,US-Baltimore
Qh,168,radi,0.5757150075953931,0.8029775619506836,US-Baltimore
Qle,168,radi,0.4839766826480767,0.45450684428215027,US-Baltimore
Qtau,168,radi,0.18112703462401675,0.893048107624054,US-Baltimore
SWup,169,radi,1.1436677844795293,0.9814383387565613,US-Baltimore
LWup,169,radi,0.9899576168183992,0.9660651683807373,US-Baltimore
Qh,169,radi,0.5764377894830176,0.8032714128494263,US-Baltimore
Qle,169,radi,0.4836767416169159,0.4547242522239685,US-Baltimore
Qtau,169,radi,0.18117694419628266,0.8931405544281006,US-Baltimore
SWup,170,radi,1.1436677844795293,0.9814383387565613,US-Baltimore
LWup,170,radi,0.9878577347019324,0.9679728746414185,US-Baltimore
Qh,170,radi,0.5782043941345715,0.8044213056564331,US-Baltimore
Qle,170,radi,0.48593536039104157,0.45369258522987366,US-Baltimore
Qtau,170,radi,0.1813197328568627,0.8934797644615173,US-Baltimore
SWup,171,radi,1.1436677844795293,0.9814383387565613,US-Baltimore
LWup,171,radi,0.9872042783096913,0.9684541821479797,US-Baltimore
Qh,171,radi,0.5789370008114982,0.8047177791595459,US-Baltimore
Qle,171,radi,0.485559533146367,0.4539172649383545,US-Baltimore
Qtau,171,radi,0.18136728912906108,0.8936157822608948,US-Baltimore
SWup,172,radi,1.1436677844795293,0.9814383387565613,US-Baltimore
LWup,172,radi,0.9920819382039359,0.9660200476646423,US-Baltimore
Qh,172,radi,0.5755931997598646,0.8029321432113647,US-Baltimore
Qle,172,radi,0.486510993873604,0.4539390802383423,US-Baltimore
Qtau,172,radi,0.18113043383522542,0.8930693864822388,US-Baltimore
SWup,173,radi,1.1436677844795293,0.9814383387565613,US-Baltimore
LWup,173,radi,0.9914193334222035,0.966537594795227,US-Baltimore
Qh,173,radi,0.5763169103589156,0.8032115697860718,US-Baltimore
Qle,173,radi,0.4861632764475038,0.45416760444641113,US-Baltimore
Qtau,173,radi,0.18117984224173622,0.8931675553321838,US-Baltimore
SWup,174,radi,1.1436677844795293,0.9814383387565613,US-Baltimore
LWup,174,radi,0.9893587893805494,0.9684063792228699,US-Baltimore
Qh,174,radi,0.5780684112299004,0.804463267326355,US-Baltimore
Qle,174,radi,0.48828788449315164,0.45348793268203735,US-Baltimore
Qtau,174,radi,0.18132548536813894,0.8934839367866516,US-Baltimore
SWup,175,radi,1.1436677844795293,0.9814383387565613,US-Baltimore
LWup,175,radi,0.9887245446062403,0.9688835144042969,US-Baltimore
Qh,175,radi,0.5788030219683267,0.804738461971283,US-Baltimore
Qle,175,radi,0.4880071981728824,0.4535999596118927,US-Baltimore
Qtau,175,radi,0.1813728128472752,0.8936206698417664,US-Baltimore
SWup,176,radi,1.0139020553319502,0.9812509417533875,US-Baltimore
LWup,176,radi,0.9988075727754384,0.9645843505859375,US-Baltimore
Qh,176,radi,0.5895249465086658,0.809808611869812,US-Baltimore
Qle,176,radi,0.4733468466395227,0.44343236088752747,US-Baltimore
Qtau,176,radi,0.18155424574553852,0.8943439722061157,US-Baltimore
SWup,177,radi,1.0139020553319502,0.9812509417533875,US-Baltimore
LWup,177,radi,0.9978546373186332,0.9651694893836975,US-Baltimore
Qh,177,radi,0.5903169907168938,0.8102614879608154,US-Baltimore
Qle,177,radi,0.4731122377691142,0.44399335980415344,US-Baltimore
Qtau,177,radi,0.18159910008062233,0.8944569230079651,US-Baltimore
SWup,178,radi,1.0139020553319502,0.9812509417533875,US-Baltimore
LWup,178,radi,0.9958477420467823,0.9670629501342773,US-Baltimore
Qh,178,radi,0.5920184878094894,0.8112446069717407,US-Baltimore
Qle,178,radi,0.4751088071356517,0.4429762363433838,US-Baltimore
Qtau,178,radi,0.18174826226221863,0.8947260975837708,US-Baltimore
SWup,179,radi,1.0139020553319502,0.9812509417533875,US-Baltimore
LWup,179,radi,0.994944665312705,0.9675956964492798,US-Baltimore
Qh,179,radi,0.5928178639500326,0.8115584850311279,US-Baltimore
Qle,179,radi,0.47477354864012833,0.44317376613616943,US-Baltimore
Qtau,179,radi,0.18179293138387118,0.8948213458061218,US-Baltimore
SWup,180,radi,1.0139020553319502,0.9812509417533875,US-Baltimore
LWup,180,radi,1.0002681131577364,0.9650661945343018,US-Baltimore
Qh,180,radi,0.5891642154387619,0.809686005115509,US-Baltimore
Qle,180,radi,0.47679364582184613,0.44651228189468384,US-Baltimore
Qtau,180,radi,0.18155996557209161,0.8943440318107605,US-Baltimore
SWup,181,radi,1.0139020553319502,0.9812509417533875,US-Baltimore
LWup,181,radi,0.9993520979870929,0.9656375646591187,US-Baltimore
Qh,181,radi,0.5899544022241368,0.8100044131278992,US-Baltimore
Qle,181,radi,0.47639784310170125,0.44656696915626526,US-Baltimore
Qtau,181,radi,0.18160505959514522,0.8944701552391052,US-Baltimore
SWup,182,radi,1.0139020553319502,0.9812509417533875,US-Baltimore
LWup,182,radi,0.9973611470512127,0.967498242855072,US-Baltimore
Qh,182,radi,0.591665430828742,0.8111710548400879,US-Baltimore
Qle,182,radi,0.4787154101217382,0.44571998715400696,US-Baltimore
Qtau,182,radi,0.181755333057329,0.8947141766548157,US-Baltimore
SWup,183,radi,1.0139020553319502,0.9812509417533875,US-Baltimore
LWup,183,radi,0.9964721849752078,0.9680300354957581,US-Baltimore
Qh,183,radi,0.5924610921235789,0.8114652037620544,US-Baltimore
Qle,183,radi,0.4782943806413343,0.44591665267944336,US-Baltimore
Qtau,183,radi,0.18179958817248817,0.8948090076446533,US-Baltimore
SWup,184,radi,1.0139020553319502,0.9812509417533875,US-Baltimore
LWup,184,radi,0.9981066754491206,0.9651554226875305,US-Baltimore
Qh,184,radi,0.59016961887736,0.8101746439933777,US-Baltimore
Qle,184,radi,0.47377812127358276,0.44332262873649597,US-Baltimore
Qtau,184,radi,0.18159409931797876,0.8944490551948547,US-Baltimore
SWup,185,radi,1.0139020553319502,0.9812509417533875,US-Baltimore
LWup,185,radi,0.9971643259858697,0.9657347798347473,US-Baltimore
Qh,185,radi,0.5909492476802011,0.8105981945991516,US-Baltimore
Qle,185,radi,0.4735341939468337,0.4437786042690277,US-Baltimore
Qtau,185,radi,0.1816415248512845,0.8945621848106384,US-Baltimore
SWup,186,radi,1.0139020553319502,0.9812509417533875,US-Baltimore
LWup,186,radi,0.9951886659295679,0.9675875902175903,US-Baltimore
Qh,186,radi,0.5926675593375726,0.8116049766540527,US-Baltimore
Qle,186,radi,0.4755735458394431,0.4429081082344055,US-Baltimore
Qtau,186,radi,0.1817870481337023,0.8947975635528564,US-Baltimore
SWup,187,radi,1.0139020553319502,0.9812509417533875,US-Baltimore
LWup,187,radi,0.9942949336218997,0.9681189060211182,US-Baltimore
Qh,187,radi,0.5934630739937632,0.8119206428527832,US-Baltimore
Qle,187,radi,0.4752098686262402,0.4428466558456421,US-Baltimore
Qtau,187,radi,0.18183923474168173,0.8949078917503357,US-Baltimore
SWup,188,radi,1.0139020553319502,0.9812509417533875,US-Baltimore
LWup,188,radi,0.99957721371422,0.965627908706665,US-Baltimore
Qh,188,radi,0.5898073725414442,0.8100528717041016,US-Baltimore
Qle,188,radi,0.4772642021254524,0.44630032777786255,US-Baltimore
Qtau,188,radi,0.18159888218246792,0.8944463133811951,US-Baltimore
SWup,189,radi,1.0139020553319502,0.9812509417533875,US-Baltimore
LWup,189,radi,0.9986725033391621,0.966195821762085,US-Baltimore
Qh,189,radi,0.5906024472816959,0.8103730082511902,US-Baltimore
Qle,189,radi,0.47686932610262306,0.44644981622695923,US-Baltimore
Qtau,189,radi,0.18164824700934784,0.8945703506469727,US-Baltimore
SWup,190,radi,1.0139020553319502,0.9812509417533875,US-Baltimore
LWup,190,radi,0.9967162509377099,0.968014121055603,US-Baltimore
Qh,190,radi,0.592312449415777,0.8115408420562744,US-Baltimore
Qle,190,radi,0.47922339470025926,0.445549339056015,US-Baltimore
Qtau,190,radi,0.1817946636741987,0.8947834968566895,US-Baltimore
SWup,191,radi,1.0139020553319502,0.9812509417533875,US-Baltimore
LWup,191,radi,0.9958413381741383,0.9685410857200623,US-Baltimore
Qh,191,radi,0.5931076219151261,0.8118368983268738,US-Baltimore
Qle,191,radi,0.4788010781402503,0.4457337260246277,US-Baltimore
Qtau,191,radi,0.18184659969930056,0.8948938846588135,US-Baltimore
SWup,192,radi,1.4670256311029615,0.9813922643661499,US-Baltimore
LWup,192,radi,0.9549726724536765,0.9688265323638916,US-Baltimore
Qh,192,radi,0.5417904011710758,0.7856482267379761,US-Baltimore
Qle,192,radi,0.47968159503965696,0.4533956050872803,US-Baltimore
Qtau,192,radi,0.17981314143769203,0.8861015439033508,US-Baltimore
SWup,193,radi,1.4670256311029615,0.9813922643661499,US-Baltimore
LWup,193,radi,0.954399591197681,0.9693152904510498,US-Baltimore
Qh,193,radi,0.5424463647155352,0.7859745621681213,US-Baltimore
Qle,193,radi,0.4796022079696175,0.4541093409061432,US-Baltimore
Qtau,193,radi,0.17987291090144467,0.8864016532897949,US-Baltimore
SWup,194,radi,1.4670256311029615,0.9813922643661499,US-Baltimore
LWup,194,radi,0.9533790230042788,0.9709818959236145,US-Baltimore
Qh,194,radi,0.5439180301698261,0.7869011759757996,US-Baltimore
Qle,194,radi,0.4808262721572041,0.4538341760635376,US-Baltimore
Qtau,194,radi,0.18007434685028217,0.8871995210647583,US-Baltimore
SWup,195,radi,1.4670256311029615,0.9813922643661499,US-Baltimore
LWup,195,radi,0.952840509591433,0.9714435935020447,US-Baltimore
Qh,195,radi,0.5445603074406307,0.7871251702308655,US-Baltimore
Qle,195,radi,0.48139608803995176,0.4546194076538086,US-Baltimore
Qtau,195,radi,0.180134148998758,0.8874982595443726,US-Baltimore
SWup,196,radi,1.4670256311029615,0.9813922643661499,US-Baltimore
LWup,196,radi,0.9564393553260617,0.9692605137825012,US-Baltimore
Qh,196,radi,0.5416893182642246,0.7855564951896667,US-Baltimore
Qle,196,radi,0.4811096870862361,0.4527301490306854,US-Baltimore
Qtau,196,radi,0.1798155056326673,0.8861432075500488,US-Baltimore
SWup,197,radi,1.4670256311029615,0.9813922643661499,US-Baltimore
LWup,197,radi,0.9558928697452305,0.9697405099868774,US-Baltimore
Qh,197,radi,0.5423431799880871,0.7858133912086487,US-Baltimore
Qle,197,radi,0.4809369610032384,0.45322534441947937,US-Baltimore
Qtau,197,radi,0.1798767785936853,0.8864489197731018,US-Baltimore
SWup,198,radi,1.4670256311029615,0.9813922643661499,US-Baltimore
LWup,198,radi,0.9548667471724942,0.9713935256004333,US-Baltimore
Qh,198,radi,0.5437816562287648,0.7867777943611145,US-Baltimore
Qle,198,radi,0.4828505394768423,0.4536268711090088,US-Baltimore
Qtau,198,radi,0.18007631882857952,0.8872376680374146,US-Baltimore
SWup,199,radi,1.4670256311029615,0.9813922643661499,US-Baltimore
LWup,199,radi,0.9543545680522556,0.9718320965766907,US-Baltimore
Qh,199,radi,0.5444467602488439,0.7870382070541382,US-Baltimore
Qle,199,radi,0.4826185047656439,0.45407527685165405,US-Baltimore
Qtau,199,radi,0.1801380602706295,0.8875329494476318,US-Baltimore
SWup,200,radi,1.4670256311029615,0.9813922643661499,US-Baltimore
LWup,200,radi,0.9542762839764651,0.9693827629089355,US-Baltimore
Qh,200,radi,0.5423944546347441,0.7859985828399658,US-Baltimore
Qle,200,radi,0.4802123351855953,0.45357823371887207,US-Baltimore
Qtau,200,radi,0.17987199572919618,0.8864052295684814,US-Baltimore
SWup,201,radi,1.4670256311029615,0.9813922643661499,US-Baltimore
LWup,201,radi,0.9537196698215541,0.9698646664619446,US-Baltimore
Qh,201,radi,0.5430581411479088,0.7862508893013,US-Baltimore
Qle,201,radi,0.48009907218035097,0.4541379511356354,US-Baltimore
Qtau,201,radi,0.17993351927309176,0.8867037892341614,US-Baltimore
SWup,202,radi,1.4670256311029615,0.9813922643661499,US-Baltimore
LWup,202,radi,0.9527389624680787,0.9714870452880859,US-Baltimore
Qh,202,radi,0.544529757722651,0.7872705459594727,US-Baltimore
Qle,202,radi,0.48138836556232145,0.4539870321750641,US-Baltimore
Qtau,202,radi,0.18013376767698777,0.8874933123588562,US-Baltimore
SWup,203,radi,1.4670256311029615,0.9813922643661499,US-Baltimore
LWup,203,radi,0.952216001317368,0.9719427824020386,US-Baltimore
Qh,203,radi,0.5451836683260621,0.7875028252601624,US-Baltimore
Qle,203,radi,0.4819458254808607,0.4547753930091858,US-Baltimore
Qtau,203,radi,0.1801916414267971,0.8877925872802734,US-Baltimore
SWup,204,radi,1.4670256311029615,0.9813922643661499,US-Baltimore
LWup,204,radi,0.9557498934866081,0.9698090553283691,US-Baltimore
Qh,204,radi,0.5422882393752725,0.785900890827179,US-Baltimore
Qle,204,radi,0.4815695863707125,0.4528302252292633,US-Baltimore
Qtau,204,radi,0.17987415292092476,0.8864412307739258,US-Baltimore
SWup,205,radi,1.4670256311029615,0.9813922643661499,US-Baltimore
LWup,205,radi,0.9552220967585949,0.9702820777893066,US-Baltimore
Qh,205,radi,0.5429498240678401,0.7861981987953186,US-Baltimore
Qle,205,radi,0.4813727146743241,0.4533537030220032,US-Baltimore
Qtau,205,radi,0.17993757217876363,0.8867490291595459,US-Baltimore
SWup,206,radi,1.4670256311029615,0.9813922643661499,US-Baltimore
LWup,206,radi,0.9542369459016522,0.971889853477478,US-Baltimore
Qh,206,radi,0.5443873715970914,0.7871749997138977,US-Baltimore
Qle,206,radi,0.48332521443518467,0.4537489116191864,US-Baltimore
Qtau,206,radi,0.1801364805090101,0.8875293135643005,US-Baltimore
SWup,207,radi,1.4670256311029615,0.9813922643661499,US-Baltimore
LWup,207,radi,0.9537437170167886,0.9723213315010071,US-Baltimore
Qh,207,radi,0.5450656242157887,0.7874183654785156,US-Baltimore
Qle,207,radi,0.48313364550676907,0.45429491996765137,US-Baltimore
Qtau,207,radi,0.1801960756542392,0.8878243565559387,US-Baltimore
SWup,208,radi,1.3389217142303087,0.9812353849411011,US-Baltimore
LWup,208,radi,0.9622834772244309,0.9685366749763489,US-Baltimore
Qh,208,radi,0.5555207152994063,0.7934268712997437,US-Baltimore
Qle,208,radi,0.46927426935322397,0.4454931914806366,US-Baltimore
Qtau,208,radi,0.18036521909659425,0.8890154361724854,US-Baltimore
SWup,209,radi,1.3389217142303087,0.9812353849411011,US-Baltimore
LWup,209,radi,0.9614841693654416,0.9690749645233154,US-Baltimore
Qh,209,radi,0.5562672526477318,0.7937864661216736,US-Baltimore
Qle,209,radi,0.469104786710831,0.44611066579818726,US-Baltimore
Qtau,209,radi,0.18042497766543916,0.8892921805381775,US-Baltimore
SWup,210,radi,1.3389217142303087,0.9812353849411011,US-Baltimore
LWup,210,radi,0.9605622730872678,0.9707015752792358,US-Baltimore
Qh,210,radi,0.5576337781926239,0.7946161031723022,US-Baltimore
Qle,210,radi,0.4705275759894373,0.4457721412181854,US-Baltimore
Qtau,210,radi,0.18061189070228575,0.8897737264633179,US-Baltimore
SWup,211,radi,1.3389217142303087,0.9812353849411011,US-Baltimore
LWup,211,radi,0.959771002741903,0.971214771270752,US-Baltimore
Qh,211,radi,0.5583305072807554,0.7948973774909973,US-Baltimore
Qle,211,radi,0.4711638566629897,0.44628483057022095,US-Baltimore
Qtau,211,radi,0.18068264223302027,0.8903601169586182,US-Baltimore
SWup,212,radi,1.3389217142303087,0.9812353849411011,US-Baltimore
LWup,212,radi,0.9637977970678104,0.9689632058143616,US-Baltimore
Qh,212,radi,0.555174159298645,0.7930846214294434,US-Baltimore
Qle,212,radi,0.47207114481818147,0.44730913639068604,US-Baltimore
Qtau,212,radi,0.18037381517878542,0.8890552520751953,US-Baltimore
SWup,213,radi,1.3389217142303087,0.9812353849411011,US-Baltimore
LWup,213,radi,0.9630229938235302,0.9694883823394775,US-Baltimore
Qh,213,radi,0.5559041753594871,0.7934027314186096,US-Baltimore
Qle,213,radi,0.4718013214497788,0.4479050636291504,US-Baltimore
Qtau,213,radi,0.180435807203713,0.8893419504165649,US-Baltimore
SWup,214,radi,1.3389217142303087,0.9812353849411011,US-Baltimore
LWup,214,radi,0.9621164537705741,0.9711045026779175,US-Baltimore
Qh,214,radi,0.5573056986612966,0.7944399118423462,US-Baltimore
Qle,214,radi,0.4741584790384671,0.4479753077030182,US-Baltimore
Qtau,214,radi,0.18063300503344737,0.890174150466919,US-Baltimore
SWup,215,radi,1.3389217142303087,0.9812353849411011,US-Baltimore
LWup,215,radi,0.9613753035304942,0.9715902209281921,US-Baltimore
Qh,215,radi,0.5580373277472481,0.7947612404823303,US-Baltimore
Qle,215,radi,0.47386260517885825,0.4483337998390198,US-Baltimore
Qtau,215,radi,0.1806889285947748,0.890353262424469,US-Baltimore
SWup,216,radi,1.3389217142303087,0.9812353849411011,US-Baltimore
LWup,216,radi,0.9616932754109587,0.9690748453140259,US-Baltimore
Qh,216,radi,0.5560510095239846,0.7937570810317993,US-Baltimore
Qle,216,radi,0.4699131241859865,0.44567379355430603,US-Baltimore
Qtau,216,radi,0.1804229838973264,0.889279305934906,US-Baltimore
SWup,217,radi,1.3389217142303087,0.9812353849411011,US-Baltimore
LWup,217,radi,0.9609233730896203,0.9696004986763,US-Baltimore
Qh,217,radi,0.5568300028926917,0.7941160202026367,US-Baltimore
Qle,217,radi,0.46958332290798854,0.4463198184967041,US-Baltimore
Qtau,217,radi,0.18048167476521473,0.8895054459571838,US-Baltimore
SWup,218,radi,1.3389217142303087,0.9812353849411011,US-Baltimore
LWup,218,radi,0.960043624748746,0.9711810946464539,US-Baltimore
Qh,218,radi,0.5582405200314745,0.7949597835540771,US-Baltimore
Qle,218,radi,0.4709632266941546,0.44594255089759827,US-Baltimore
Qtau,218,radi,0.18067809905650098,0.8903355598449707,US-Baltimore
SWup,219,radi,1.3389217142303087,0.9812353849411011,US-Baltimore
LWup,219,radi,0.9592723501689838,0.9716747403144836,US-Baltimore
Qh,219,radi,0.5589656970169887,0.7952979207038879,US-Baltimore
Qle,219,radi,0.47089882123071786,0.4460512101650238,US-Baltimore
Qtau,219,radi,0.18072872769267645,0.8905010223388672,US-Baltimore
SWup,220,radi,1.3389217142303087,0.9812353849411011,US-Baltimore
LWup,220,radi,0.9632339948925849,0.9694861769676208,US-Baltimore
Qh,220,radi,0.5557576344722822,0.7934491038322449,US-Baltimore
Qle,220,radi,0.47259297837325287,0.4474920332431793,US-Baltimore
Qtau,220,radi,0.18043075196653086,0.8893172144889832,US-Baltimore
SWup,221,radi,1.3389217142303087,0.9812353849411011,US-Baltimore
LWup,221,radi,0.9624706271351687,0.9700087904930115,US-Baltimore
Qh,221,radi,0.5564914142583794,0.7937692403793335,US-Baltimore
Qle,221,radi,0.47228716825909306,0.4479717016220093,US-Baltimore
Qtau,221,radi,0.180490151003421,0.8895111083984375,US-Baltimore
SWup,222,radi,1.3389217142303087,0.9812353849411011,US-Baltimore
LWup,222,radi,0.9615927084721928,0.9715793132781982,US-Baltimore
Qh,222,radi,0.5578889294371902,0.7948280572891235,US-Baltimore
Qle,222,radi,0.4746979713257198,0.4478785991668701,US-Baltimore
Qtau,222,radi,0.18068306713442137,0.8903257250785828,US-Baltimore
SWup,223,radi,1.3389217142303087,0.9812353849411011,US-Baltimore
LWup,223,radi,0.9608646273599578,0.9720590710639954,US-Baltimore
Qh,223,radi,0.5586308721079315,0.7951531410217285,US-Baltimore
Qle,223,radi,0.47436158020014396,0.44817855954170227,US-Baltimore
Qtau,223,radi,0.1807352973220317,0.8904980421066284,US-Baltimore
SWup,224,radi,1.12655811452264,0.9814651608467102,US-Baltimore
LWup,224,radi,0.9922351737279165,0.9649838805198669,US-Baltimore
Qh,224,radi,0.5754028139174152,0.8029248714447021,US-Baltimore
Qle,224,radi,0.4901935345563885,0.4588215947151184,US-Baltimore
Qtau,224,radi,0.18109437169067177,0.8929796814918518,US-Baltimore
SWup,225,radi,1.12655811452264,0.9814651608467102,US-Baltimore
LWup,225,radi,0.9915444049756783,0.9655054807662964,US-Baltimore
Qh,225,radi,0.5761162109316764,0.8032143712043762,US-Baltimore
Qle,225,radi,0.48995063689332347,0.4589904248714447,US-Baltimore
Qtau,225,radi,0.1811378968470137,0.8931288719177246,US-Baltimore
SWup,226,radi,1.12655811452264,0.9814651608467102,US-Baltimore
LWup,226,radi,0.9894076679186891,0.9674547910690308,US-Baltimore
Qh,226,radi,0.5779151738445143,0.8044082522392273,US-Baltimore
Qle,226,radi,0.4920438916797923,0.45845627784729004,US-Baltimore
Qtau,226,radi,0.1812884535767982,0.893439769744873,US-Baltimore
SWup,227,radi,1.12655811452264,0.9814651608467102,US-Baltimore
LWup,227,radi,0.9887402275596541,0.9679381251335144,US-Baltimore
Qh,227,radi,0.5786320901862868,0.8046752214431763,US-Baltimore
Qle,227,radi,0.4916745513163272,0.4585959315299988,US-Baltimore
Qtau,227,radi,0.18133325343734338,0.8935777544975281,US-Baltimore
SWup,228,radi,1.12655811452264,0.9814651608467102,US-Baltimore
LWup,228,radi,0.9937026407479723,0.9654747843742371,US-Baltimore
Qh,228,radi,0.575323824566607,0.8029448986053467,US-Baltimore
Qle,228,radi,0.4924081866912056,0.45859813690185547,US-Baltimore
Qtau,228,radi,0.1810943281110409,0.8930568099021912,US-Baltimore
SWup,229,radi,1.12655811452264,0.9814651608467102,US-Baltimore
LWup,229,radi,0.9930355271171334,0.9659937024116516,US-Baltimore
Qh,229,radi,0.5760342888079422,0.8032129406929016,US-Baltimore
Qle,229,radi,0.49211982937649024,0.4588005542755127,US-Baltimore
Qtau,229,radi,0.1811440088902447,0.8931509256362915,US-Baltimore
SWup,230,radi,1.12655811452264,0.9814651608467102,US-Baltimore
LWup,230,radi,0.9909251243527515,0.9679070711135864,US-Baltimore
Qh,230,radi,0.5777914597065839,0.8045240044593811,US-Baltimore
Qle,230,radi,0.4942800123024217,0.4581459164619446,US-Baltimore
Qtau,230,radi,0.18129662475758831,0.8934434056282043,US-Baltimore
SWup,231,radi,1.12655811452264,0.9814651608467102,US-Baltimore
LWup,231,radi,0.9902955191188271,0.9683875441551208,US-Baltimore
Qh,231,radi,0.5785259726859127,0.8047916293144226,US-Baltimore
Qle,231,radi,0.4939398114212149,0.4583871066570282,US-Baltimore
Qtau,231,radi,0.18134065107968536,0.8935815691947937,US-Baltimore
SWup,232,radi,1.12655811452264,0.9814651608467102,US-Baltimore
LWup,232,radi,0.9914066563681939,0.9655741453170776,US-Baltimore
Qh,232,radi,0.5760895226980495,0.8033022880554199,US-Baltimore
Qle,232,radi,0.49059083028887523,0.45874589681625366,US-Baltimore
Qtau,232,radi,0.18113499880156014,0.8931198716163635,US-Baltimore
SWup,233,radi,1.12655811452264,0.9814651608467102,US-Baltimore
LWup,233,radi,0.9907415684521709,0.9660981297492981,US-Baltimore
Qh,233,radi,0.5767924106093256,0.8036077618598938,US-Baltimore
Qle,233,radi,0.49042824639316535,0.4588964581489563,US-Baltimore
Qtau,233,radi,0.18118381888305407,0.8932296633720398,US-Baltimore
SWup,234,radi,1.12655811452264,0.9814651608467102,US-Baltimore
LWup,234,radi,0.9886360666107308,0.9680036306381226,US-Baltimore
Qh,234,radi,0.5785937197405043,0.8048276305198669,US-Baltimore
Qle,234,radi,0.4924649726433804,0.458334743976593,US-Baltimore
Qtau,234,radi,0.1813309872965376,0.893562376499176,US-Baltimore
SWup,235,radi,1.12655811452264,0.9814651608467102,US-Baltimore
LWup,235,radi,0.9879822834902936,0.9684825539588928,US-Baltimore
Qh,235,radi,0.5793189456055673,0.8050909042358398,US-Baltimore
Qle,235,radi,0.49211704928454336,0.4584766626358032,US-Baltimore
Qtau,235,radi,0.1813773778136099,0.8936977982521057,US-Baltimore
SWup,236,radi,1.12655811452264,0.9814651608467102,US-Baltimore
LWup,236,radi,0.9929008497546925,0.9660637974739075,US-Baltimore
Qh,236,radi,0.5759908348890879,0.8033835887908936,US-Baltimore
Qle,236,radi,0.4928746243400757,0.45840781927108765,US-Baltimore
Qtau,236,radi,0.1811420042272242,0.8931456208229065,US-Baltimore
SWup,237,radi,1.12655811452264,0.9814651608467102,US-Baltimore
LWup,237,radi,0.992247001288616,0.9665773510932922,US-Baltimore
Qh,237,radi,0.5767107817628839,0.8036309480667114,US-Baltimore
Qle,237,radi,0.49261350162980316,0.45869970321655273,US-Baltimore
Qtau,237,radi,0.18119015971934718,0.8932538628578186,US-Baltimore
SWup,238,radi,1.12655811452264,0.9814651608467102,US-Baltimore
LWup,238,radi,0.9901627367799237,0.9684461355209351,US-Baltimore
Qh,238,radi,0.5784669261910015,0.8049429655075073,US-Baltimore
Qle,238,radi,0.4947189579309279,0.45798322558403015,US-Baltimore
Qtau,238,radi,0.18133843941341818,0.893562912940979,US-Baltimore
SWup,239,radi,1.12655811452264,0.9814651608467102,US-Baltimore
LWup,239,radi,0.9895476382779071,0.9689220190048218,US-Baltimore
Qh,239,radi,0.5792114105982789,0.8052099347114563,US-Baltimore
Qle,239,radi,0.49439955625613874,0.45823872089385986,US-Baltimore
Qtau,239,radi,0.18138577778746215,0.8937006592750549,US-Baltimore
SWup,240,radi,0.9984231022061961,0.9812948107719421,US-Baltimore
LWup,240,radi,0.9994676944228804,0.9646313190460205,US-Baltimore
Qh,240,radi,0.5894655089773646,0.8099817037582397,US-Baltimore
Qle,240,radi,0.48300205448794875,0.44981762766838074,US-Baltimore
Qtau,240,radi,0.1815667748894167,0.8944131135940552,US-Baltimore
SWup,241,radi,0.9984231022061961,0.9812948107719421,US-Baltimore
LWup,241,radi,0.9985334478188933,0.9652032852172852,US-Baltimore
Qh,241,radi,0.5902515410010942,0.8102961778640747,US-Baltimore
Qle,241,radi,0.4825930720726481,0.449979692697525,US-Baltimore
Qtau,241,radi,0.18161167280413135,0.8945366740226746,US-Baltimore
SWup,242,radi,0.9984231022061961,0.9812948107719421,US-Baltimore
LWup,242,radi,0.9965041389927884,0.9671082496643066,US-Baltimore
Qh,242,radi,0.5919589525190906,0.8114131689071655,US-Baltimore
Qle,242,radi,0.48491506664652645,0.4489481747150421,US-Baltimore
Qtau,242,radi,0.18175995249820234,0.8947824835777283,US-Baltimore
SWup,243,radi,0.9984231022061961,0.9812948107719421,US-Baltimore
LWup,243,radi,0.9956062245642099,0.967641294002533,US-Baltimore
Qh,243,radi,0.5927515832819039,0.8117243647575378,US-Baltimore
Qle,243,radi,0.4845196757918551,0.4491801857948303,US-Baltimore
Qtau,243,radi,0.1818044690911468,0.8948760032653809,US-Baltimore
SWup,244,radi,0.9984231022061961,0.9812948107719421,US-Baltimore
LWup,244,radi,1.0009616917724613,0.9651089906692505,US-Baltimore
Qh,244,radi,0.5893069926007116,0.8099265098571777,US-Baltimore
Qle,244,radi,0.48550151159777133,0.44925960898399353,US-Baltimore
Qtau,244,radi,0.18157077332054997,0.8944168090820312,US-Baltimore
SWup,245,radi,0.9984231022061961,0.9812948107719421,US-Baltimore
LWup,245,radi,1.0000467221320453,0.9656775593757629,US-Baltimore
Qh,245,radi,0.5900939044563192,0.8102255463600159,US-Baltimore
Qle,245,radi,0.4850632352506598,0.44944658875465393,US-Baltimore
Qtau,245,radi,0.18161493038153967,0.8945407271385193,US-Baltimore
SWup,246,radi,0.9984231022061961,0.9812948107719421,US-Baltimore
LWup,246,radi,0.9980971349857939,0.9675389528274536,US-Baltimore
Qh,246,radi,0.5918181794186403,0.8114469647407532,US-Baltimore
Qle,246,radi,0.48725961085508523,0.44829827547073364,US-Baltimore
Qtau,246,radi,0.18176732835072887,0.8947836756706238,US-Baltimore
SWup,247,radi,0.9984231022061961,0.9812948107719421,US-Baltimore
LWup,247,radi,0.9971821653453778,0.9680715203285217,US-Baltimore
Qh,247,radi,0.5926061177447719,0.8117375373840332,US-Baltimore
Qle,247,radi,0.487026597963387,0.4486064314842224,US-Baltimore
Qtau,247,radi,0.18181111498485608,0.8948714137077332,US-Baltimore
SWup,248,radi,0.9984231022061961,0.9812948107719421,US-Baltimore
LWup,248,radi,0.9987655555294173,0.9652020335197449,US-Baltimore
Qh,248,radi,0.5901092526346321,0.8103482127189636,US-Baltimore
Qle,248,radi,0.4834788402568434,0.4496196508407593,US-Baltimore
Qtau,248,radi,0.18160648682805658,0.8945153951644897,US-Baltimore
SWup,249,radi,0.9984231022061961,0.9812948107719421,US-Baltimore
LWup,249,radi,0.997843528559965,0.965770423412323,US-Baltimore
Qh,249,radi,0.590903007627067,0.8106651306152344,US-Baltimore
Qle,249,radi,0.48306661440093807,0.4497905373573303,US-Baltimore
Qtau,249,radi,0.18165401041553178,0.8946360349655151,US-Baltimore
SWup,250,radi,0.9984231022061961,0.9812948107719421,US-Baltimore
LWup,250,radi,0.9958452589124918,0.9676327109336853,US-Baltimore
Qh,250,radi,0.5926095393131856,0.8117722272872925,US-Baltimore
Qle,250,radi,0.48539576513742044,0.44875308871269226,US-Baltimore
Qtau,250,radi,0.18179865121042424,0.8948514461517334,US-Baltimore
SWup,251,radi,0.9984231022061961,0.9812948107719421,US-Baltimore
LWup,251,radi,0.9949598908466443,0.9681613445281982,US-Baltimore
Qh,251,radi,0.5934013880032186,0.8120867013931274,US-Baltimore
Qle,251,radi,0.4849910558264086,0.4489823877811432,US-Baltimore
Qtau,251,radi,0.1818509576623886,0.894960880279541,US-Baltimore
SWup,252,radi,0.9984231022061961,0.9812948107719421,US-Baltimore
LWup,252,radi,1.0002699428356348,0.9656713604927063,US-Baltimore
Qh,252,radi,0.5899524470421861,0.8103256225585938,US-Baltimore
Qle,252,radi,0.4859389127307515,0.448950856924057,US-Baltimore
Qtau,252,radi,0.18160983156472665,0.8945164680480957,US-Baltimore
SWup,253,radi,0.9984231022061961,0.9812948107719421,US-Baltimore
LWup,253,radi,0.9993701333835188,0.9662358164787292,US-Baltimore
Qh,253,radi,0.5907447845277067,0.8106033802032471,US-Baltimore
Qle,253,radi,0.4855510384209737,0.44923245906829834,US-Baltimore
Qtau,253,radi,0.18165876059529776,0.8946383595466614,US-Baltimore
SWup,254,radi,0.9984231022061961,0.9812948107719421,US-Baltimore
LWup,254,radi,0.9974523042179303,0.9680545330047607,US-Baltimore
Qh,254,radi,0.5924706236355884,0.8118219971656799,US-Baltimore
Qle,254,radi,0.48776569055579083,0.4481303095817566,US-Baltimore
Qtau,254,radi,0.18180632122545923,0.8948519825935364,US-Baltimore
SWup,255,radi,0.9984231022061961,0.9812948107719421,US-Baltimore
LWup,255,radi,0.996538706835938,0.9685817360877991,US-Baltimore
Qh,255,radi,0.593242822747017,0.8121188879013062,US-Baltimore
Qle,255,radi,0.4874730086536025,0.4483812749385834,US-Baltimore
Qtau,255,radi,0.18185789771860633,0.8949552178382874,US-Baltimore
SWup,256,radi,1.2327358570700848,0.975688636302948,US-Baltimore
LWup,256,radi,0.9744042603408393,0.9672116637229919,US-Baltimore
Qh,256,radi,0.5560968259013662,0.8245099186897278,US-Baltimore
Qle,256,radi,0.5196171046454898,0.5878806710243225,US-Baltimore
Qtau,256,radi,0.19806650433960832,0.9326567053794861,US-Baltimore
SWup,0,radi,1.1723054976384102,0.9980324506759644,US-WestPhoenix
LWup,0,radi,0.9571260424612026,0.9954850077629089,US-WestPhoenix
Qh,0,radi,0.7728468325528213,0.9279161691665649,US-WestPhoenix
Qle,0,radi,0.2146396954803331,0.45802217721939087,US-WestPhoenix
Qtau,0,radi,0.41417515444036906,0.7992251515388489,US-WestPhoenix
SWup,1,radi,1.1723054976384102,0.9980324506759644,US-WestPhoenix
LWup,1,radi,0.9562003983674886,0.9955100417137146,US-WestPhoenix
Qh,1,radi,0.7737655010466477,0.9279227256774902,US-WestPhoenix
Qle,1,radi,0.21434847875591964,0.4574603736400604,US-WestPhoenix
Qtau,1,radi,0.4142804647285348,0.7990512847900391,US-WestPhoenix
SWup,2,radi,1.1723054976384102,0.9980324506759644,US-WestPhoenix
LWup,2,radi,0.9457106087937274,0.9954129457473755,US-WestPhoenix
Qh,2,radi,0.7779950908228308,0.9282249212265015,US-WestPhoenix
Qle,2,radi,0.21567306082962304,0.4575679898262024,US-WestPhoenix
Qtau,2,radi,0.41482252436917477,0.7980870604515076,US-WestPhoenix
SWup,3,radi,1.1723054976384102,0.9980324506759644,US-WestPhoenix
LWup,3,radi,0.9448262474288668,0.9954162836074829,US-WestPhoenix
Qh,3,radi,0.7788691489374333,0.9282402992248535,US-WestPhoenix
Qle,3,radi,0.21526635053513873,0.4569444954395294,US-WestPhoenix
Qtau,3,radi,0.41495269453542993,0.7979128360748291,US-WestPhoenix
SWup,4,radi,1.1723054976384102,0.9980324506759644,US-WestPhoenix
LWup,4,radi,0.9557107895412267,0.9955047369003296,US-WestPhoenix
Qh,4,radi,0.7735027577865042,0.9278870820999146,US-WestPhoenix
Qle,4,radi,0.21800652750490135,0.4612490236759186,US-WestPhoenix
Qtau,4,radi,0.414245214096803,0.7990933656692505,US-WestPhoenix
SWup,5,radi,1.1723054976384102,0.9980324506759644,US-WestPhoenix
LWup,5,radi,0.9547810244045274,0.9955252408981323,US-WestPhoenix
Qh,5,radi,0.7744164224545241,0.9279049038887024,US-WestPhoenix
Qle,5,radi,0.21764726819162628,0.4607103765010834,US-WestPhoenix
Qtau,5,radi,0.41434943335583624,0.7988647222518921,US-WestPhoenix
SWup,6,radi,1.1723054976384102,0.9980324506759644,US-WestPhoenix
LWup,6,radi,0.944335481818609,0.9954116344451904,US-WestPhoenix
Qh,6,radi,0.778619381700144,0.9281991124153137,US-WestPhoenix
Qle,6,radi,0.2190150127751306,0.4607129693031311,US-WestPhoenix
Qtau,6,radi,0.4149157813831153,0.7979570627212524,US-WestPhoenix
SWup,7,radi,1.1723054976384102,0.9980324506759644,US-WestPhoenix
LWup,7,radi,0.9434408539957849,0.9954102635383606,US-WestPhoenix
Qh,7,radi,0.7794895385268296,0.9282139539718628,US-WestPhoenix
Qle,7,radi,0.21864950305818362,0.4601856470108032,US-WestPhoenix
Qtau,7,radi,0.41504756211618504,0.7977913618087769,US-WestPhoenix
SWup,8,radi,1.1723054976384102,0.9980324506759644,US-WestPhoenix
LWup,8,radi,0.9543320476161212,0.9954872131347656,US-WestPhoenix
Qh,8,radi,0.774508526773606,0.928026020526886,US-WestPhoenix
Qle,8,radi,0.21484297249752934,0.4578567445278168,US-WestPhoenix
Qtau,8,radi,0.41431704018135607,0.798967182636261,US-WestPhoenix
SWup,9,radi,1.1723054976384102,0.9980324506759644,US-WestPhoenix
LWup,9,radi,0.9533959201674445,0.9955065250396729,US-WestPhoenix
Qh,9,radi,0.7754205800400951,0.9280440807342529,US-WestPhoenix
Qle,9,radi,0.21446933725580888,0.45728394389152527,US-WestPhoenix
Qtau,9,radi,0.414419700827343,0.7987289428710938,US-WestPhoenix
SWup,10,radi,1.1723054976384102,0.9980324506759644,US-WestPhoenix
LWup,10,radi,0.9429617285244859,0.9953880310058594,US-WestPhoenix
Qh,10,radi,0.7796072556491921,0.9283367395401001,US-WestPhoenix
Qle,10,radi,0.2158708340191415,0.4574226140975952,US-WestPhoenix
Qtau,10,radi,0.41498521759433066,0.7978296875953674,US-WestPhoenix
SWup,11,radi,1.1723054976384102,0.9980324506759644,US-WestPhoenix
LWup,11,radi,0.942064497937671,0.9953854084014893,US-WestPhoenix
Qh,11,radi,0.7804806352789395,0.9283519387245178,US-WestPhoenix
Qle,11,radi,0.2154576996986611,0.45681747794151306,US-WestPhoenix
Qtau,11,radi,0.41511421880080107,0.7976153492927551,US-WestPhoenix
SWup,12,radi,1.1723054976384102,0.9980324506759644,US-WestPhoenix
LWup,12,radi,0.9529245306891179,0.9955023527145386,US-WestPhoenix
Qh,12,radi,0.7751566494314551,0.9280021786689758,US-WestPhoenix
Qle,12,radi,0.21821384992225193,0.4610804617404938,US-WestPhoenix
Qtau,12,radi,0.4143869439764853,0.798763632774353,US-WestPhoenix
SWup,13,radi,1.1723054976384102,0.9980324506759644,US-WestPhoenix
LWup,13,radi,0.9519786428754758,0.9955171942710876,US-WestPhoenix
Qh,13,radi,0.7760698900464406,0.9280120134353638,US-WestPhoenix
Qle,13,radi,0.21784788878726197,0.4605405628681183,US-WestPhoenix
Qtau,13,radi,0.41452947913957494,0.7987375855445862,US-WestPhoenix
SWup,14,radi,1.1723054976384102,0.9980324506759644,US-WestPhoenix
LWup,14,radi,0.9415939760473414,0.9953816533088684,US-WestPhoenix
Qh,14,radi,0.7802227262233887,0.928311288356781,US-WestPhoenix
Qle,14,radi,0.21921698762489522,0.460556298494339,US-WestPhoenix
Qtau,14,radi,0.41508728077198315,0.7976861596107483,US-WestPhoenix
SWup,15,radi,1.1723054976384102,0.9980324506759644,US-WestPhoenix
LWup,15,radi,0.9406865513015628,0.9953738451004028,US-WestPhoenix
Qh,15,radi,0.7810960210425293,0.9283276796340942,US-WestPhoenix
Qle,15,radi,0.21884321348531538,0.46006613969802856,US-WestPhoenix
Qtau,15,radi,0.41520550157154956,0.797579288482666,US-WestPhoenix
SWup,16,radi,1.080970150903052,0.9979923367500305,US-WestPhoenix
LWup,16,radi,0.9617001109789646,0.9955735802650452,US-WestPhoenix
Qh,16,radi,0.7952518442490522,0.9295026659965515,US-WestPhoenix
Qle,16,radi,0.2075677283324548,0.4435940980911255,US-WestPhoenix
Qtau,16,radi,0.4162009097936074,0.7984156608581543,US-WestPhoenix
SWup,17,radi,1.080970150903052,0.9979923367500305,US-WestPhoenix
LWup,17,radi,0.96041969569351,0.995598554611206,US-WestPhoenix
Qh,17,radi,0.7962308130843769,0.9295198917388916,US-WestPhoenix
Qle,17,radi,0.20716423005096857,0.4429924488067627,US-WestPhoenix
Qtau,17,radi,0.4163020897572003,0.7982690930366516,US-WestPhoenix
SWup,18,radi,1.080970150903052,0.9979923367500305,US-WestPhoenix
LWup,18,radi,0.9502796163815074,0.9955174922943115,US-WestPhoenix
Qh,18,radi,0.8002788233512097,0.9297764897346497,US-WestPhoenix
Qle,18,radi,0.20846754338995505,0.44349589943885803,US-WestPhoenix
Qtau,18,radi,0.41673933267047253,0.7973768711090088,US-WestPhoenix
SWup,19,radi,1.080970150903052,0.9979923367500305,US-WestPhoenix
LWup,19,radi,0.9490485090138778,0.9955209493637085,US-WestPhoenix
Qh,19,radi,0.8012208995725376,0.9297963380813599,US-WestPhoenix
Qle,19,radi,0.20801471900615803,0.44289666414260864,US-WestPhoenix
Qtau,19,radi,0.41686064471924755,0.7973189353942871,US-WestPhoenix
SWup,20,radi,1.080970150903052,0.9979923367500305,US-WestPhoenix
LWup,20,radi,0.9604698711993319,0.9955969452857971,US-WestPhoenix
Qh,20,radi,0.7958751173990826,0.9294783473014832,US-WestPhoenix
Qle,20,radi,0.2106564000313909,0.44687145948410034,US-WestPhoenix
Qtau,20,radi,0.4162714889877234,0.7983117699623108,US-WestPhoenix
SWup,21,radi,1.080970150903052,0.9979923367500305,US-WestPhoenix
LWup,21,radi,0.9591848287778939,0.9956179261207581,US-WestPhoenix
Qh,21,radi,0.7968469621434286,0.9294946193695068,US-WestPhoenix
Qle,21,radi,0.21026366633400628,0.4463180899620056,US-WestPhoenix
Qtau,21,radi,0.41636833081167063,0.7981623411178589,US-WestPhoenix
SWup,22,radi,1.080970150903052,0.9979923367500305,US-WestPhoenix
LWup,22,radi,0.949087044380741,0.9955214262008667,US-WestPhoenix
Qh,22,radi,0.8008696140388015,0.9297509789466858,US-WestPhoenix
Qle,22,radi,0.21162866768478797,0.44679000973701477,US-WestPhoenix
Qtau,22,radi,0.4168176010222839,0.7973377704620361,US-WestPhoenix
SWup,23,radi,1.080970150903052,0.9979923367500305,US-WestPhoenix
LWup,23,radi,0.947846465844145,0.9955206513404846,US-WestPhoenix
Qh,23,radi,0.8018100788585985,0.9297714829444885,US-WestPhoenix
Qle,23,radi,0.21118940320451252,0.4462352991104126,US-WestPhoenix
Qtau,23,radi,0.4169405755916417,0.7973294854164124,US-WestPhoenix
SWup,24,radi,1.080970150903052,0.9979923367500305,US-WestPhoenix
LWup,24,radi,0.9591390635110564,0.9955827593803406,US-WestPhoenix
Qh,24,radi,0.7967931922186607,0.9295950531959534,US-WestPhoenix
Qle,24,radi,0.20775536197823888,0.44349437952041626,US-WestPhoenix
Qtau,24,radi,0.41631819542534604,0.7982054948806763,US-WestPhoenix
SWup,25,radi,1.080970150903052,0.9979923367500305,US-WestPhoenix
LWup,25,radi,0.9578471526846426,0.9956026673316956,US-WestPhoenix
Qh,25,radi,0.7977659698796826,0.9296116232872009,US-WestPhoenix
Qle,25,radi,0.20734721061846356,0.44289630651474,US-WestPhoenix
Qtau,25,radi,0.41641618023219384,0.7980543375015259,US-WestPhoenix
SWup,26,radi,1.080970150903052,0.9979923367500305,US-WestPhoenix
LWup,26,radi,0.9477644787784361,0.9955016374588013,US-WestPhoenix
Qh,26,radi,0.8017674191233332,0.9298760294914246,US-WestPhoenix
Qle,26,radi,0.2086368251560691,0.44348302483558655,US-WestPhoenix
Qtau,26,radi,0.41687875060746943,0.7972742915153503,US-WestPhoenix
SWup,27,radi,1.080970150903052,0.9979923367500305,US-WestPhoenix
LWup,27,radi,0.9465208636838509,0.995499312877655,US-WestPhoenix
Qh,27,radi,0.8027077143219163,0.9298969507217407,US-WestPhoenix
Qle,27,radi,0.20817755938404356,0.4428878128528595,US-WestPhoenix
Qtau,27,radi,0.417005595732559,0.7972380518913269,US-WestPhoenix
SWup,28,radi,1.080970150903052,0.9979923367500305,US-WestPhoenix
LWup,28,radi,0.9579180057043911,0.9956017136573792,US-WestPhoenix
Qh,28,radi,0.7974019627549132,0.9295700788497925,US-WestPhoenix
Qle,28,radi,0.21084363434582928,0.44678717851638794,US-WestPhoenix
Qtau,28,radi,0.4163808516698097,0.7981045842170715,US-WestPhoenix
SWup,29,radi,1.080970150903052,0.9979923367500305,US-WestPhoenix
LWup,29,radi,0.9566187926790033,0.9956174492835999,US-WestPhoenix
Qh,29,radi,0.7983771151129279,0.9295874834060669,US-WestPhoenix
Qle,29,radi,0.21044890399171612,0.4462267756462097,US-WestPhoenix
Qtau,29,radi,0.4165094632230185,0.7978264093399048,US-WestPhoenix
SWup,30,radi,1.080970150903052,0.9979923367500305,US-WestPhoenix
LWup,30,radi,0.9465797873686418,0.9955007433891296,US-WestPhoenix
Qh,30,radi,0.8023484565911326,0.9298512935638428,US-WestPhoenix
Qle,30,radi,0.21180110937720284,0.4467785954475403,US-WestPhoenix
Qtau,30,radi,0.4169610713532014,0.797281801700592,US-WestPhoenix
SWup,31,radi,1.080970150903052,0.9979923367500305,US-WestPhoenix
LWup,31,radi,0.9453262673110917,0.99549400806427,US-WestPhoenix
Qh,31,radi,0.8032879884942539,0.929872453212738,US-WestPhoenix
Qle,31,radi,0.21135536878423397,0.44622576236724854,US-WestPhoenix
Qtau,31,radi,0.41709422886112874,0.7972442507743835,US-WestPhoenix
SWup,32,radi,0.9066427014093585,0.9980323910713196,US-WestPhoenix
LWup,32,radi,1.0086732772052098,0.9956946969032288,US-WestPhoenix
Qh,32,radi,0.8442384507883909,0.9313942790031433,US-WestPhoenix
Qle,32,radi,0.2187476170336001,0.4585120379924774,US-WestPhoenix
Qtau,32,radi,0.41940583384706953,0.8002861738204956,US-WestPhoenix
SWup,33,radi,0.9066427014093585,0.9980323910713196,US-WestPhoenix
LWup,33,radi,1.0077265941025706,0.9957411289215088,US-WestPhoenix
Qh,33,radi,0.8451160709484828,0.9313980937004089,US-WestPhoenix
Qle,33,radi,0.2183432853649576,0.4580913782119751,US-WestPhoenix
Qtau,33,radi,0.41950737748703987,0.8000814914703369,US-WestPhoenix
SWup,34,radi,0.9066427014093585,0.9980323910713196,US-WestPhoenix
LWup,34,radi,0.995649841484443,0.9957771897315979,US-WestPhoenix
Qh,34,radi,0.8496472472427647,0.9316666722297668,US-WestPhoenix
Qle,34,radi,0.2196635442427879,0.4585801064968109,US-WestPhoenix
Qtau,34,radi,0.4200339289278685,0.7993190884590149,US-WestPhoenix
SWup,35,radi,0.9066427014093585,0.9980323910713196,US-WestPhoenix
LWup,35,radi,0.994734102353694,0.9958059191703796,US-WestPhoenix
Qh,35,radi,0.8504784760008881,0.9316830039024353,US-WestPhoenix
Qle,35,radi,0.21925056618239927,0.4581841826438904,US-WestPhoenix
Qtau,35,radi,0.4201584101565045,0.7992821931838989,US-WestPhoenix
SWup,36,radi,0.9066427014093585,0.9980323910713196,US-WestPhoenix
LWup,36,radi,1.0072592533682296,0.9957373142242432,US-WestPhoenix
Qh,36,radi,0.8448875063629158,0.9313768148422241,US-WestPhoenix
Qle,36,radi,0.2222485375791631,0.4614274501800537,US-WestPhoenix
Qtau,36,radi,0.419488050685265,0.8001155257225037,US-WestPhoenix
SWup,37,radi,0.9066427014093585,0.9980323910713196,US-WestPhoenix
LWup,37,radi,1.006275191682723,0.9957820177078247,US-WestPhoenix
Qh,37,radi,0.845715851560405,0.9313782453536987,US-WestPhoenix
Qle,37,radi,0.2216927551571039,0.46203863620758057,US-WestPhoenix
Qtau,37,radi,0.41957709944398036,0.799954891204834,US-WestPhoenix
SWup,38,radi,0.9066427014093585,0.9980323910713196,US-WestPhoenix
LWup,38,radi,0.9942705211673396,0.9958017468452454,US-WestPhoenix
Qh,38,radi,0.8502597494457202,0.9316578507423401,US-WestPhoenix
Qle,38,radi,0.22316418699263216,0.46152132749557495,US-WestPhoenix
Qtau,38,radi,0.42013560245225945,0.7993054389953613,US-WestPhoenix
SWup,39,radi,0.9066427014093585,0.9980323910713196,US-WestPhoenix
LWup,39,radi,0.9933500826016072,0.9958265423774719,US-WestPhoenix
Qh,39,radi,0.8510909782038436,0.9316745400428772,US-WestPhoenix
Qle,39,radi,0.22276680021695847,0.46112486720085144,US-WestPhoenix
Qtau,39,radi,0.42026722732402455,0.7992703914642334,US-WestPhoenix
SWup,40,radi,0.9066427014093585,0.9980323910713196,US-WestPhoenix
LWup,40,radi,1.005827588575312,0.9957400560379028,US-WestPhoenix
Qh,40,radi,0.8458666448194543,0.9314825534820557,US-WestPhoenix
Qle,40,radi,0.2189216213269329,0.45849359035491943,US-WestPhoenix
Qtau,40,radi,0.4195369132042684,0.8000086545944214,US-WestPhoenix
SWup,41,radi,0.9066427014093585,0.9980323910713196,US-WestPhoenix
LWup,41,radi,1.0048669517657223,0.9957823157310486,US-WestPhoenix
Qh,41,radi,0.8467424839568015,0.9314896464347839,US-WestPhoenix
Qle,41,radi,0.2185106920099701,0.45807531476020813,US-WestPhoenix
Qtau,41,radi,0.41963843086735464,0.7998202443122864,US-WestPhoenix
SWup,42,radi,0.9066427014093585,0.9980323910713196,US-WestPhoenix
LWup,42,radi,0.9928502073173817,0.9957994222640991,US-WestPhoenix
Qh,42,radi,0.8512248093415152,0.9317642450332642,US-WestPhoenix
Qle,42,radi,0.21982824237954257,0.45858633518218994,US-WestPhoenix
Qtau,42,radi,0.42019724559824295,0.7992318868637085,US-WestPhoenix
SWup,43,radi,0.9066427014093585,0.9980323910713196,US-WestPhoenix
LWup,43,radi,0.9919221773566763,0.9958233833312988,US-WestPhoenix
Qh,43,radi,0.8520550203723559,0.931781530380249,US-WestPhoenix
Qle,43,radi,0.2194097084047789,0.4581887722015381,US-WestPhoenix
Qtau,43,radi,0.4203342217081339,0.7992004752159119,US-WestPhoenix
SWup,44,radi,0.9066427014093585,0.9980323910713196,US-WestPhoenix
LWup,44,radi,1.0044200716483087,0.9957786202430725,US-WestPhoenix
Qh,44,radi,0.8465062016060075,0.9314680695533752,US-WestPhoenix
Qle,44,radi,0.22242427809573811,0.4614163637161255,US-WestPhoenix
Qtau,44,radi,0.4196216757771063,0.7998567223548889,US-WestPhoenix
SWup,45,radi,0.9066427014093585,0.9980323910713196,US-WestPhoenix
LWup,45,radi,1.00342249004985,0.9958187937736511,US-WestPhoenix
Qh,45,radi,0.8473334442656072,0.9314712285995483,US-WestPhoenix
Qle,45,radi,0.22186346062627657,0.462024986743927,US-WestPhoenix
Qtau,45,radi,0.41971760841010974,0.7996929883956909,US-WestPhoenix
SWup,46,radi,0.9066427014093585,0.9980323910713196,US-WestPhoenix
LWup,46,radi,0.9914778277042537,0.9958194494247437,US-WestPhoenix
Qh,46,radi,0.8518295937792437,0.9317554831504822,US-WestPhoenix
Qle,46,radi,0.223331072770672,0.4615316390991211,US-WestPhoenix
Qtau,46,radi,0.42030697195670674,0.7992225289344788,US-WestPhoenix
SWup,47,radi,0.9066427014093585,0.9980323910713196,US-WestPhoenix
LWup,47,radi,0.9905448814115657,0.9958390593528748,US-WestPhoenix
Qh,47,radi,0.8526607377267602,0.9317722916603088,US-WestPhoenix
Qle,47,radi,0.2229283210651799,0.4611336290836334,US-WestPhoenix
Qtau,47,radi,0.42044953309668043,0.799184262752533,US-WestPhoenix
SWup,48,radi,0.8152841331689192,0.9980076551437378,US-WestPhoenix
LWup,48,radi,1.0133683019495425,0.9956808686256409,US-WestPhoenix
Qh,48,radi,0.866774410061659,0.9324947595596313,US-WestPhoenix
Qle,48,radi,0.21133824962306594,0.4450394809246063,US-WestPhoenix
Qtau,48,radi,0.4213150568982083,0.799443781375885,US-WestPhoenix
SWup,49,radi,0.8152841331689192,0.9980076551437378,US-WestPhoenix
LWup,49,radi,1.012058894765191,0.9957357048988342,US-WestPhoenix
Qh,49,radi,0.8676994393510021,0.9325111508369446,US-WestPhoenix
Qle,49,radi,0.21089919348957953,0.44457390904426575,US-WestPhoenix
Qtau,49,radi,0.42145657896281785,0.7993010878562927,US-WestPhoenix
SWup,50,radi,0.8152841331689192,0.9980076551437378,US-WestPhoenix
LWup,50,radi,1.0003750872106685,0.9957826733589172,US-WestPhoenix
Qh,50,radi,0.8720599767042225,0.9327476620674133,US-WestPhoenix
Qle,50,radi,0.2122386202720037,0.44532084465026855,US-WestPhoenix
Qtau,50,radi,0.4220861027722427,0.7989357709884644,US-WestPhoenix
SWup,51,radi,0.8152841331689192,0.9980076551437378,US-WestPhoenix
LWup,51,radi,0.9991037093001819,0.9958187341690063,US-WestPhoenix
Qh,51,radi,0.8729604957281746,0.9327643513679504,US-WestPhoenix
Qle,51,radi,0.21176124569156202,0.44477578997612,US-WestPhoenix
Qtau,51,radi,0.4222607453640873,0.7988988757133484,US-WestPhoenix
SWup,52,radi,0.8152841331689192,0.9980076551437378,US-WestPhoenix
LWup,52,radi,1.0120740775551371,0.9957305192947388,US-WestPhoenix
Qh,52,radi,0.8672410380207647,0.9324892163276672,US-WestPhoenix
Qle,52,radi,0.21443532464249426,0.44954389333724976,US-WestPhoenix
Qtau,52,radi,0.4213930395042946,0.7993274331092834,US-WestPhoenix
SWup,53,radi,0.8152841331689192,0.9980076551437378,US-WestPhoenix
LWup,53,radi,1.010798289405666,0.9957801699638367,US-WestPhoenix
Qh,53,radi,0.8682507931063903,0.9324999451637268,US-WestPhoenix
Qle,53,radi,0.21406853012034804,0.44817420840263367,US-WestPhoenix
Qtau,53,radi,0.42154427692355967,0.7992575764656067,US-WestPhoenix
SWup,54,radi,0.8152841331689192,0.9980076551437378,US-WestPhoenix
LWup,54,radi,0.9991133973661475,0.995815098285675,US-WestPhoenix
Qh,54,radi,0.8725009918600476,0.9327437281608582,US-WestPhoenix
Qle,54,radi,0.2153081761530432,0.44973501563072205,US-WestPhoenix
Qtau,54,radi,0.4221865553830806,0.7989180684089661,US-WestPhoenix
SWup,55,radi,0.8152841331689192,0.9980076551437378,US-WestPhoenix
LWup,55,radi,0.9978347895556865,0.9958464503288269,US-WestPhoenix
Qh,55,radi,0.8734006627779307,0.9327593445777893,US-WestPhoenix
Qle,55,radi,0.21487549195885566,0.44929152727127075,US-WestPhoenix
Qtau,55,radi,0.4223749917003855,0.7988887429237366,US-WestPhoenix
SWup,56,radi,0.8152841331689192,0.9980076551437378,US-WestPhoenix
LWup,56,radi,1.0107660440517805,0.9957295060157776,US-WestPhoenix
Qh,56,radi,0.8682711476520438,0.9325766563415527,US-WestPhoenix
Qle,56,radi,0.21149490904620924,0.44505661725997925,US-WestPhoenix
Qtau,56,radi,0.42147775012336425,0.799227774143219,US-WestPhoenix
SWup,57,radi,0.8152841331689192,0.9980076551437378,US-WestPhoenix
LWup,57,radi,1.009441743273482,0.9957804083824158,US-WestPhoenix
Qh,57,radi,0.8691992301232349,0.932596743106842,US-WestPhoenix
Qle,57,radi,0.21105109566103922,0.44458863139152527,US-WestPhoenix
Qtau,57,radi,0.42162376618892405,0.7991904020309448,US-WestPhoenix
SWup,58,radi,0.8152841331689192,0.9980076551437378,US-WestPhoenix
LWup,58,radi,0.9978154134237552,0.9958090782165527,US-WestPhoenix
Qh,58,radi,0.8735169381199761,0.9328283667564392,US-WestPhoenix
Qle,58,radi,0.21238930708719383,0.4453440010547638,US-WestPhoenix
Qtau,58,radi,0.42229155394863704,0.7988584637641907,US-WestPhoenix
SWup,59,radi,0.8152841331689192,0.9980076551437378,US-WestPhoenix
LWup,59,radi,0.9965297203113195,0.9958400130271912,US-WestPhoenix
Qh,59,radi,0.8744193229772798,0.9328444600105286,US-WestPhoenix
Qle,59,radi,0.21190747041301972,0.4447970986366272,US-WestPhoenix
Qtau,59,radi,0.422483419214644,0.7988301515579224,US-WestPhoenix
SWup,60,radi,0.8152841331689192,0.9980076551437378,US-WestPhoenix
LWup,60,radi,1.0094773866803552,0.9957757592201233,US-WestPhoenix
Qh,60,radi,0.8687331958383775,0.9325743317604065,US-WestPhoenix
Qle,60,radi,0.21459479674728993,0.44956323504447937,US-WestPhoenix
Qtau,60,radi,0.42155674582793057,0.7992119789123535,US-WestPhoenix
SWup,61,radi,0.8152841331689192,0.9980076551437378,US-WestPhoenix
LWup,61,radi,1.0081467958890789,0.9958227276802063,US-WestPhoenix
Qh,61,radi,0.8696637378171683,0.9325938820838928,US-WestPhoenix
Qle,61,radi,0.2141645606278739,0.44910386204719543,US-WestPhoenix
Qtau,61,radi,0.4217022423558083,0.7991763353347778,US-WestPhoenix
SWup,62,radi,0.8152841331689192,0.9980076551437378,US-WestPhoenix
LWup,62,radi,0.9965593629012143,0.9958375096321106,US-WestPhoenix
Qh,62,radi,0.8739524405863534,0.9328237771987915,US-WestPhoenix
Qle,62,radi,0.21546195344560448,0.44976121187210083,US-WestPhoenix
Qtau,62,radi,0.4224043455794253,0.7988510727882385,US-WestPhoenix
SWup,63,radi,0.8152841331689192,0.9980076551437378,US-WestPhoenix
LWup,63,radi,0.9952676689717997,0.9958635568618774,US-WestPhoenix
Qh,63,radi,0.8748545710118364,0.932838499546051,US-WestPhoenix
Qle,63,radi,0.21502437310187394,0.44931459426879883,US-WestPhoenix
Qtau,63,radi,0.42260241932073356,0.7988176345825195,US-WestPhoenix
SWup,64,radi,1.1570319728996943,0.9980315566062927,US-WestPhoenix
LWup,64,radi,0.9586800371616858,0.9954916834831238,US-WestPhoenix
Qh,64,radi,0.7759422500830719,0.9280142784118652,US-WestPhoenix
Qle,64,radi,0.22205175403689267,0.46693503856658936,US-WestPhoenix
Qtau,64,radi,0.4144262729790218,0.799302875995636,US-WestPhoenix
SWup,65,radi,1.1570319728996943,0.9980315566062927,US-WestPhoenix
LWup,65,radi,0.9577802038108802,0.9955172538757324,US-WestPhoenix
Qh,65,radi,0.7768509957358923,0.9280314445495605,US-WestPhoenix
Qle,65,radi,0.22167817088186945,0.46638593077659607,US-WestPhoenix
Qtau,65,radi,0.41452295894166435,0.7990832328796387,US-WestPhoenix
SWup,66,radi,1.1570319728996943,0.9980315566062927,US-WestPhoenix
LWup,66,radi,0.9472619284312201,0.9954251646995544,US-WestPhoenix
Qh,66,radi,0.7810853349060612,0.9283218383789062,US-WestPhoenix
Qle,66,radi,0.2230541451635418,0.4664355218410492,US-WestPhoenix
Qtau,66,radi,0.41507273371688375,0.7981624007225037,US-WestPhoenix
SWup,67,radi,1.1570319728996943,0.9980315566062927,US-WestPhoenix
LWup,67,radi,0.9463967263012916,0.9954296350479126,US-WestPhoenix
Qh,67,radi,0.7819503182857266,0.9283359050750732,US-WestPhoenix
Qle,67,radi,0.22267311361080958,0.46590766310691833,US-WestPhoenix
Qtau,67,radi,0.41519427955761573,0.7979962825775146,US-WestPhoenix
SWup,68,radi,1.1570319728996943,0.9980315566062927,US-WestPhoenix
LWup,68,radi,0.957196317088953,0.9955129027366638,US-WestPhoenix
Qh,68,radi,0.7766040272486303,0.9279868006706238,US-WestPhoenix
Qle,68,radi,0.22548958022983429,0.47005894780158997,US-WestPhoenix
Qtau,68,radi,0.4144886175008762,0.7991359829902649,US-WestPhoenix
SWup,69,radi,1.1570319728996943,0.9980315566062927,US-WestPhoenix
LWup,69,radi,0.9562870125691811,0.9955344200134277,US-WestPhoenix
Qh,69,radi,0.777513960249947,0.9279951453208923,US-WestPhoenix
Qle,69,radi,0.22512236901410995,0.46954071521759033,US-WestPhoenix
Qtau,69,radi,0.4146163198631413,0.7991165518760681,US-WestPhoenix
SWup,70,radi,1.1570319728996943,0.9980315566062927,US-WestPhoenix
LWup,70,radi,0.9458131287753634,0.9954243898391724,US-WestPhoenix
Qh,70,radi,0.7817088624879124,0.9282938241958618,US-WestPhoenix
Qle,70,radi,0.22652383105297771,0.4695878028869629,US-WestPhoenix
Qtau,70,radi,0.41515328803449647,0.7980360388755798,US-WestPhoenix
SWup,71,radi,1.1570319728996943,0.9980315566062927,US-WestPhoenix
LWup,71,radi,0.9449423596224547,0.9954242706298828,US-WestPhoenix
Qh,71,radi,0.7825740154887915,0.928307831287384,US-WestPhoenix
Qle,71,radi,0.2261512722696674,0.4691091775894165,US-WestPhoenix
Qtau,71,radi,0.41527917201487413,0.7978219985961914,US-WestPhoenix
SWup,72,radi,1.1570319728996943,0.9980315566062927,US-WestPhoenix
LWup,72,radi,0.9558840179446118,0.9954957962036133,US-WestPhoenix
Qh,72,radi,0.7776043683568912,0.9281288385391235,US-WestPhoenix
Qle,72,radi,0.22225530884980765,0.4667752981185913,US-WestPhoenix
Qtau,72,radi,0.41455815761962794,0.7989778518676758,US-WestPhoenix
SWup,73,radi,1.1570319728996943,0.9980315566062927,US-WestPhoenix
LWup,73,radi,0.9549678450198642,0.9955161809921265,US-WestPhoenix
Qh,73,radi,0.778511926661215,0.9281378984451294,US-WestPhoenix
Qle,73,radi,0.22187500651083716,0.4662243723869324,US-WestPhoenix
Qtau,73,radi,0.4146934971858202,0.7989585399627686,US-WestPhoenix
SWup,74,radi,1.1570319728996943,0.9980315566062927,US-WestPhoenix
LWup,74,radi,0.9445103730989882,0.9954020977020264,US-WestPhoenix
Qh,74,radi,0.7826941073081469,0.9284326434135437,US-WestPhoenix
Qle,74,radi,0.22325157110841187,0.4662977457046509,US-WestPhoenix
Qtau,74,radi,0.41523501131189394,0.7979202270507812,US-WestPhoenix
SWup,75,radi,1.1570319728996943,0.9980315566062927,US-WestPhoenix
LWup,75,radi,0.943633241634102,0.9954005479812622,US-WestPhoenix
Qh,75,radi,0.7835596843620606,0.9284470081329346,US-WestPhoenix
Qle,75,radi,0.22286340367815421,0.4657917618751526,US-WestPhoenix
Qtau,75,radi,0.41535372567225837,0.7977185249328613,US-WestPhoenix
SWup,76,radi,1.1570319728996943,0.9980315566062927,US-WestPhoenix
LWup,76,radi,0.9544044189148643,0.9955118894577026,US-WestPhoenix
Qh,76,radi,0.7782591062420776,0.9280930161476135,US-WestPhoenix
Qle,76,radi,0.2256951143372454,0.46989670395851135,US-WestPhoenix
Qtau,76,radi,0.41465099900342284,0.7990172505378723,US-WestPhoenix
SWup,77,radi,1.1570319728996943,0.9980315566062927,US-WestPhoenix
LWup,77,radi,0.9534869446081213,0.995528519153595,US-WestPhoenix
Qh,77,radi,0.7791626784478777,0.9281113147735596,US-WestPhoenix
Qle,77,radi,0.22532578492916555,0.4693782329559326,US-WestPhoenix
Qtau,77,radi,0.4147782857355422,0.7987583875656128,US-WestPhoenix
SWup,78,radi,1.1570319728996943,0.9980315566062927,US-WestPhoenix
LWup,78,radi,0.9430692371371042,0.9953960180282593,US-WestPhoenix
Qh,78,radi,0.7833110196626607,0.9284047484397888,US-WestPhoenix
Qle,78,radi,0.2267238960571759,0.4694652855396271,US-WestPhoenix
Qtau,78,radi,0.4153161111440729,0.7977556586265564,US-WestPhoenix
SWup,79,radi,1.1570319728996943,0.9980315566062927,US-WestPhoenix
LWup,79,radi,0.9421840081842467,0.9953897595405579,US-WestPhoenix
Qh,79,radi,0.7841832967545186,0.9284237027168274,US-WestPhoenix
Qle,79,radi,0.22634541675260972,0.46900323033332825,US-WestPhoenix
Qtau,79,radi,0.41544360569126515,0.7977170944213867,US-WestPhoenix
SWup,80,radi,1.0669395058625584,0.9980059266090393,US-WestPhoenix
LWup,80,radi,0.963098590531,0.9955796599388123,US-WestPhoenix
Qh,80,radi,0.7979914812834016,0.9295849204063416,US-WestPhoenix
Qle,80,radi,0.21412947155614911,0.4542202949523926,US-WestPhoenix
Qtau,80,radi,0.4163948272334587,0.7985088229179382,US-WestPhoenix
SWup,81,radi,1.0669395058625584,0.9980059266090393,US-WestPhoenix
LWup,81,radi,0.9618426846064585,0.9956066012382507,US-WestPhoenix
Qh,81,radi,0.7989662095883819,0.9295922517776489,US-WestPhoenix
Qle,81,radi,0.2137947277150538,0.45366159081459045,US-WestPhoenix
Qtau,81,radi,0.4164844215067403,0.7983556389808655,US-WestPhoenix
SWup,82,radi,1.0669395058625584,0.9980059266090393,US-WestPhoenix
LWup,82,radi,0.95167607156155,0.9955294132232666,US-WestPhoenix
Qh,82,radi,0.8030100641354772,0.9298513531684875,US-WestPhoenix
Qle,82,radi,0.21507453259134096,0.4540698230266571,US-WestPhoenix
Qtau,82,radi,0.41692605451342646,0.7974330186843872,US-WestPhoenix
SWup,83,radi,1.0669395058625584,0.9980059266090393,US-WestPhoenix
LWup,83,radi,0.9504657863058464,0.9955340027809143,US-WestPhoenix
Qh,83,radi,0.8039434896749023,0.9298709630966187,US-WestPhoenix
Qle,83,radi,0.21464466107880578,0.4535849392414093,US-WestPhoenix
Qtau,83,radi,0.41704967850488694,0.7974264025688171,US-WestPhoenix
SWup,84,radi,1.0669395058625584,0.9980059266090393,US-WestPhoenix
LWup,84,radi,0.9618006065886079,0.9956048727035522,US-WestPhoenix
Qh,84,radi,0.7985997429560127,0.9295564293861389,US-WestPhoenix
Qle,84,radi,0.21739994319077552,0.45744845271110535,US-WestPhoenix
Qtau,84,radi,0.4164474564006575,0.7983984351158142,US-WestPhoenix
SWup,85,radi,1.0669395058625584,0.9980059266090393,US-WestPhoenix
LWup,85,radi,0.9605411580130789,0.9956274032592773,US-WestPhoenix
Qh,85,radi,0.7995714180791449,0.9295716285705566,US-WestPhoenix
Qle,85,radi,0.21697647834200404,0.45684194564819336,US-WestPhoenix
Qtau,85,radi,0.4165466621210583,0.798250675201416,US-WestPhoenix
SWup,86,radi,1.0669395058625584,0.9980059266090393,US-WestPhoenix
LWup,86,radi,0.9504132972320328,0.9955345392227173,US-WestPhoenix
Qh,86,radi,0.8035857585350427,0.9298306107521057,US-WestPhoenix
Qle,86,radi,0.21835017817122912,0.4573153853416443,US-WestPhoenix
Qtau,86,radi,0.4170045047034266,0.7974435687065125,US-WestPhoenix
SWup,87,radi,1.0669395058625584,0.9980059266090393,US-WestPhoenix
LWup,87,radi,0.9491965773653521,0.9955345988273621,US-WestPhoenix
Qh,87,radi,0.8045172334305093,0.9298502802848816,US-WestPhoenix
Qle,87,radi,0.2179313490385143,0.45687106251716614,US-WestPhoenix
Qtau,87,radi,0.41713194729685066,0.7974300384521484,US-WestPhoenix
SWup,88,radi,1.0669395058625584,0.9980059266090393,US-WestPhoenix
LWup,88,radi,0.9605363139800961,0.9955903887748718,US-WestPhoenix
Qh,88,radi,0.7995251962983901,0.929675817489624,US-WestPhoenix
Qle,88,radi,0.21431642807486873,0.454125314950943,US-WestPhoenix
Qtau,88,radi,0.41650561864417085,0.7982895970344543,US-WestPhoenix
SWup,89,radi,1.0669395058625584,0.9980059266090393,US-WestPhoenix
LWup,89,radi,0.959269274009594,0.9956114292144775,US-WestPhoenix
Qh,89,radi,0.8004945815351364,0.9296914339065552,US-WestPhoenix
Qle,89,radi,0.21390124501096253,0.4535601735115051,US-WestPhoenix
Qtau,89,radi,0.4166019928842041,0.798140823841095,US-WestPhoenix
SWup,90,radi,1.0669395058625584,0.9980059266090393,US-WestPhoenix
LWup,90,radi,0.9491582588954882,0.9955153465270996,US-WestPhoenix
Qh,90,radi,0.8044950130515043,0.9299513697624207,US-WestPhoenix
Qle,90,radi,0.21524468246907613,0.4540587067604065,US-WestPhoenix
Qtau,90,radi,0.4170742786141353,0.7973770499229431,US-WestPhoenix
SWup,91,radi,1.0669395058625584,0.9980059266090393,US-WestPhoenix
LWup,91,radi,0.9479349598198309,0.9955142140388489,US-WestPhoenix
Qh,91,radi,0.8054284385909294,0.9299707412719727,US-WestPhoenix
Qle,91,radi,0.21480864736403116,0.4535767138004303,US-WestPhoenix
Qtau,91,radi,0.4171915642458739,0.7973344326019287,US-WestPhoenix
SWup,92,radi,1.0669395058625584,0.9980059266090393,US-WestPhoenix
LWup,92,radi,0.959245921432677,0.9956108927726746,US-WestPhoenix
Qh,92,radi,0.8001247224784916,0.9296481609344482,US-WestPhoenix
Qle,92,radi,0.2175920042058272,0.45735517144203186,US-WestPhoenix
Qtau,92,radi,0.4165636250263795,0.7981861233711243,US-WestPhoenix
SWup,93,radi,1.0669395058625584,0.9980059266090393,US-WestPhoenix
LWup,93,radi,0.9579709285722032,0.9956278204917908,US-WestPhoenix
Qh,93,radi,0.8010958039273757,0.929665207862854,US-WestPhoenix
Qle,93,radi,0.21718541544696984,0.4568471908569336,US-WestPhoenix
Qtau,93,radi,0.4166894050992208,0.79790860414505,US-WestPhoenix
SWup,94,radi,1.0669395058625584,0.9980059266090393,US-WestPhoenix
LWup,94,radi,0.9479026421669456,0.9955157041549683,US-WestPhoenix
Qh,94,radi,0.8050639226025187,0.9299300909042358,US-WestPhoenix
Qle,94,radi,0.21852321017954632,0.45730531215667725,US-WestPhoenix
Qtau,94,radi,0.4171484945720262,0.7973585724830627,US-WestPhoenix
SWup,95,radi,1.0669395058625584,0.9980059266090393,US-WestPhoenix
LWup,95,radi,0.9466730530783106,0.9955095052719116,US-WestPhoenix
Qh,95,radi,0.8059917506418891,0.9299518465995789,US-WestPhoenix
Qle,95,radi,0.21809813064315958,0.45686259865760803,US-WestPhoenix
Qtau,95,radi,0.41728206771009924,0.7973460555076599,US-WestPhoenix
SWup,96,radi,0.8913761493477714,0.998023509979248,US-WestPhoenix
LWup,96,radi,1.0102506244826104,0.9956720471382141,US-WestPhoenix
Qh,96,radi,0.847344300023289,0.9314532279968262,US-WestPhoenix
Qle,96,radi,0.22619280272962072,0.46746760606765747,US-WestPhoenix
Qtau,96,radi,0.41963323549053344,0.8003484606742859,US-WestPhoenix
SWup,97,radi,0.8913761493477714,0.998023509979248,US-WestPhoenix
LWup,97,radi,1.009330113617878,0.9957194328308105,US-WestPhoenix
Qh,97,radi,0.8482186125697122,0.9314587712287903,US-WestPhoenix
Qle,97,radi,0.22575425010087458,0.4669874310493469,US-WestPhoenix
Qtau,97,radi,0.4197363117666661,0.8001419901847839,US-WestPhoenix
SWup,98,radi,0.8913761493477714,0.998023509979248,US-WestPhoenix
LWup,98,radi,0.9972220555328617,0.9957593083381653,US-WestPhoenix
Qh,98,radi,0.8527419014775535,0.9317274689674377,US-WestPhoenix
Qle,98,radi,0.227114303215416,0.46754220128059387,US-WestPhoenix
Qtau,98,radi,0.42026855214511394,0.7993969917297363,US-WestPhoenix
SWup,99,radi,0.8913761493477714,0.998023509979248,US-WestPhoenix
LWup,99,radi,0.9963311872580243,0.9957888722419739,US-WestPhoenix
Qh,99,radi,0.8535670238719808,0.9317434430122375,US-WestPhoenix
Qle,99,radi,0.22669776589738086,0.4671638309955597,US-WestPhoenix
Qtau,99,radi,0.4203949037094055,0.7993610501289368,US-WestPhoenix
SWup,100,radi,0.8913761493477714,0.998023509979248,US-WestPhoenix
LWup,100,radi,1.0087421058529655,0.9957203269004822,US-WestPhoenix
Qh,100,radi,0.8479774960143255,0.9314277768135071,US-WestPhoenix
Qle,100,radi,0.229848281868204,0.4696084260940552,US-WestPhoenix
Qtau,100,radi,0.41970550318211636,0.8001704812049866,US-WestPhoenix
SWup,101,radi,0.8913761493477714,0.998023509979248,US-WestPhoenix
LWup,101,radi,1.0078139312942604,0.9957640171051025,US-WestPhoenix
Qh,101,radi,0.8488468047349422,0.9314339756965637,US-WestPhoenix
Qle,101,radi,0.22945238824451858,0.4692203402519226,US-WestPhoenix
Qtau,101,radi,0.4198069169376662,0.7999788522720337,US-WestPhoenix
SWup,102,radi,0.8913761493477714,0.998023509979248,US-WestPhoenix
LWup,102,radi,0.9957494695060893,0.9957897663116455,US-WestPhoenix
Qh,102,radi,0.8533414276576549,0.9317086935043335,US-WestPhoenix
Qle,102,radi,0.23077065046562034,0.46968626976013184,US-WestPhoenix
Qtau,102,radi,0.42036290018818695,0.7993789315223694,US-WestPhoenix
SWup,103,radi,0.8913761493477714,0.998023509979248,US-WestPhoenix
LWup,103,radi,0.994852672713273,0.9958151578903198,US-WestPhoenix
Qh,103,radi,0.854165956377834,0.9317245483398438,US-WestPhoenix
Qle,103,radi,0.23036696119957747,0.46931737661361694,US-WestPhoenix
Qtau,103,radi,0.42049873331517723,0.7993447184562683,US-WestPhoenix
SWup,104,radi,0.8913761493477714,0.998023509979248,US-WestPhoenix
LWup,104,radi,1.0074025499857209,0.995718777179718,US-WestPhoenix
Qh,104,radi,0.8489707130316078,0.9315424561500549,US-WestPhoenix
Qle,104,radi,0.2263676230478774,0.4674527049064636,US-WestPhoenix
Qtau,104,radi,0.41975740499656017,0.8000404238700867,US-WestPhoenix
SWup,105,radi,0.8913761493477714,0.998023509979248,US-WestPhoenix
LWup,105,radi,1.006468736105036,0.9957619905471802,US-WestPhoenix
Qh,105,radi,0.8498427356916449,0.9315500855445862,US-WestPhoenix
Qle,105,radi,0.22592228178625426,0.46697333455085754,US-WestPhoenix
Qtau,105,radi,0.4198644297590769,0.7998712062835693,US-WestPhoenix
SWup,106,radi,0.8913761493477714,0.998023509979248,US-WestPhoenix
LWup,106,radi,0.9944206861898066,0.995783269405365,US-WestPhoenix
Qh,106,radi,0.8543180217959867,0.9318237900733948,US-WestPhoenix
Qle,106,radi,0.22727993891272144,0.4675483703613281,US-WestPhoenix
Qtau,106,radi,0.4204362329320182,0.7993094325065613,US-WestPhoenix
SWup,107,radi,0.8913761493477714,0.998023509979248,US-WestPhoenix
LWup,107,radi,0.9935175993840125,0.9958077669143677,US-WestPhoenix
Qh,107,radi,0.85514161759949,0.9318409562110901,US-WestPhoenix
Qle,107,radi,0.22685770678245193,0.46716776490211487,US-WestPhoenix
Qtau,107,radi,0.4205755469614787,0.7992818355560303,US-WestPhoenix
SWup,108,radi,0.8913761493477714,0.998023509979248,US-WestPhoenix
LWup,108,radi,1.005901116658051,0.9957630038261414,US-WestPhoenix
Qh,108,radi,0.8495944102346726,0.9315186738967896,US-WestPhoenix
Qle,108,radi,0.230024803685238,0.46959683299064636,US-WestPhoenix
Qtau,108,radi,0.4198381151754775,0.7999092936515808,US-WestPhoenix
SWup,109,radi,0.8913761493477714,0.998023509979248,US-WestPhoenix
LWup,109,radi,1.0049599282793922,0.9958025813102722,US-WestPhoenix
Qh,109,radi,0.8504601569098,0.9315274953842163,US-WestPhoenix
Qle,109,radi,0.22962309371369122,0.4692104458808899,US-WestPhoenix
Qtau,109,radi,0.4199566996514214,0.7997400760650635,US-WestPhoenix
SWup,110,radi,0.8913761493477714,0.998023509979248,US-WestPhoenix
LWup,110,radi,0.9929550408670096,0.9958088397979736,US-WestPhoenix
Qh,110,radi,0.8549097454002543,0.9318053722381592,US-WestPhoenix
Qle,110,radi,0.23093869951323245,0.4696936011314392,US-WestPhoenix
Qtau,110,radi,0.4205389974855415,0.7992975115776062,US-WestPhoenix
SWup,111,radi,0.8913761493477714,0.998023509979248,US-WestPhoenix
LWup,111,radi,0.9920458086462374,0.9958293437957764,US-WestPhoenix
Qh,111,radi,0.8557345285522541,0.9318212270736694,US-WestPhoenix
Qle,111,radi,0.23052962795513876,0.46932336688041687,US-WestPhoenix
Qtau,111,radi,0.4206842861983464,0.7992589473724365,US-WestPhoenix
SWup,112,radi,0.801255542577937,0.9980231523513794,US-WestPhoenix
LWup,112,radi,1.0147890495934988,0.9956616163253784,US-WestPhoenix
Qh,112,radi,0.8695029369065059,0.9325459003448486,US-WestPhoenix
Qle,112,radi,0.2180328312870206,0.45564529299736023,US-WestPhoenix
Qtau,112,radi,0.4215045063139934,0.7994934916496277,US-WestPhoenix
SWup,113,radi,0.801255542577937,0.9980231523513794,US-WestPhoenix
LWup,113,radi,1.0135060315440536,0.995717465877533,US-WestPhoenix
Qh,113,radi,0.8704299168398075,0.9325616955757141,US-WestPhoenix
Qle,113,radi,0.21755481430397935,0.4551132023334503,US-WestPhoenix
Qtau,113,radi,0.4216445996499771,0.7993398904800415,US-WestPhoenix
SWup,114,radi,0.801255542577937,0.9980231523513794,US-WestPhoenix
LWup,114,radi,1.0017909185226423,0.9957682490348816,US-WestPhoenix
Qh,114,radi,0.8747846022611525,0.9327972531318665,US-WestPhoenix
Qle,114,radi,0.21890984973335084,0.45582109689712524,US-WestPhoenix
Qtau,114,radi,0.4222875275316006,0.7990068793296814,US-WestPhoenix
SWup,115,radi,0.801255542577937,0.9980231523513794,US-WestPhoenix
LWup,115,radi,1.000543905375069,0.9958044290542603,US-WestPhoenix
Qh,115,radi,0.8756772338986639,0.9328129291534424,US-WestPhoenix
Qle,115,radi,0.21845662601820812,0.45539191365242004,US-WestPhoenix
Qtau,115,radi,0.42246123495561744,0.7989667057991028,US-WestPhoenix
SWup,116,radi,0.801255542577937,0.9980231523513794,US-WestPhoenix
LWup,116,radi,1.0134635920312043,0.9957100749015808,US-WestPhoenix
Qh,116,radi,0.8700603122149834,0.9325296878814697,US-WestPhoenix
Qle,116,radi,0.2212498966947171,0.4594772458076477,US-WestPhoenix
Qtau,116,radi,0.4215976334435134,0.7993963360786438,US-WestPhoenix
SWup,117,radi,0.801255542577937,0.9980231523513794,US-WestPhoenix
LWup,117,radi,1.0121713920087916,0.9957621693611145,US-WestPhoenix
Qh,117,radi,0.8709851718831126,0.9325482249259949,US-WestPhoenix
Qle,117,radi,0.22081434773217992,0.45905980467796326,US-WestPhoenix
Qtau,117,radi,0.4217395451613845,0.799328088760376,US-WestPhoenix
SWup,118,radi,0.801255542577937,0.9980231523513794,US-WestPhoenix
LWup,118,radi,1.0004981401082316,0.9957987666130066,US-WestPhoenix
Qh,118,radi,0.8753156014708873,0.9327812790870667,US-WestPhoenix
Qle,118,radi,0.22213512747698289,0.45963820815086365,US-WestPhoenix
Qtau,118,radi,0.42240200765985575,0.7989935278892517,US-WestPhoenix
SWup,119,radi,0.801255542577937,0.9980231523513794,US-WestPhoenix
LWup,119,radi,0.9992449092466805,0.9958310723304749,US-WestPhoenix
Qh,119,radi,0.8762100141311433,0.932796061038971,US-WestPhoenix
Qle,119,radi,0.22169214747896912,0.4592333137989044,US-WestPhoenix
Qtau,119,radi,0.4225915869600614,0.7989640235900879,US-WestPhoenix
SWup,120,radi,0.801255542577937,0.9980231523513794,US-WestPhoenix
LWup,120,radi,1.0121836105397481,0.9957117438316345,US-WestPhoenix
Qh,120,radi,0.8709985719590012,0.9326279759407043,US-WestPhoenix
Qle,120,radi,0.2181907407908983,0.45566099882125854,US-WestPhoenix
Qtau,120,radi,0.42166748528487447,0.7992942929267883,US-WestPhoenix
SWup,121,radi,0.801255542577937,0.9980231523513794,US-WestPhoenix
LWup,121,radi,1.0108850482053582,0.995762825012207,US-WestPhoenix
Qh,121,radi,0.8719229227634891,0.932647168636322,US-WestPhoenix
Qle,121,radi,0.21773972207927317,0.455216646194458,US-WestPhoenix
Qtau,121,radi,0.4218149560559442,0.7992579936981201,US-WestPhoenix
SWup,122,radi,0.801255542577937,0.9980231523513794,US-WestPhoenix
LWup,122,radi,0.9992279189817409,0.9957959055900574,US-WestPhoenix
Qh,122,radi,0.8762411396238717,0.932877242565155,US-WestPhoenix
Qle,122,radi,0.21906211651169138,0.4558432102203369,US-WestPhoenix
Qtau,122,radi,0.42249295273111087,0.7989283800125122,US-WestPhoenix
SWup,123,radi,0.801255542577937,0.9980231523513794,US-WestPhoenix
LWup,123,radi,0.9979679643132138,0.9958270788192749,US-WestPhoenix
Qh,123,radi,0.8771360611477691,0.9328920245170593,US-WestPhoenix
Qle,123,radi,0.21860390983584357,0.45541125535964966,US-WestPhoenix
Qtau,123,radi,0.42268559730364097,0.7988977432250977,US-WestPhoenix
SWup,124,radi,0.801255542577937,0.9980231523513794,US-WestPhoenix
LWup,124,radi,1.0108640091964327,0.9957565069198608,US-WestPhoenix
Qh,124,radi,0.8715518763583479,0.9326145052909851,US-WestPhoenix
Qle,124,radi,0.22141124392061431,0.45949193835258484,US-WestPhoenix
Qtau,124,radi,0.4217626126344706,0.799286961555481,US-WestPhoenix
SWup,125,radi,0.801255542577937,0.9980231523513794,US-WestPhoenix
LWup,125,radi,1.0095581446630686,0.9958040714263916,US-WestPhoenix
Qh,125,radi,0.8724756334885876,0.9326333403587341,US-WestPhoenix
Qle,125,radi,0.22097055573728025,0.4590723216533661,US-WestPhoenix
Qtau,125,radi,0.42191114845778876,0.7992497682571411,US-WestPhoenix
SWup,126,radi,0.801255542577937,0.9980231523513794,US-WestPhoenix
LWup,126,radi,0.9979412136833087,0.9958223104476929,US-WestPhoenix
Qh,126,radi,0.8767668805759794,0.9328605532646179,US-WestPhoenix
Qle,126,radi,0.22229083197734298,0.4596596956253052,US-WestPhoenix
Qtau,126,radi,0.4226216162380879,0.7989258766174316,US-WestPhoenix
SWup,127,radi,0.801255542577937,0.9980231523513794,US-WestPhoenix
LWup,127,radi,0.9966735953208088,0.9958492517471313,US-WestPhoenix
Qh,127,radi,0.87766307425898,0.9328743815422058,US-WestPhoenix
Qle,127,radi,0.22184295582978622,0.4592519998550415,US-WestPhoenix
Qtau,127,radi,0.42282049526280346,0.79889315366745,US-WestPhoenix
SWup,128,radi,1.136916048407064,0.9980266690254211,US-WestPhoenix
LWup,128,radi,0.9633361650441566,0.9955263137817383,US-WestPhoenix
Qh,128,radi,0.785232319151134,0.928583562374115,US-WestPhoenix
Qle,128,radi,0.2148256102651074,0.4575416147708893,US-WestPhoenix
Qtau,128,radi,0.4150684994847745,0.7996647357940674,US-WestPhoenix
SWup,129,radi,1.136916048407064,0.9980266690254211,US-WestPhoenix
LWup,129,radi,0.962476602236208,0.9955551624298096,US-WestPhoenix
Qh,129,radi,0.7861318204478034,0.9285891056060791,US-WestPhoenix
Qle,129,radi,0.21454053977097132,0.45699769258499146,US-WestPhoenix
Qtau,129,radi,0.41516232799016534,0.7994513511657715,US-WestPhoenix
SWup,130,radi,1.136916048407064,0.9980266690254211,US-WestPhoenix
LWup,130,radi,0.9518921732717828,0.9954730272293091,US-WestPhoenix
Qh,130,radi,0.7903718419286339,0.9288809299468994,US-WestPhoenix
Qle,130,radi,0.2158510410741805,0.45712020993232727,US-WestPhoenix
Qtau,130,radi,0.4156686434382754,0.7984262704849243,US-WestPhoenix
SWup,131,radi,1.136916048407064,0.9980266690254211,US-WestPhoenix
LWup,131,radi,0.9510725918106923,0.9954804182052612,US-WestPhoenix
Qh,131,radi,0.7912333480734168,0.9288943409919739,US-WestPhoenix
Qle,131,radi,0.2154477337772509,0.45653650164604187,US-WestPhoenix
Qtau,131,radi,0.4157975667140935,0.798263430595398,US-WestPhoenix
SWup,132,radi,1.136916048407064,0.9980266690254211,US-WestPhoenix
LWup,132,radi,0.961914622111203,0.9955494999885559,US-WestPhoenix
Qh,132,radi,0.7858860393090378,0.9285566210746765,US-WestPhoenix
Qle,132,radi,0.21819478619105262,0.46077069640159607,US-WestPhoenix
Qtau,132,radi,0.41512754494234744,0.7995026111602783,US-WestPhoenix
SWup,133,radi,1.136916048407064,0.9980266690254211,US-WestPhoenix
LWup,133,radi,0.9610525288382635,0.9955740571022034,US-WestPhoenix
Qh,133,radi,0.786779519052618,0.9285711050033569,US-WestPhoenix
Qle,133,radi,0.2178408049964338,0.4602513313293457,US-WestPhoenix
Qtau,133,radi,0.41523568671088074,0.7992610931396484,US-WestPhoenix
SWup,134,radi,1.136916048407064,0.9980266690254211,US-WestPhoenix
LWup,134,radi,0.9505093103036919,0.9954755902290344,US-WestPhoenix
Qh,134,radi,0.7909985923135469,0.9288565516471863,US-WestPhoenix
Qle,134,radi,0.2191956320790162,0.46026065945625305,US-WestPhoenix
Qtau,134,radi,0.4157632252733054,0.7983037829399109,US-WestPhoenix
SWup,135,radi,1.136916048407064,0.9980266690254211,US-WestPhoenix
LWup,135,radi,0.9496817759526297,0.9954782128334045,US-WestPhoenix
Qh,135,radi,0.7918523806931028,0.9288684129714966,US-WestPhoenix
Qle,135,radi,0.21883093838699305,0.4597916007041931,US-WestPhoenix
Qtau,135,radi,0.41588019918243474,0.7981221079826355,US-WestPhoenix
SWup,136,radi,1.136916048407064,0.9980266690254211,US-WestPhoenix
LWup,136,radi,0.9603380701227998,0.9955344200134277,US-WestPhoenix
Qh,136,radi,0.7869798417060909,0.9286984801292419,US-WestPhoenix
Qle,136,radi,0.2150313006326103,0.4573799967765808,US-WestPhoenix
Qtau,136,radi,0.4152045923806058,0.7993438839912415,US-WestPhoenix
SWup,137,radi,1.136916048407064,0.9980266690254211,US-WestPhoenix
LWup,137,radi,0.95946759016589,0.9955576658248901,US-WestPhoenix
Qh,137,radi,0.787872642964816,0.9287127256393433,US-WestPhoenix
Qle,137,radi,0.21466244000480586,0.45682811737060547,US-WestPhoenix
Qtau,137,radi,0.4153190205550928,0.7991200685501099,US-WestPhoenix
SWup,138,radi,1.136916048407064,0.9980266690254211,US-WestPhoenix
LWup,138,radi,0.9489376746472713,0.9954537749290466,US-WestPhoenix
Qh,138,radi,0.7920745844831532,0.9289948344230652,US-WestPhoenix
Qle,138,radi,0.21604683496920288,0.45700493454933167,US-WestPhoenix
Qtau,138,radi,0.4158375970925009,0.7981891632080078,US-WestPhoenix
SWup,139,radi,1.136916048407064,0.9980266690254211,US-WestPhoenix
LWup,139,radi,0.948101681313239,0.9954550266265869,US-WestPhoenix
Qh,139,radi,0.7929290513475642,0.9290069937705994,US-WestPhoenix
Qle,139,radi,0.21566990090332222,0.4564988315105438,US-WestPhoenix
Qtau,139,radi,0.4159464662137891,0.798015832901001,US-WestPhoenix
SWup,140,radi,1.136916048407064,0.9980266690254211,US-WestPhoenix
LWup,140,radi,0.9589246969768174,0.9955530762672424,US-WestPhoenix
Qh,140,radi,0.7876245719396644,0.9286728501319885,US-WestPhoenix
Qle,140,radi,0.2184038795561102,0.46060827374458313,US-WestPhoenix
Qtau,140,radi,0.415277665355596,0.7991679310798645,US-WestPhoenix
SWup,141,radi,1.136916048407064,0.9980266690254211,US-WestPhoenix
LWup,141,radi,0.9580479270069299,0.9955720901489258,US-WestPhoenix
Qh,141,radi,0.7885176276302102,0.928686261177063,US-WestPhoenix
Qle,141,radi,0.2180446723295324,0.4600893557071686,US-WestPhoenix
Qtau,141,radi,0.4154045104806856,0.7989678978919983,US-WestPhoenix
SWup,142,radi,1.136916048407064,0.9980266690254211,US-WestPhoenix
LWup,142,radi,0.9475630537651512,0.9954503178596497,US-WestPhoenix
Qh,142,radi,0.7926862385800397,0.9289689660072327,US-WestPhoenix
Qle,142,radi,0.21941832007206022,0.4602223038673401,US-WestPhoenix
Qtau,142,radi,0.41591547579105065,0.7980538606643677,US-WestPhoenix
SWup,143,radi,1.136916048407064,0.9980266690254211,US-WestPhoenix
LWup,143,radi,0.9467216380061382,0.9954476952552795,US-WestPhoenix
Qh,143,radi,0.7935471510505744,0.9289832711219788,US-WestPhoenix
Qle,143,radi,0.21902523913002714,0.45968666672706604,US-WestPhoenix
Qtau,143,radi,0.4160263451324151,0.7980091571807861,US-WestPhoenix
SWup,144,radi,1.04844846416514,0.9980204105377197,US-WestPhoenix
LWup,144,radi,0.9675274826572774,0.9955992102622986,US-WestPhoenix
Qh,144,radi,0.8067922779603185,0.9300437569618225,US-WestPhoenix
Qle,144,radi,0.2078140636860575,0.4433652460575104,US-WestPhoenix
Qtau,144,radi,0.416955096669857,0.7987549901008606,US-WestPhoenix
SWup,145,radi,1.04844846416514,0.9980204105377197,US-WestPhoenix
LWup,145,radi,0.9663154622255801,0.9956283569335938,US-WestPhoenix
Qh,145,radi,0.8077500441439209,0.9300571084022522,US-WestPhoenix
Qle,145,radi,0.20741520112062792,0.44278767704963684,US-WestPhoenix
Qtau,145,radi,0.4170383785603008,0.7986156940460205,US-WestPhoenix
SWup,146,radi,1.04844846416514,0.9980204105377197,US-WestPhoenix
LWup,146,radi,0.9560835631839033,0.9955607056617737,US-WestPhoenix
Qh,146,radi,0.8118066202820495,0.9303098917007446,US-WestPhoenix
Qle,146,radi,0.20869188079507914,0.44336771965026855,US-WestPhoenix
Qtau,146,radi,0.4174866876262022,0.7977126240730286,US-WestPhoenix
SWup,147,radi,1.04844846416514,0.9980204105377197,US-WestPhoenix
LWup,147,radi,0.9549197661850348,0.9955688714981079,US-WestPhoenix
Qh,147,radi,0.81273063184411,0.9303277730941772,US-WestPhoenix
Qle,147,radi,0.2082424420466044,0.4427908957004547,US-WestPhoenix
Qtau,147,radi,0.4176105713865037,0.7976692318916321,US-WestPhoenix
SWup,148,radi,1.04844846416514,0.9980204105377197,US-WestPhoenix
LWup,148,radi,0.9662914589576653,0.9956255555152893,US-WestPhoenix
Qh,148,radi,0.8074099536102942,0.9300188422203064,US-WestPhoenix
Qle,148,radi,0.2109088121663413,0.44663524627685547,US-WestPhoenix
Qtau,148,radi,0.41700608929335703,0.7986595034599304,US-WestPhoenix
SWup,149,radi,1.04844846416514,0.9980204105377197,US-WestPhoenix
LWup,149,radi,0.9650733654099896,0.9956507682800293,US-WestPhoenix
Qh,149,radi,0.8083661083923658,0.9300325512886047,US-WestPhoenix
Qle,149,radi,0.2105177452432692,0.4461215138435364,US-WestPhoenix
Qtau,149,radi,0.41712459583864864,0.7983905076980591,US-WestPhoenix
SWup,150,radi,1.04844846416514,0.9980204105377197,US-WestPhoenix
LWup,150,radi,0.9548841950771612,0.9955678582191467,US-WestPhoenix
Qh,150,radi,0.812395375515076,0.9302852749824524,US-WestPhoenix
Qle,150,radi,0.21185701576560154,0.4466652572154999,US-WestPhoenix
Qtau,150,radi,0.41756656654482815,0.7976886630058289,US-WestPhoenix
SWup,151,radi,1.04844846416514,0.9980204105377197,US-WestPhoenix
LWup,151,radi,0.9537110715073257,0.9955720901489258,US-WestPhoenix
Qh,151,radi,0.8133165035165022,0.9303037524223328,US-WestPhoenix
Qle,151,radi,0.21142091121162687,0.4461299777030945,US-WestPhoenix
Qtau,151,radi,0.4176949702829641,0.7976707816123962,US-WestPhoenix
SWup,152,radi,1.04844846416514,0.9980204105377197,US-WestPhoenix
LWup,152,radi,0.9647717339830604,0.9956136345863342,US-WestPhoenix
Qh,152,radi,0.8084124149837274,0.9301366806030273,US-WestPhoenix
Qle,152,radi,0.20800272170355447,0.44327571988105774,US-WestPhoenix
Qtau,152,radi,0.4170629786695492,0.7985497117042542,US-WestPhoenix
SWup,153,radi,1.04844846416514,0.9980204105377197,US-WestPhoenix
LWup,153,radi,0.9635453983494139,0.9956376552581787,US-WestPhoenix
Qh,153,radi,0.8093688241976196,0.9301518201828003,US-WestPhoenix
Qle,153,radi,0.20759332026304478,0.44272831082344055,US-WestPhoenix
Qtau,153,radi,0.41718060200078116,0.7982754707336426,US-WestPhoenix
SWup,154,radi,1.04844846416514,0.9980204105377197,US-WestPhoenix
LWup,154,radi,0.9533734351785244,0.9955501556396484,US-WestPhoenix
Qh,154,radi,0.8133766342367869,0.9304112792015076,US-WestPhoenix
Qle,154,radi,0.20886024236287482,0.4433659017086029,US-WestPhoenix
Qtau,154,radi,0.41763696390075544,0.7976208329200745,US-WestPhoenix
SWup,155,radi,1.04844846416514,0.9980204105377197,US-WestPhoenix
LWup,155,radi,0.9521917803267191,0.995552122592926,US-WestPhoenix
Qh,155,radi,0.8142921647381582,0.9304314255714417,US-WestPhoenix
Qle,155,radi,0.20843741991670295,0.44287824630737305,US-WestPhoenix
Qtau,155,radi,0.41776700418259005,0.7975996136665344,US-WestPhoenix
SWup,156,radi,1.04844846416514,0.9980204105377197,US-WestPhoenix
LWup,156,radi,0.9635431570804218,0.9956352114677429,US-WestPhoenix
Qh,156,radi,0.8090214399518004,0.9301126599311829,US-WestPhoenix
Qle,156,radi,0.2110959943940824,0.4465686082839966,US-WestPhoenix
Qtau,156,radi,0.41714727365847315,0.79832524061203,US-WestPhoenix
SWup,157,radi,1.04844846416514,0.9980204105377197,US-WestPhoenix
LWup,157,radi,0.9623096638458007,0.9956551194190979,US-WestPhoenix
Qh,157,radi,0.8099785276505478,0.9301300048828125,US-WestPhoenix
Qle,157,radi,0.21069707974195556,0.4460708200931549,US-WestPhoenix
Qtau,157,radi,0.4172478821306157,0.7981719374656677,US-WestPhoenix
SWup,158,radi,1.04844846416514,0.9980204105377197,US-WestPhoenix
LWup,158,radi,0.9521815861677554,0.9955524206161499,US-WestPhoenix
Qh,158,radi,0.8139541944697039,0.9303879141807556,US-WestPhoenix
Qle,158,radi,0.21202862407086012,0.4466624855995178,US-WestPhoenix
Qtau,158,radi,0.41772066142134495,0.7976207137107849,US-WestPhoenix
SWup,159,radi,1.04844846416514,0.9980204105377197,US-WestPhoenix
LWup,159,radi,0.9509942919939702,0.995549738407135,US-WestPhoenix
Qh,159,radi,0.8148663325467997,0.9304102659225464,US-WestPhoenix
Qle,159,radi,0.21161613215297934,0.44621598720550537,US-WestPhoenix
Qtau,159,radi,0.417860105335226,0.7976019978523254,US-WestPhoenix
SWup,160,radi,0.8712710574071092,0.9980040788650513,US-WestPhoenix
LWup,160,radi,1.0149710984748526,0.9956334233283997,US-WestPhoenix
Qh,160,radi,0.8567473368197278,0.9318738579750061,US-WestPhoenix
Qle,160,radi,0.21887903177080187,0.4582136273384094,US-WestPhoenix
Qtau,160,radi,0.42019773915904096,0.8004858493804932,US-WestPhoenix
SWup,161,radi,0.8712710574071092,0.9980040788650513,US-WestPhoenix
LWup,161,radi,1.0140939670099665,0.9956821203231812,US-WestPhoenix
Qh,161,radi,0.8576029062220284,0.9318794012069702,US-WestPhoenix
Qle,161,radi,0.21847893648687033,0.4578127861022949,US-WestPhoenix
Qtau,161,radi,0.4202992568221272,0.800317108631134,US-WestPhoenix
SWup,162,radi,0.8712710574071092,0.9980040788650513,US-WestPhoenix
LWup,162,radi,1.0019244547751682,0.9957324862480164,US-WestPhoenix
Qh,162,radi,0.862136711645124,0.9321426153182983,US-WestPhoenix
Qle,162,radi,0.21981449149146437,0.45840179920196533,US-WestPhoenix
Qtau,162,radi,0.4208539152515586,0.7996032238006592,US-WestPhoenix
SWup,163,radi,0.8712710574071092,0.9980040788650513,US-WestPhoenix
LWup,163,radi,1.0010787733751703,0.9957640767097473,US-WestPhoenix
Qh,163,radi,0.8629550491910001,0.9321570992469788,US-WestPhoenix
Qle,163,radi,0.21937547008244282,0.4579330086708069,US-WestPhoenix
Qtau,163,radi,0.4209833061112906,0.7995717525482178,US-WestPhoenix
SWup,164,radi,0.8712710574071092,0.9980040788650513,US-WestPhoenix
LWup,164,radi,1.0135528089968875,0.9956792593002319,US-WestPhoenix
Qh,164,radi,0.8573897771669152,0.9318605065345764,US-WestPhoenix
Qle,164,radi,0.22238142810612074,0.4611358344554901,US-WestPhoenix
Qtau,164,radi,0.42027954036709075,0.8003506064414978,US-WestPhoenix
SWup,165,radi,0.8712710574071092,0.9980040788650513,US-WestPhoenix
LWup,165,radi,1.012638298949134,0.9957257509231567,US-WestPhoenix
Qh,165,radi,0.8581990399778543,0.9318609833717346,US-WestPhoenix
Qle,165,radi,0.2218298126198428,0.46176421642303467,US-WestPhoenix
Qtau,165,radi,0.4203771095437929,0.8001816868782043,US-WestPhoenix
SWup,166,radi,0.8712710574071092,0.9980040788650513,US-WestPhoenix
LWup,166,radi,1.0005412303120786,0.9957606792449951,US-WestPhoenix
Qh,166,radi,0.8627514189238585,0.9321338534355164,US-WestPhoenix
Qle,166,radi,0.22328523647707804,0.46125778555870056,US-WestPhoenix
Qtau,166,radi,0.42096104392161177,0.7995930910110474,US-WestPhoenix
SWup,167,radi,0.8712710574071092,0.9980040788650513,US-WestPhoenix
LWup,167,radi,0.9996901987860998,0.9957879185676575,US-WestPhoenix
Qh,167,radi,0.863565770371211,0.9321479797363281,US-WestPhoenix
Qle,167,radi,0.2228930583711309,0.4608757793903351,US-WestPhoenix
Qtau,167,radi,0.4211001501359994,0.7995613813400269,US-WestPhoenix
SWup,168,radi,0.8712710574071092,0.9980040788650513,US-WestPhoenix
LWup,168,radi,1.0119199360876843,0.9956867098808289,US-WestPhoenix
Qh,168,radi,0.858457712328867,0.9319666028022766,US-WestPhoenix
Qle,168,radi,0.21905227212590814,0.45820602774620056,US-WestPhoenix
Qtau,168,radi,0.420335702390528,0.8002369403839111,US-WestPhoenix
SWup,169,radi,0.8712710574071092,0.9980040788650513,US-WestPhoenix
LWup,169,radi,1.011025958955858,0.9957310557365417,US-WestPhoenix
Qh,169,radi,0.8593113310872093,0.9319737553596497,US-WestPhoenix
Qle,169,radi,0.21864603061169924,0.4578057825565338,US-WestPhoenix
Qtau,169,radi,0.42044688345450165,0.8000625967979431,US-WestPhoenix
SWup,170,radi,0.8712710574071092,0.9980040788650513,US-WestPhoenix
LWup,170,radi,0.9989195637478355,0.9957625269889832,US-WestPhoenix
Qh,170,radi,0.8638001868886533,0.9322408437728882,US-WestPhoenix
Qle,170,radi,0.21997945006170538,0.45841184258461,US-WestPhoenix
Qtau,170,radi,0.42102996059514497,0.799517035484314,US-WestPhoenix
SWup,171,radi,0.8712710574071092,0.9980040788650513,US-WestPhoenix
LWup,171,radi,0.9980609408268837,0.9957892894744873,US-WestPhoenix
Qh,171,radi,0.8646187788663502,0.9322551488876343,US-WestPhoenix
Qle,171,radi,0.2195351158095627,0.457941472530365,US-WestPhoenix
Qtau,171,radi,0.42117449597831075,0.799493134021759,US-WestPhoenix
SWup,172,radi,0.8712710574071092,0.9980040788650513,US-WestPhoenix
LWup,172,radi,1.0105080089216967,0.9957282543182373,US-WestPhoenix
Qh,172,radi,0.8590919260471862,0.9319537878036499,US-WestPhoenix
Qle,172,radi,0.22255694291367428,0.46113476157188416,US-WestPhoenix
Qtau,172,radi,0.42042360816634267,0.8001000285148621,US-WestPhoenix
SWup,173,radi,0.8712710574071092,0.9980040788650513,US-WestPhoenix
LWup,173,radi,1.0095778099909987,0.9957704544067383,US-WestPhoenix
Qh,173,radi,0.859899831888415,0.931956946849823,US-WestPhoenix
Qle,173,radi,0.22200011875766976,0.4617582857608795,US-WestPhoenix
Qtau,173,radi,0.420534945091621,0.7999055981636047,US-WestPhoenix
SWup,174,radi,0.8712710574071092,0.9980040788650513,US-WestPhoenix
LWup,174,radi,0.9975431353907219,0.9957861304283142,US-WestPhoenix
Qh,174,radi,0.8644082789400506,0.9322313666343689,US-WestPhoenix
Qle,174,radi,0.2234527820199499,0.461272656917572,US-WestPhoenix
Qtau,174,radi,0.4211495062158008,0.7995113730430603,US-WestPhoenix
SWup,175,radi,0.8712710574071092,0.9980040788650513,US-WestPhoenix
LWup,175,radi,0.99667887314779,0.995808482170105,US-WestPhoenix
Qh,175,radi,0.8652229696298306,0.9322452545166016,US-WestPhoenix
Qle,175,radi,0.2230551521730223,0.460888147354126,US-WestPhoenix
Qtau,175,radi,0.42129562618889704,0.7994740605354309,US-WestPhoenix
SWup,176,radi,0.7827687965476782,0.9980372786521912,US-WestPhoenix
LWup,176,radi,1.019285396686537,0.9956157803535461,US-WestPhoenix
Qh,176,radi,0.8784101708950691,0.9328901767730713,US-WestPhoenix
Qle,176,radi,0.21153571029240084,0.4449382424354553,US-WestPhoenix
Qtau,176,radi,0.4220702308960539,0.7996863126754761,US-WestPhoenix
SWup,177,radi,0.7827687965476782,0.9980372786521912,US-WestPhoenix
LWup,177,radi,1.0180448181499409,0.995672881603241,US-WestPhoenix
Qh,177,radi,0.8793189165478894,0.9329055547714233,US-WestPhoenix
Qle,177,radi,0.2111020190887328,0.4444870352745056,US-WestPhoenix
Qtau,177,radi,0.42220837596572963,0.7995400428771973,US-WestPhoenix
SWup,178,radi,0.7827687965476782,0.9980372786521912,US-WestPhoenix
LWup,178,radi,1.0062686847727462,0.9957324862480164,US-WestPhoenix
Qh,178,radi,0.8836955679164188,0.9331308603286743,US-WestPhoenix
Qle,178,radi,0.21242885825265104,0.44522786140441895,US-WestPhoenix
Qtau,178,radi,0.4228668120471645,0.7992091178894043,US-WestPhoenix
SWup,179,radi,0.7827687965476782,0.9980372786521912,US-WestPhoenix
LWup,179,radi,1.0050669307990123,0.9957709908485413,US-WestPhoenix
Qh,179,radi,0.8845814995159859,0.9331445693969727,US-WestPhoenix
Qle,179,radi,0.21195754309132464,0.44469743967056274,US-WestPhoenix
Qtau,179,radi,0.42304246773748927,0.7991728186607361,US-WestPhoenix
SWup,180,radi,0.7827687965476782,0.9980372786521912,US-WestPhoenix
LWup,180,radi,1.0179843038871557,0.9956678152084351,US-WestPhoenix
Qh,180,radi,0.8788759507481059,0.9328855872154236,US-WestPhoenix
Qle,180,radi,0.2146365355540323,0.4494435489177704,US-WestPhoenix
Qtau,180,radi,0.42214623925894806,0.7995594143867493,US-WestPhoenix
SWup,181,radi,0.7827687965476782,0.9980372786521912,US-WestPhoenix
LWup,181,radi,1.0167782119734374,0.9957196712493896,US-WestPhoenix
Qh,181,radi,0.8798679804168916,0.9328948259353638,US-WestPhoenix
Qle,181,radi,0.21427484552821816,0.448087602853775,US-WestPhoenix
Qtau,181,radi,0.4223003081585808,0.7995285391807556,US-WestPhoenix
SWup,182,radi,0.7827687965476782,0.9980372786521912,US-WestPhoenix
LWup,182,radi,1.0049999096262503,0.9957674145698547,US-WestPhoenix
Qh,182,radi,0.8841363286404232,0.9331265091896057,US-WestPhoenix
Qle,182,radi,0.21550282414072575,0.4496438801288605,US-WestPhoenix
Qtau,182,radi,0.42296848557155536,0.7991899847984314,US-WestPhoenix
SWup,183,radi,0.7827687965476782,0.9980372786521912,US-WestPhoenix
LWup,183,radi,1.003791287247541,0.9958016276359558,US-WestPhoenix
Qh,183,radi,0.8850210728914938,0.9331390261650085,US-WestPhoenix
Qle,183,radi,0.21507536597849722,0.4492132067680359,US-WestPhoenix
Qtau,183,radi,0.42315874027074774,0.799161970615387,US-WestPhoenix
SWup,184,radi,0.7827687965476782,0.9980372786521912,US-WestPhoenix
LWup,184,radi,1.0164849672304783,0.9956716895103455,US-WestPhoenix
Qh,184,radi,0.879991210228702,0.9329736232757568,US-WestPhoenix
Qle,184,radi,0.2116932204649328,0.44495832920074463,US-WestPhoenix
Qtau,184,radi,0.422239340411584,0.7994963526725769,US-WestPhoenix
SWup,185,radi,0.7827687965476782,0.9980372786521912,US-WestPhoenix
LWup,185,radi,1.0152288444089377,0.9957245588302612,US-WestPhoenix
Qh,185,radi,0.8809021609573014,0.9329917430877686,US-WestPhoenix
Qle,185,radi,0.2112545636627921,0.444504052400589,US-WestPhoenix
Qtau,185,radi,0.4223859539454783,0.7994612455368042,US-WestPhoenix
SWup,186,radi,0.7827687965476782,0.9980372786521912,US-WestPhoenix
LWup,186,radi,1.0035108394275365,0.995765745639801,US-WestPhoenix
Qh,186,radi,0.8852381880451308,0.9332113862037659,US-WestPhoenix
Qle,186,radi,0.21258063888848377,0.4452529847621918,US-WestPhoenix
Qtau,186,radi,0.42308143306364826,0.7991307973861694,US-WestPhoenix
SWup,187,radi,0.7827687965476782,0.9980372786521912,US-WestPhoenix
LWup,187,radi,1.0022927458798607,0.9957988858222961,US-WestPhoenix
Qh,187,radi,0.8861206424098154,0.9332245588302612,US-WestPhoenix
Qle,187,radi,0.21213635672303835,0.4448150098323822,US-WestPhoenix
Qtau,187,radi,0.4232737918904532,0.7991015911102295,US-WestPhoenix
SWup,188,radi,0.7827687965476782,0.9980372786521912,US-WestPhoenix
LWup,188,radi,1.0151897306500766,0.9957199692726135,US-WestPhoenix
Qh,188,radi,0.8804515622028979,0.932971715927124,US-WestPhoenix
Qle,188,radi,0.21479685840821663,0.4494657814502716,US-WestPhoenix
Qtau,188,radi,0.42232111564274966,0.7994809150695801,US-WestPhoenix
SWup,189,radi,0.7827687965476782,0.9980372786521912,US-WestPhoenix
LWup,189,radi,1.0139689620394101,0.9957674145698547,US-WestPhoenix
Qh,189,radi,0.8814441855459318,0.9329801797866821,US-WestPhoenix
Qle,189,radi,0.2144302722328595,0.4481045603752136,US-WestPhoenix
Qtau,189,radi,0.42248167876340886,0.7994488477706909,US-WestPhoenix
SWup,190,radi,0.7827687965476782,0.9980372786521912,US-WestPhoenix
LWup,190,radi,1.0022477036030206,0.9957965612411499,US-WestPhoenix
Qh,190,radi,0.8856731816478667,0.9332063794136047,US-WestPhoenix
Qle,190,radi,0.21565766052946475,0.44967252016067505,US-WestPhoenix
Qtau,190,radi,0.4231960430763239,0.7991229891777039,US-WestPhoenix
SWup,191,radi,0.7827687965476782,0.9980372786521912,US-WestPhoenix
LWup,191,radi,1.0010236815373659,0.9958255887031555,US-WestPhoenix
Qh,191,radi,0.8865599613535027,0.933218240737915,US-WestPhoenix
Qle,191,radi,0.2152252888554608,0.4492379426956177,US-WestPhoenix
Qtau,191,radi,0.4233954416387216,0.7990914583206177,US-WestPhoenix
SWup,192,radi,1.1217054022745994,0.9980195164680481,US-WestPhoenix
LWup,192,radi,0.9648843035256607,0.9955286383628845,US-WestPhoenix
Qh,192,radi,0.7883190011888751,0.9286776185035706,US-WestPhoenix
Qle,192,radi,0.2222215740322118,0.4664546549320221,US-WestPhoenix
Qtau,192,radi,0.4153087337089868,0.7996801733970642,US-WestPhoenix
SWup,193,radi,1.1217054022745994,0.9980195164680481,US-WestPhoenix
LWup,193,radi,0.9640514190486175,0.9955579042434692,US-WestPhoenix
Qh,193,radi,0.7892074771066488,0.92868971824646,US-WestPhoenix
Qle,193,radi,0.2218535294293312,0.46592411398887634,US-WestPhoenix
Qtau,193,radi,0.41540596518619555,0.799477756023407,US-WestPhoenix
SWup,194,radi,1.1217054022745994,0.9980195164680481,US-WestPhoenix
LWup,194,radi,0.9534365522053002,0.9954805970191956,US-WestPhoenix
Qh,194,radi,0.7934558100269545,0.9289715886116028,US-WestPhoenix
Qle,194,radi,0.22321549238943905,0.4659893214702606,US-WestPhoenix
Qtau,194,radi,0.41592137254374273,0.7985202670097351,US-WestPhoenix
SWup,195,radi,1.1217054022745994,0.9980195164680481,US-WestPhoenix
LWup,195,radi,0.952638298949134,0.9954887628555298,US-WestPhoenix
Qh,195,radi,0.794304594580704,0.9289820790290833,US-WestPhoenix
Qle,195,radi,0.2228371519827322,0.46550533175468445,US-WestPhoenix
Qtau,195,radi,0.4160313326941634,0.7983548045158386,US-WestPhoenix
SWup,196,radi,1.1217054022745994,0.9980195164680481,US-WestPhoenix
LWup,196,radi,0.9633953056259467,0.9955536127090454,US-WestPhoenix
Qh,196,radi,0.7889771314983371,0.9286494851112366,US-WestPhoenix
Qle,196,radi,0.225662056646714,0.4695829451084137,US-WestPhoenix
Qtau,196,radi,0.4153709743233048,0.7995229363441467,US-WestPhoenix
SWup,197,radi,1.1217054022745994,0.9980195164680481,US-WestPhoenix
LWup,197,radi,0.9625568541259232,0.9955788850784302,US-WestPhoenix
Qh,197,radi,0.7898646744994351,0.9286609888076782,US-WestPhoenix
Qle,197,radi,0.2253019986707475,0.46908387541770935,US-WestPhoenix
Qtau,197,radi,0.4154836880234407,0.7993207573890686,US-WestPhoenix
SWup,198,radi,1.1217054022745994,0.9980195164680481,US-WestPhoenix
LWup,198,radi,0.951981968629464,0.9954838752746582,US-WestPhoenix
Qh,198,radi,0.7940778110178817,0.9289435744285583,US-WestPhoenix
Qle,198,radi,0.2266857685947773,0.4691660404205322,US-WestPhoenix
Qtau,198,radi,0.41599896549656734,0.7983880043029785,US-WestPhoenix
SWup,199,radi,1.1217054022745994,0.9980195164680481,US-WestPhoenix
LWup,199,radi,0.951178292948317,0.995487630367279,US-WestPhoenix
Qh,199,radi,0.7949250689807071,0.9289549589157104,US-WestPhoenix
Qle,199,radi,0.22631473768792013,0.4687345623970032,US-WestPhoenix
Qtau,199,radi,0.41611097782083245,0.7982175946235657,US-WestPhoenix
SWup,200,radi,1.1217054022745994,0.9980195164680481,US-WestPhoenix
LWup,200,radi,0.9618842565313109,0.9955388903617859,US-WestPhoenix
Qh,200,radi,0.7900636401831977,0.928790807723999,US-WestPhoenix
Qle,200,radi,0.22242676089497446,0.4663001596927643,US-WestPhoenix
Qtau,200,radi,0.41545339897657313,0.7993816137313843,US-WestPhoenix
SWup,201,radi,1.1217054022745994,0.9980195164680481,US-WestPhoenix
LWup,201,radi,0.9610376352443164,0.9955628514289856,US-WestPhoenix
Qh,201,radi,0.7909511831842957,0.9288028478622437,US-WestPhoenix
Qle,201,radi,0.22205326455111338,0.46576976776123047,US-WestPhoenix
Qtau,201,radi,0.41556603474605674,0.7991798520088196,US-WestPhoenix
SWup,202,radi,1.1217054022745994,0.9980195164680481,US-WestPhoenix
LWup,202,radi,0.9504813305907913,0.9954631924629211,US-WestPhoenix
Qh,202,radi,0.7951527854602053,0.9290822744369507,US-WestPhoenix
Qle,202,radi,0.22341099112651025,0.4658872187137604,US-WestPhoenix
Qtau,202,radi,0.4160696226213357,0.7982863187789917,US-WestPhoenix
SWup,203,radi,1.1217054022745994,0.9980195164680481,US-WestPhoenix
LWup,203,radi,0.9496697020196726,0.9954657554626465,US-WestPhoenix
Qh,203,radi,0.7960014852033479,0.9290943741798401,US-WestPhoenix
Qle,203,radi,0.22302758094793623,0.46540600061416626,US-WestPhoenix
Qtau,203,radi,0.4161817128762531,0.7981199622154236,US-WestPhoenix
SWup,204,radi,1.1217054022745994,0.9980195164680481,US-WestPhoenix
LWup,204,radi,0.9604020547375727,0.9955583810806274,US-WestPhoenix
Qh,204,radi,0.7907098970076952,0.9287624955177307,US-WestPhoenix
Qle,204,radi,0.22589363410275803,0.46948933601379395,US-WestPhoenix
Qtau,204,radi,0.4155301346922222,0.7992243766784668,US-WestPhoenix
SWup,205,radi,1.1217054022745994,0.9980195164680481,US-WestPhoenix
LWup,205,radi,0.9595491434376006,0.9955787062644958,US-WestPhoenix
Qh,205,radi,0.7916004083800343,0.9287748336791992,US-WestPhoenix
Qle,205,radi,0.2255054840347328,0.4689296782016754,US-WestPhoenix
Qtau,205,radi,0.41564365367576545,0.7990451455116272,US-WestPhoenix
SWup,206,radi,1.1217054022745994,0.9980195164680481,US-WestPhoenix
LWup,206,radi,0.9490342661109283,0.9954609870910645,US-WestPhoenix
Qh,206,radi,0.7957668990646917,0.9290550351142883,US-WestPhoenix
Qle,206,radi,0.22688711840417472,0.4690606892108917,US-WestPhoenix
Qtau,206,radi,0.4161484364877133,0.7981479167938232,US-WestPhoenix
SWup,207,radi,1.1217054022745994,0.9980195164680481,US-WestPhoenix
LWup,207,radi,0.9482151184438363,0.9954589009284973,US-WestPhoenix
Qh,207,radi,0.7966211114972821,0.9290693998336792,US-WestPhoenix
Qle,207,radi,0.22651105244991518,0.4686342179775238,US-WestPhoenix
Qtau,207,radi,0.4162692809525744,0.7980051636695862,US-WestPhoenix
SWup,208,radi,1.034457476225817,0.9980283379554749,US-WestPhoenix
LWup,208,radi,0.9689253838173149,0.9956015348434448,US-WestPhoenix
Qh,208,radi,0.8095207199945585,0.9301194548606873,US-WestPhoenix
Qle,208,radi,0.21436596252396856,0.4539957642555237,US-WestPhoenix
Qtau,208,radi,0.417138909101791,0.7988398671150208,US-WestPhoenix
SWup,209,radi,1.034457476225817,0.9980283379554749,US-WestPhoenix
LWup,209,radi,0.9677362098695365,0.9956324696540833,US-WestPhoenix
Qh,209,radi,0.8104795887160505,0.9301246404647827,US-WestPhoenix
Qle,209,radi,0.21403891015183618,0.45344969630241394,US-WestPhoenix
Qtau,209,radi,0.4172208142173773,0.798698902130127,US-WestPhoenix
SWup,210,radi,1.034457476225817,0.9980283379554749,US-WestPhoenix
LWup,210,radi,0.9574786446829509,0.9955686926841736,US-WestPhoenix
Qh,210,radi,0.8145308217859452,0.9303798079490662,US-WestPhoenix
Qle,210,radi,0.21529209872582047,0.45393267273902893,US-WestPhoenix
Qtau,210,radi,0.4176759552037985,0.7978100776672363,US-WestPhoenix
SWup,211,radi,1.034457476225817,0.9980283379554749,US-WestPhoenix
LWup,211,radi,0.9563348022080115,0.9955779910087585,US-WestPhoenix
Qh,211,radi,0.8154467763403511,0.930396318435669,US-WestPhoenix
Qle,211,radi,0.21486564757307242,0.4534682631492615,US-WestPhoenix
Qtau,211,radi,0.4177989037962722,0.797773003578186,US-WestPhoenix
SWup,212,radi,1.034457476225817,0.9980283379554749,US-WestPhoenix
LWup,212,radi,0.9676199530779491,0.9956296682357788,US-WestPhoenix
Qh,212,radi,0.8101285576141352,0.9300917387008667,US-WestPhoenix
Qle,212,radi,0.21764431661211453,0.45721888542175293,US-WestPhoenix
Qtau,212,radi,0.41718662863789374,0.7987387180328369,US-WestPhoenix
SWup,213,radi,1.034457476225817,0.9980283379554749,US-WestPhoenix
LWup,213,radi,0.9664262965921866,0.9956558346748352,US-WestPhoenix
Qh,213,radi,0.8110810655401104,0.9301049709320068,US-WestPhoenix
Qle,213,radi,0.2172462700716088,0.45673292875289917,US-WestPhoenix
Qtau,213,radi,0.41730201795709265,0.7984662055969238,US-WestPhoenix
SWup,214,radi,1.034457476225817,0.9980283379554749,US-WestPhoenix
LWup,214,radi,0.9562089296494583,0.995577335357666,US-WestPhoenix
Qh,214,radi,0.8151053288370143,0.9303595423698425,US-WestPhoenix
Qle,214,radi,0.218571668170236,0.45718225836753845,US-WestPhoenix
Qtau,214,radi,0.4177577304349642,0.7977778911590576,US-WestPhoenix
SWup,215,radi,1.034457476225817,0.9980283379554749,US-WestPhoenix
LWup,215,radi,0.9550593032545395,0.9955819845199585,US-WestPhoenix
Qh,215,radi,0.8160163643762205,0.9303781986236572,US-WestPhoenix
Qle,215,radi,0.21815615522391377,0.45675572752952576,US-WestPhoenix
Qtau,215,radi,0.41788322476208034,0.7977606654167175,US-WestPhoenix
SWup,216,radi,1.034457476225817,0.9980283379554749,US-WestPhoenix
LWup,216,radi,0.9661661647911101,0.9956175684928894,US-WestPhoenix
Qh,216,radi,0.8111398392906848,0.9302120208740234,US-WestPhoenix
Qle,216,radi,0.21455528030629756,0.4539076089859009,US-WestPhoenix
Qtau,216,radi,0.41724421938995676,0.7986332774162292,US-WestPhoenix
SWup,217,radi,1.034457476225817,0.9980283379554749,US-WestPhoenix
LWup,217,radi,0.9649649892093742,0.9956426024436951,US-WestPhoenix
Qh,217,radi,0.8120920927848394,0.9302266240119934,US-WestPhoenix
Qle,217,radi,0.21413891661058665,0.4533935487270355,US-WestPhoenix
Qtau,217,radi,0.4173634273111192,0.7983570694923401,US-WestPhoenix
SWup,218,radi,1.034457476225817,0.9980283379554749,US-WestPhoenix
LWup,218,radi,0.9547650463255841,0.9955599904060364,US-WestPhoenix
Qh,218,radi,0.8160982066118688,0.9304805994033813,US-WestPhoenix
Qle,218,radi,0.2154613284052373,0.45393106341362,US-WestPhoenix
Qtau,218,radi,0.41783051766422924,0.7977216839790344,US-WestPhoenix
SWup,219,radi,1.034457476225817,0.9980283379554749,US-WestPhoenix
LWup,219,radi,0.9536088407216886,0.9955632090568542,US-WestPhoenix
Qh,219,radi,0.8170087332874338,0.9305012822151184,US-WestPhoenix
Qle,219,radi,0.21502952968490327,0.45346662402153015,US-WestPhoenix
Qtau,219,radi,0.41795964875512015,0.7976913452148438,US-WestPhoenix
SWup,220,radi,1.034457476225817,0.9980283379554749,US-WestPhoenix
LWup,220,radi,0.9648687592407159,0.9956409335136414,US-WestPhoenix
Qh,220,radi,0.8117386869859311,0.9301857948303223,US-WestPhoenix
Qle,220,radi,0.21783271419612515,0.45715901255607605,US-WestPhoenix
Qtau,220,radi,0.41732511140706285,0.7984012961387634,US-WestPhoenix
SWup,221,radi,1.034457476225817,0.9980283379554749,US-WestPhoenix
LWup,221,radi,0.963659992264007,0.9956620335578918,US-WestPhoenix
Qh,221,radi,0.8126902619952306,0.930202841758728,US-WestPhoenix
Qle,221,radi,0.21742598653940845,0.456692099571228,US-WestPhoenix
Qtau,221,radi,0.41743062951030147,0.7982635498046875,US-WestPhoenix
SWup,222,radi,1.034457476225817,0.9980283379554749,US-WestPhoenix
LWup,222,radi,0.9535028503880649,0.9955634474754333,US-WestPhoenix
Qh,222,radi,0.8166606705567596,0.9304628968238831,US-WestPhoenix
Qle,222,radi,0.2187437626180024,0.45717936754226685,US-WestPhoenix
Qtau,222,radi,0.41791057842104395,0.7977122068405151,US-WestPhoenix
SWup,223,radi,1.034457476225817,0.9980283379554749,US-WestPhoenix
LWup,223,radi,0.9523404993691912,0.9955621361732483,US-WestPhoenix
Qh,223,radi,0.8175687377247248,0.9304844737052917,US-WestPhoenix
Qle,223,radi,0.21832283265516453,0.4567525088787079,US-WestPhoenix
Qtau,223,radi,0.4180518666936965,0.7976927757263184,US-WestPhoenix
SWup,224,radi,0.8560701232177884,0.9979831576347351,US-WestPhoenix
LWup,224,radi,1.0165433125232712,0.9956077337265015,US-WestPhoenix
Qh,224,radi,0.8598399555999511,0.9319297075271606,US-WestPhoenix
Qle,224,radi,0.2263086261821076,0.4671671986579895,US-WestPhoenix
Qtau,224,radi,0.42042184173822345,0.800534188747406,US-WestPhoenix
SWup,225,radi,0.8560701232177884,0.9979831576347351,US-WestPhoenix
LWup,225,radi,1.0156922086982927,0.9956571459770203,US-WestPhoenix
Qh,225,radi,0.8606936591689002,0.9319351315498352,US-WestPhoenix
Qle,225,radi,0.2258743967492345,0.466704785823822,US-WestPhoenix
Qtau,225,radi,0.42052694421131637,0.800365149974823,US-WestPhoenix
SWup,226,radi,0.8560701232177884,0.9979831576347351,US-WestPhoenix
LWup,226,radi,1.003492692378601,0.9957118630409241,US-WestPhoenix
Qh,226,radi,0.8652244962207546,0.9321980476379395,US-WestPhoenix
Qle,226,radi,0.22721812936529928,0.4672698676586151,US-WestPhoenix
Qtau,226,radi,0.42108877226076097,0.7996816635131836,US-WestPhoenix
SWup,227,radi,0.8560701232177884,0.9979831576347351,US-WestPhoenix
LWup,227,radi,1.0026708696485185,0.9957436919212341,US-WestPhoenix
Qh,227,radi,0.8660324020619833,0.9322117567062378,US-WestPhoenix
Qle,227,radi,0.22680725213503372,0.46690496802330017,US-WestPhoenix
Qtau,227,radi,0.4212210725315128,0.799646258354187,US-WestPhoenix
SWup,228,radi,0.8560701232177884,0.9979831576347351,US-WestPhoenix
LWup,228,radi,1.0150305282526417,0.9956591129302979,US-WestPhoenix
Qh,228,radi,0.8604678085227536,0.9319064021110535,US-WestPhoenix
Qle,228,radi,0.2299631851223725,0.46932172775268555,US-WestPhoenix
Qtau,228,radi,0.4204973045865514,0.800394594669342,US-WestPhoenix
SWup,229,radi,0.8560701232177884,0.9979831576347351,US-WestPhoenix
LWup,229,radi,1.0141698809596968,0.9957047700881958,US-WestPhoenix
Qh,229,radi,0.8613162538340755,0.9319126009941101,US-WestPhoenix
Qle,229,radi,0.2295721355615328,0.46895119547843933,US-WestPhoenix
Qtau,229,radi,0.42060658933798534,0.8002197742462158,US-WestPhoenix
SWup,230,radi,0.8560701232177884,0.9979831576347351,US-WestPhoenix
LWup,230,radi,1.0020152623188459,0.9957453608512878,US-WestPhoenix
Qh,230,radi,0.8658219021356838,0.9321789741516113,US-WestPhoenix
Qle,230,radi,0.23087440716657395,0.46942517161369324,US-WestPhoenix
Qtau,230,radi,0.42118969245551274,0.7996621131896973,US-WestPhoenix
SWup,231,radi,0.8560701232177884,0.9979831576347351,US-WestPhoenix
LWup,231,radi,1.0011877279677837,0.9957733154296875,US-WestPhoenix
Qh,231,radi,0.8666300624087332,0.9321921467781067,US-WestPhoenix
Qle,231,radi,0.23047625645267367,0.46906954050064087,US-WestPhoenix
Qtau,231,radi,0.4213292143000461,0.7996350526809692,US-WestPhoenix
SWup,232,radi,0.8560701232177884,0.9979831576347351,US-WestPhoenix
LWup,232,radi,1.0134902703621096,0.9956624507904053,US-WestPhoenix
Qh,232,radi,0.8615478716014906,0.9320220351219177,US-WestPhoenix
Qle,232,radi,0.22648311661794823,0.467162162065506,US-WestPhoenix
Qtau,232,radi,0.4205621688661641,0.8002802729606628,US-WestPhoenix
SWup,233,radi,0.8560701232177884,0.9979831576347351,US-WestPhoenix
LWup,233,radi,1.0126232607571874,0.9957077503204346,US-WestPhoenix
Qh,233,radi,0.8623995397158742,0.9320294260978699,US-WestPhoenix
Qle,233,radi,0.22604225481228996,0.4666987955570221,US-WestPhoenix
Qtau,233,radi,0.4206814027642106,0.800114631652832,US-WestPhoenix
SWup,234,radi,0.8560701232177884,0.9979831576347351,US-WestPhoenix
LWup,234,radi,1.0004859938762747,0.9957433938980103,US-WestPhoenix
Qh,234,radi,0.8668867841157875,0.932295024394989,US-WestPhoenix
Qle,234,radi,0.2273842859295774,0.467279851436615,US-WestPhoenix
Qtau,234,radi,0.4212693116052977,0.7995942831039429,US-WestPhoenix
SWup,235,radi,0.8560701232177884,0.9979831576347351,US-WestPhoenix
LWup,235,radi,0.9996513019242379,0.9957704544067383,US-WestPhoenix
Qh,235,radi,0.8676946899570163,0.9323086142539978,US-WestPhoenix
Qle,235,radi,0.2269677659737747,0.4669126570224762,US-WestPhoenix
Qtau,235,radi,0.4214161329542648,0.7995703220367432,US-WestPhoenix
SWup,236,radi,0.8560701232177884,0.9979831576347351,US-WestPhoenix
LWup,236,radi,1.0119844267954552,0.9957096576690674,US-WestPhoenix
Qh,236,radi,0.8621679219484593,0.9319998025894165,US-WestPhoenix
Qle,236,radi,0.23013948123038502,0.46931859850883484,US-WestPhoenix
Qtau,236,radi,0.4206466716701609,0.800146222114563,US-WestPhoenix
SWup,237,radi,0.8560701232177884,0.9979831576347351,US-WestPhoenix
LWup,237,radi,1.0111100426925594,0.9957510828971863,US-WestPhoenix
Qh,237,radi,0.8630157735855329,0.9320087432861328,US-WestPhoenix
Qle,237,radi,0.22974244169935976,0.46894800662994385,US-WestPhoenix
Qtau,237,radi,0.4207752572464856,0.7999513149261475,US-WestPhoenix
SWup,238,radi,0.8560701232177884,0.9979831576347351,US-WestPhoenix
LWup,238,radi,0.9990154322214952,0.9957722425460815,US-WestPhoenix
Qh,238,radi,0.8674778292352,0.9322754740715027,US-WestPhoenix
Qle,238,radi,0.2310432722391099,0.46943697333335876,US-WestPhoenix
Qtau,238,radi,0.42137966140898,0.7995848655700684,US-WestPhoenix
SWup,239,radi,0.8560701232177884,0.9979831576347351,US-WestPhoenix
LWup,239,radi,0.9981748840504792,0.9957954287528992,US-WestPhoenix
Qh,239,radi,0.8682860743188563,0.9322882890701294,US-WestPhoenix
Qle,239,radi,0.23063966978422912,0.469078928232193,US-WestPhoenix
Qtau,239,radi,0.4215334185860034,0.7995277047157288,US-WestPhoenix
SWup,240,radi,0.7687824155557439,0.9980423450469971,US-WestPhoenix
LWup,240,radi,1.0207036138655021,0.9955938458442688,US-WestPhoenix
Qh,240,radi,0.8811322521337924,0.9329373836517334,US-WestPhoenix
Qle,240,radi,0.21822338178785158,0.45553237199783325,US-WestPhoenix
Qtau,240,radi,0.42225838146763367,0.7997339367866516,US-WestPhoenix
SWup,241,radi,0.7687824155557439,0.9980423450469971,US-WestPhoenix
LWup,241,radi,1.0194886291748153,0.9956514835357666,US-WestPhoenix
Qh,241,radi,0.882037774983551,0.9329521656036377,US-WestPhoenix
Qle,241,radi,0.217782919313539,0.45510393381118774,US-WestPhoenix
Qtau,241,radi,0.42239722791318024,0.7996044158935547,US-WestPhoenix
SWup,242,radi,0.7687824155557439,0.9980423450469971,US-WestPhoenix
LWup,242,radi,1.0076821302177283,0.9957150816917419,US-WestPhoenix
Qh,242,radi,0.8864148504051148,0.9331762194633484,US-WestPhoenix
Qle,242,radi,0.21909369841246693,0.45571693778038025,US-WestPhoenix
Qtau,242,radi,0.42306579497941643,0.7992775440216064,US-WestPhoenix
SWup,243,radi,0.7687824155557439,0.9980423450469971,US-WestPhoenix
LWup,243,radi,1.0065045964089088,0.995753824710846,US-WestPhoenix
Qh,243,radi,0.8872924705652068,0.933188796043396,US-WestPhoenix
Qle,243,radi,0.2186462563207207,0.4553006887435913,US-WestPhoenix
Qtau,243,radi,0.42324251572198957,0.799238383769989,US-WestPhoenix
SWup,244,radi,0.7687824155557439,0.9980423450469971,US-WestPhoenix
LWup,244,radi,1.0193713601972316,0.9956448078155518,US-WestPhoenix
Qh,244,radi,0.8816893730104491,0.9329222440719604,US-WestPhoenix
Qle,244,radi,0.22144466621802658,0.45936495065689087,US-WestPhoenix
Qtau,244,radi,0.42234958630772984,0.7996309399604797,US-WestPhoenix
SWup,245,radi,0.7687824155557439,0.9980423450469971,US-WestPhoenix
LWup,245,radi,1.0181489287095713,0.9956992864608765,US-WestPhoenix
Qh,245,radi,0.8825965920723455,0.9329390525817871,US-WestPhoenix
Qle,245,radi,0.22101446482307538,0.4589604139328003,US-WestPhoenix
Qtau,245,radi,0.42249664144865395,0.7995951175689697,US-WestPhoenix
SWup,246,radi,0.7687824155557439,0.9980423450469971,US-WestPhoenix
LWup,246,radi,1.0063823388003428,0.9957482218742371,US-WestPhoenix
Qh,246,radi,0.8869454255618151,0.933160126209259,US-WestPhoenix
Qle,246,radi,0.22232336880090173,0.4595349133014679,US-WestPhoenix
Qtau,246,radi,0.42318370405637357,0.7992628216743469,US-WestPhoenix
SWup,247,radi,0.7687824155557439,0.9980423450469971,US-WestPhoenix
LWup,247,radi,1.0051978642875476,0.9957831501960754,US-WestPhoenix
Qh,247,radi,0.8878240634491897,0.9331721663475037,US-WestPhoenix
Qle,247,radi,0.2218860141661927,0.45914193987846375,US-WestPhoenix
Qtau,247,radi,0.42337486794650964,0.7992342114448547,US-WestPhoenix
SWup,248,radi,0.7687824155557439,0.9980423450469971,US-WestPhoenix
LWup,248,radi,1.0179001478514544,0.9956510663032532,US-WestPhoenix
Qh,248,radi,0.882712782603784,0.9330207705497742,US-WestPhoenix
Qle,248,radi,0.21838215940335035,0.45555102825164795,US-WestPhoenix
Qtau,248,radi,0.4224294912032399,0.7995597124099731,US-WestPhoenix
SWup,249,radi,0.7687824155557439,0.9980423450469971,US-WestPhoenix
LWup,249,radi,1.016669835772822,0.9957045316696167,US-WestPhoenix
Qh,249,radi,0.8836197472338596,0.9330378770828247,US-WestPhoenix
Qle,249,radi,0.21793657507047332,0.4551194906234741,US-WestPhoenix
Qtau,249,radi,0.4225760787602501,0.7995250821113586,US-WestPhoenix
SWup,250,radi,0.7687824155557439,0.9980423450469971,US-WestPhoenix
LWup,250,radi,1.0049209591185306,0.9957497119903564,US-WestPhoenix
Qh,250,radi,0.8879567072383648,0.9332559704780579,US-WestPhoenix
Qle,250,radi,0.21924705901145006,0.4557408094406128,US-WestPhoenix
Qtau,250,radi,0.42328231230844,0.7991986870765686,US-WestPhoenix
SWup,251,radi,0.7687824155557439,0.9980423450469971,US-WestPhoenix
LWup,251,radi,1.0037283871177642,0.9957833886146545,US-WestPhoenix
Qh,251,radi,0.8888362780424152,0.9332679510116577,US-WestPhoenix
Qle,251,radi,0.21879449506113938,0.45532146096229553,US-WestPhoenix
Qtau,251,radi,0.423475918025682,0.7991687655448914,US-WestPhoenix
SWup,252,radi,0.7687824155557439,0.9980423450469971,US-WestPhoenix
LWup,252,radi,1.0165739672991625,0.995698094367981,US-WestPhoenix
Qh,252,radi,0.883264305980386,0.9330078959465027,US-WestPhoenix
Qle,252,radi,0.22160689891777732,0.45938241481781006,US-WestPhoenix
Qtau,252,radi,0.4225267486573328,0.7995527386665344,US-WestPhoenix
SWup,253,radi,0.7687824155557439,0.9980423450469971,US-WestPhoenix
LWup,253,radi,1.0153365699185553,0.995747983455658,US-WestPhoenix
Qh,253,radi,0.8841726275801719,0.9330233335494995,US-WestPhoenix
Qle,253,radi,0.22117157566426165,0.4589756727218628,US-WestPhoenix
Qtau,253,radi,0.4226720893239059,0.7995203733444214,US-WestPhoenix
SWup,254,radi,0.7687824155557439,0.9980423450469971,US-WestPhoenix
LWup,254,radi,1.0036270962191238,0.9957787394523621,US-WestPhoenix
Qh,254,radi,0.8884820241374379,0.9332390427589417,US-WestPhoenix
Qle,254,radi,0.22248027129529893,0.4595581889152527,US-WestPhoenix
Qtau,254,radi,0.42341300201237725,0.7991949319839478,US-WestPhoenix
SWup,255,radi,0.7687824155557439,0.9980423450469971,US-WestPhoenix
LWup,255,radi,1.0024272220193833,0.9958083629608154,US-WestPhoenix
Qh,255,radi,0.8893629519111985,0.9332502484321594,US-WestPhoenix
Qle,255,radi,0.22203784688872266,0.4591621458530426,US-WestPhoenix
Qtau,255,radi,0.4236123745978908,0.799164891242981,US-WestPhoenix
SWup,256,radi,0.965178319848029,0.9979308843612671,US-WestPhoenix
LWup,256,radi,0.9821532799564433,0.9963302612304688,US-WestPhoenix
Qh,256,radi,0.8291613440694483,0.9265682697296143,US-WestPhoenix
Qle,256,radi,0.24934386884038237,0.5367114543914795,US-WestPhoenix
Qtau,256,radi,0.41828137687570216,0.8161317706108093,US-WestPhoenix
SWup,0,ther,1.1054883585671105,0.9974020719528198,AU-Preston
LWup,0,ther,1.1274921057689826,0.9765036106109619,AU-Preston
Qh,0,ther,0.7792112310040172,0.9302228093147278,AU-Preston
Qle,0,ther,0.5439543329488927,0.4421161413192749,AU-Preston
Qtau,0,ther,0.3006966039951862,0.8798151612281799,AU-Preston
SWup,1,ther,1.1054883585671105,0.9974020719528198,AU-Preston
LWup,1,ther,1.1379916326416544,0.9771239161491394,AU-Preston
Qh,1,ther,0.797546091855708,0.9316471815109253,AU-Preston
Qle,1,ther,0.5501098382926121,0.4434967041015625,AU-Preston
Qtau,1,ther,0.30145758932092853,0.8814635872840881,AU-Preston
SWup,2,ther,1.1054883585671105,0.9974020719528198,AU-Preston
LWup,2,ther,1.151743627824863,0.9770432710647583,AU-Preston
Qh,2,ther,0.8163682644614153,0.9317155480384827,AU-Preston
Qle,2,ther,0.5517211859547388,0.44506606459617615,AU-Preston
Qtau,2,ther,0.3021995904836423,0.8813639283180237,AU-Preston
SWup,3,ther,1.1054883585671105,0.9974020719528198,AU-Preston
LWup,3,ther,1.162607793125148,0.977639377117157,AU-Preston
Qh,3,ther,0.8355936386331013,0.9327967166900635,AU-Preston
Qle,3,ther,0.5581712233467262,0.4464903473854065,AU-Preston
Qtau,3,ther,0.303053642357441,0.8829650282859802,AU-Preston
SWup,4,ther,1.1054883585671105,0.9974020719528198,AU-Preston
LWup,4,ther,1.1661710893685853,0.9777452945709229,AU-Preston
Qh,4,ther,0.8216733234123741,0.9315783381462097,AU-Preston
Qle,4,ther,0.5611950737942183,0.4460499882698059,AU-Preston
Qtau,4,ther,0.30239131581382545,0.8832181692123413,AU-Preston
SWup,5,ther,1.1054883585671105,0.9974020719528198,AU-Preston
LWup,5,ther,1.1773262942262959,0.9780359268188477,AU-Preston
Qh,5,ther,0.8410285278555013,0.9323071241378784,AU-Preston
Qle,5,ther,0.5679803201120137,0.44691959023475647,AU-Preston
Qtau,5,ther,0.3033156532400462,0.8848510384559631,AU-Preston
SWup,6,ther,1.1054883585671105,0.9974020719528198,AU-Preston
LWup,6,ther,1.1918366123597268,0.9781372547149658,AU-Preston
Qh,6,ther,0.8608037559022149,0.9322808980941772,AU-Preston
Qle,6,ther,0.5695962430292593,0.4489476978778839,AU-Preston
Qtau,6,ther,0.30375022869294066,0.8842844367027283,AU-Preston
SWup,7,ther,1.1054883585671105,0.9974020719528198,AU-Preston
LWup,7,ther,1.2034675482792967,0.9784039855003357,AU-Preston
Qh,7,ther,0.8811747161083403,0.9327729940414429,AU-Preston
Qle,7,ther,0.5765969910119828,0.44961386919021606,AU-Preston
Qtau,7,ther,0.3046187909425116,0.885689914226532,AU-Preston
SWup,8,ther,1.1054883585671105,0.9974020719528198,AU-Preston
LWup,8,ther,1.147022653755388,0.9772969484329224,AU-Preston
Qh,8,ther,0.8106029461241288,0.9331330060958862,AU-Preston
Qle,8,ther,0.5487139922954134,0.4446224570274353,AU-Preston
Qtau,8,ther,0.3021158835694512,0.8814544081687927,AU-Preston
SWup,9,ther,1.1054883585671105,0.9974020719528198,AU-Preston
LWup,9,ther,1.1579475728400266,0.9778574109077454,AU-Preston
Qh,9,ther,0.8298064358268269,0.9341438412666321,AU-Preston
Qle,9,ther,0.5550831048624882,0.4457820653915405,AU-Preston
Qtau,9,ther,0.3029865061157849,0.883064866065979,AU-Preston
SWup,10,ther,1.1054883585671105,0.9974020719528198,AU-Preston
LWup,10,ther,1.1706591160706257,0.9778406620025635,AU-Preston
Qh,10,ther,0.8494510953308563,0.9335285425186157,AU-Preston
Qle,10,ther,0.5565414674315826,0.44752436876296997,AU-Preston
Qtau,10,ther,0.3035222127069215,0.8829597234725952,AU-Preston
SWup,11,ther,1.1054883585671105,0.9974020719528198,AU-Preston
LWup,11,ther,1.1819910276496837,0.9783468842506409,AU-Preston
Qh,11,ther,0.8697369961430601,0.934209942817688,AU-Preston
Qle,11,ther,0.5631589305655709,0.4485061466693878,AU-Preston
Qtau,11,ther,0.30436260775646395,0.8844437599182129,AU-Preston
SWup,12,ther,1.1054883585671105,0.9974020719528198,AU-Preston
LWup,12,ther,1.1862982973780865,0.9782903790473938,AU-Preston
Qh,12,ther,0.8545171653337356,0.9336374998092651,AU-Preston
Qle,12,ther,0.566121122301502,0.44856545329093933,AU-Preston
Qtau,12,ther,0.3038121258942571,0.8846743106842041,AU-Preston
SWup,13,ther,1.1054883585671105,0.9974020719528198,AU-Preston
LWup,13,ther,1.1979375652452249,0.9785122871398926,AU-Preston
Qh,13,ther,0.8747039795984015,0.9340175986289978,AU-Preston
Qle,13,ther,0.5731305203759344,0.44926509261131287,AU-Preston
Qtau,13,ther,0.30471406495138526,0.8860785365104675,AU-Preston
SWup,14,ther,1.1054883585671105,0.9974020719528198,AU-Preston
LWup,14,ther,1.2114110187923606,0.9786310791969299,AU-Preston
Qh,14,ther,0.8956290123723714,0.9333375692367554,AU-Preston
Qle,14,ther,0.5742951015245537,0.4508650004863739,AU-Preston
Qtau,14,ther,0.3051019893990079,0.8854612112045288,AU-Preston
SWup,15,ther,1.1054883585671105,0.9974020719528198,AU-Preston
LWup,15,ther,1.2234845894265038,0.9788122773170471,AU-Preston
Qh,15,ther,0.916924129973707,0.9334883689880371,AU-Preston
Qle,15,ther,0.5813739147977405,0.451407253742218,AU-Preston
Qtau,15,ther,0.30601505405865514,0.8867725729942322,AU-Preston
SWup,16,ther,1.1054883585671105,0.9974020719528198,AU-Preston
LWup,16,ther,1.1657249830091916,0.9776708483695984,AU-Preston
Qh,16,ther,0.8158371310357629,0.9331938624382019,AU-Preston
Qle,16,ther,0.5588217316897397,0.4455355405807495,AU-Preston
Qtau,16,ther,0.3021699222102581,0.8826939463615417,AU-Preston
SWup,17,ther,1.1054883585671105,0.9974020719528198,AU-Preston
LWup,17,ther,1.176856233517643,0.9780359268188477,AU-Preston
Qh,17,ther,0.8350512202041637,0.9339817762374878,AU-Preston
Qle,17,ther,0.56575081259033,0.4462655782699585,AU-Preston
Qtau,17,ther,0.303197392205862,0.884317934513092,AU-Preston
SWup,18,ther,1.1054883585671105,0.9974020719528198,AU-Preston
LWup,18,ther,1.1904194869441274,0.9781267642974854,AU-Preston
Qh,18,ther,0.8545072514056157,0.9337729811668396,AU-Preston
Qle,18,ther,0.5672343033183967,0.4480324983596802,AU-Preston
Qtau,18,ther,0.3036640199898233,0.883870542049408,AU-Preston
SWup,19,ther,1.1054883585671105,0.9974020719528198,AU-Preston
LWup,19,ther,1.2019780969299434,0.9784583449363708,AU-Preston
Qh,19,ther,0.8747611956197312,0.934298038482666,AU-Preston
Qle,19,ther,0.5743503262836039,0.44858497381210327,AU-Preston
Qtau,19,ther,0.304523222605529,0.8853520154953003,AU-Preston
SWup,20,ther,1.1054883585671105,0.9974020719528198,AU-Preston
LWup,20,ther,1.2035477432746429,0.9781227707862854,AU-Preston
Qh,20,ther,0.8588026716981609,0.933064341545105,AU-Preston
Qle,20,ther,0.5766270161236995,0.4484505355358124,AU-Preston
Qtau,20,ther,0.3040006724808634,0.8860276937484741,AU-Preston
SWup,21,ther,1.1054883585671105,0.9974020719528198,AU-Preston
LWup,21,ther,1.2153939211730642,0.9781615138053894,AU-Preston
Qh,21,ther,0.8789590059072246,0.9332692623138428,AU-Preston
Qle,21,ther,0.5840547283438698,0.44882068037986755,AU-Preston
Qtau,21,ther,0.30496147715978555,0.8874384760856628,AU-Preston
SWup,22,ther,1.1054883585671105,0.9974020719528198,AU-Preston
LWup,22,ther,1.229735517368234,0.9784520268440247,AU-Preston
Qh,22,ther,0.8995482834666264,0.9331428408622742,AU-Preston
Qle,22,ther,0.5854238734381491,0.45045462250709534,AU-Preston
Qtau,22,ther,0.30528514978122,0.8865376114845276,AU-Preston
SWup,23,ther,1.1054883585671105,0.9974020719528198,AU-Preston
LWup,23,ther,1.242026297246627,0.9784671068191528,AU-Preston
Qh,23,ther,0.9207923548848771,0.9331687688827515,AU-Preston
Qle,23,ther,0.5928790371890319,0.45066559314727783,AU-Preston
Qtau,23,ther,0.3062242624785111,0.8877891898155212,AU-Preston
SWup,24,ther,1.1054883585671105,0.9974020719528198,AU-Preston
LWup,24,ther,1.1862987602640627,0.978238582611084,AU-Preston
Qh,24,ther,0.8485417560941655,0.9349774122238159,AU-Preston
Qle,24,ther,0.5642710392570472,0.4477645456790924,AU-Preston
Qtau,24,ther,0.30367770624689044,0.8840018510818481,AU-Preston
SWup,25,ther,1.1054883585671105,0.9974020719528198,AU-Preston
LWup,25,ther,1.1978349202800413,0.9785385727882385,AU-Preston
Qh,25,ther,0.8686537412949911,0.935433030128479,AU-Preston
Qle,25,ther,0.5712932337481398,0.44842013716697693,AU-Preston
Qtau,25,ther,0.3045862382536595,0.8855037689208984,AU-Preston
SWup,26,ther,1.1054883585671105,0.9974020719528198,AU-Preston
LWup,26,ther,1.21042310439803,0.9786608815193176,AU-Preston
Qh,26,ther,0.88951380619958,0.9346674680709839,AU-Preston
Qle,26,ther,0.572346579006685,0.44977042078971863,AU-Preston
Qtau,26,ther,0.3050222853470988,0.8850075006484985,AU-Preston
SWup,27,ther,1.1054883585671105,0.9974020719528198,AU-Preston
LWup,27,ther,1.2224128926705131,0.9789111614227295,AU-Preston
Qh,27,ther,0.9107476472877497,0.9348680377006531,AU-Preston
Qle,27,ther,0.5794825472246753,0.45026805996894836,AU-Preston
Qtau,27,ther,0.30595074336684513,0.8863071799278259,AU-Preston
SWup,28,ther,1.1054883585671105,0.9974020719528198,AU-Preston
LWup,28,ther,1.2248304304017954,0.9784780144691467,AU-Preston
Qh,28,ther,0.8930026651591871,0.9343433380126953,AU-Preston
Qle,28,ther,0.5821536026094968,0.4502129852771759,AU-Preston
Qtau,28,ther,0.30538283728058724,0.8867955207824707,AU-Preston
SWup,29,ther,1.1054883585671105,0.9974020719528198,AU-Preston
LWup,29,ther,1.237131162328673,0.9784477949142456,AU-Preston
Qh,29,ther,0.9141250272896692,0.934303879737854,AU-Preston
Qle,29,ther,0.5896180241031589,0.45038747787475586,AU-Preston
Qtau,29,ther,0.30637746025923007,0.8879969120025635,AU-Preston
SWup,30,ther,1.1054883585671105,0.9974020719528198,AU-Preston
LWup,30,ther,1.2504551037055527,0.9787286520004272,AU-Preston
Qh,30,ther,0.9357545817640675,0.9335024356842041,AU-Preston
Qle,30,ther,0.5905243178026537,0.4520086348056793,AU-Preston
Qtau,30,ther,0.3066090376153678,0.8873462080955505,AU-Preston
SWup,31,ther,1.1054883585671105,0.9974020719528198,AU-Preston
LWup,31,ther,1.2631927999937973,0.9786510467529297,AU-Preston
Qh,31,ther,0.9578497744581352,0.9332499504089355,AU-Preston
Qle,31,ther,0.5982016673802396,0.4521297216415405,AU-Preston
Qtau,31,ther,0.30753826088819747,0.8883962631225586,AU-Preston
SWup,32,ther,1.1054883585671105,0.9974020719528198,AU-Preston
LWup,32,ther,1.130626190991151,0.9768558740615845,AU-Preston
Qh,32,ther,0.7869053356972076,0.9306765794754028,AU-Preston
Qle,32,ther,0.5459634775970846,0.4426681697368622,AU-Preston
Qtau,32,ther,0.3009669149304644,0.8807883858680725,AU-Preston
SWup,33,ther,1.1054883585671105,0.9974020719528198,AU-Preston
LWup,33,ther,1.1405150555399524,0.97734135389328,AU-Preston
Qh,33,ther,0.8035473933224421,0.9317284822463989,AU-Preston
Qle,33,ther,0.551812726801294,0.44392672181129456,AU-Preston
Qtau,33,ther,0.3016897553332842,0.8822445869445801,AU-Preston
SWup,34,ther,1.1054883585671105,0.9974020719528198,AU-Preston
LWup,34,ther,1.1549911201111573,0.9773843288421631,AU-Preston
Qh,34,ther,0.8244408386339451,0.9320777058601379,AU-Preston
Qle,34,ther,0.5539069783435303,0.44546592235565186,AU-Preston
Qtau,34,ther,0.30253724369025287,0.8822488188743591,AU-Preston
SWup,35,ther,1.1054883585671105,0.9974020719528198,AU-Preston
LWup,35,ther,1.165259551160299,0.9778455495834351,AU-Preston
Qh,35,ther,0.8418914087375456,0.9328349828720093,AU-Preston
Qle,35,ther,0.5599441704494137,0.4468497335910797,AU-Preston
Qtau,35,ther,0.3032883395915338,0.8835963606834412,AU-Preston
SWup,36,ther,1.1054883585671105,0.9974020719528198,AU-Preston
LWup,36,ther,1.1695486526141428,0.9779135584831238,AU-Preston
Qh,36,ther,0.8298632299788749,0.9316605925559998,AU-Preston
Qle,36,ther,0.5634861327949211,0.4463673233985901,AU-Preston
Qtau,36,ther,0.30266371647867735,0.8841640949249268,AU-Preston
SWup,37,ther,1.1054883585671105,0.9974020719528198,AU-Preston
LWup,37,ther,1.1800842845929445,0.978110671043396,AU-Preston
Qh,37,ther,0.8474047129126805,0.9321432113647461,AU-Preston
Qle,37,ther,0.5698935273794347,0.44715118408203125,AU-Preston
Qtau,37,ther,0.3035872886518148,0.885490357875824,AU-Preston
SWup,38,ther,1.1054883585671105,0.9974020719528198,AU-Preston
LWup,38,ther,1.1954273345972435,0.9782936573028564,AU-Preston
Qh,38,ther,0.8693735557568809,0.9323359131813049,AU-Preston
Qle,38,ther,0.5719648311577161,0.44917014241218567,AU-Preston
Qtau,38,ther,0.3040627757118561,0.8851267099380493,AU-Preston
SWup,39,ther,1.1054883585671105,0.9974020719528198,AU-Preston
LWup,39,ther,1.206355030997738,0.9784720540046692,AU-Preston
Qh,39,ther,0.8878574419323301,0.9325927495956421,AU-Preston
Qle,39,ther,0.5785619558529345,0.4497959017753601,AU-Preston
Qtau,39,ther,0.3048989324366294,0.886347234249115,AU-Preston
SWup,40,ther,1.1054883585671105,0.9974020719528198,AU-Preston
LWup,40,ther,1.1503049782113786,0.9776237607002258,AU-Preston
Qh,40,ther,0.8186073884076649,0.9334868788719177,AU-Preston
Qle,40,ther,0.5507889777242981,0.4450690746307373,AU-Preston
Qtau,40,ther,0.30242872491647554,0.8823185563087463,AU-Preston
SWup,41,ther,1.1054883585671105,0.9974020719528198,AU-Preston
LWup,41,ther,1.1605440160010425,0.97804856300354,AU-Preston
Qh,41,ther,0.8359876645422033,0.9341670870780945,AU-Preston
Qle,41,ther,0.5568187350406136,0.44640374183654785,AU-Preston
Qtau,41,ther,0.30324860529682285,0.8837787508964539,AU-Preston
SWup,42,ther,1.1054883585671105,0.9974020719528198,AU-Preston
LWup,42,ther,1.1740946557846803,0.9781360030174255,AU-Preston
Qh,42,ther,0.8579018753144244,0.9337648749351501,AU-Preston
Qle,42,ther,0.5587030967542783,0.44790223240852356,AU-Preston
Qtau,42,ther,0.3038345831289715,0.883783221244812,AU-Preston
SWup,43,ther,1.1054883585671105,0.9974020719528198,AU-Preston
LWup,43,ther,1.1847728566440976,0.9785196781158447,AU-Preston
Qh,43,ther,0.8762982763475823,0.9341679811477661,AU-Preston
Qle,43,ther,0.5649766651265691,0.44883182644844055,AU-Preston
Qtau,43,ther,0.30460637029631304,0.885109543800354,AU-Preston
SWup,44,ther,1.1054883585671105,0.9974020719528198,AU-Preston
LWup,44,ther,1.1898861265782532,0.9784250259399414,AU-Preston
Qh,44,ther,0.8630007456539553,0.933655321598053,AU-Preston
Qle,44,ther,0.5684832407332676,0.44881710410118103,AU-Preston
Qtau,44,ther,0.3041618759861463,0.8854712843894958,AU-Preston
SWup,45,ther,1.1054883585671105,0.9974020719528198,AU-Preston
LWup,45,ther,1.2008341899616928,0.9785664677619934,AU-Preston
Qh,45,ther,0.8812976382702937,0.9338234663009644,AU-Preston
Qle,45,ther,0.5750961286121371,0.44946399331092834,AU-Preston
Qtau,45,ther,0.3049942358783139,0.886709451675415,AU-Preston
SWup,46,ther,1.1054883585671105,0.9974020719528198,AU-Preston
LWup,46,ther,1.2151502117066872,0.9787458181381226,AU-Preston
Qh,46,ther,0.9045711646017923,0.9332889318466187,AU-Preston
Qle,46,ther,0.5766774511625473,0.45104673504829407,AU-Preston
Qtau,46,ther,0.3054465004505575,0.8862676620483398,AU-Preston
SWup,47,ther,1.1054883585671105,0.9974020719528198,AU-Preston
LWup,47,ther,1.2265117479882108,0.9788480997085571,AU-Preston
Qh,47,ther,0.9238497470366319,0.9332567453384399,AU-Preston
Qle,47,ther,0.583376589749241,0.4515616297721863,AU-Preston
Qtau,47,ther,0.30629575477617993,0.8873664140701294,AU-Preston
SWup,48,ther,1.1054883585671105,0.9974020719528198,AU-Preston
LWup,48,ther,1.169097917394989,0.9778979420661926,AU-Preston
Qh,48,ther,0.8238904046886552,0.9333838224411011,AU-Preston
Qle,48,ther,0.5611007091573945,0.44589853286743164,AU-Preston
Qtau,48,ther,0.3025138446055897,0.883623480796814,AU-Preston
SWup,49,ther,1.1054883585671105,0.9974020719528198,AU-Preston
LWup,49,ther,1.1795721012604732,0.9781628847122192,AU-Preston
Qh,49,ther,0.841302953823243,0.9339103102684021,AU-Preston
Qle,49,ther,0.5676442533258709,0.44653987884521484,AU-Preston
Qtau,49,ther,0.30347620922348945,0.8849591016769409,AU-Preston
SWup,50,ther,1.1054883585671105,0.9974020719528198,AU-Preston
LWup,50,ther,1.1939356845395042,0.9783373475074768,AU-Preston
Qh,50,ther,0.8629876677062229,0.9339073896408081,AU-Preston
Qle,50,ther,0.5696031416561179,0.44827964901924133,AU-Preston
Qtau,50,ther,0.3039806876022643,0.8847796320915222,AU-Preston
SWup,51,ther,1.1054883585671105,0.9974020719528198,AU-Preston
LWup,51,ther,1.2048256557329526,0.9785720705986023,AU-Preston
Qh,51,ther,0.8813306495415862,0.9341924786567688,AU-Preston
Qle,51,ther,0.5763280875412157,0.44879838824272156,AU-Preston
Qtau,51,ther,0.3047922973627495,0.8859994411468506,AU-Preston
SWup,52,ther,1.1054883585671105,0.9974020719528198,AU-Preston
LWup,52,ther,1.2072354401241367,0.9781548380851746,AU-Preston
Qh,52,ther,0.8673508507521402,0.9329210519790649,AU-Preston
Qle,52,ther,0.5791835828980109,0.4485706090927124,AU-Preston
Qtau,52,ther,0.3043734390308741,0.886834442615509,AU-Preston
SWup,53,ther,1.1054883585671105,0.9974020719528198,AU-Preston
LWup,53,ther,1.2183747911371685,0.9781413078308105,AU-Preston
Qh,53,ther,0.885582089961515,0.9329625964164734,AU-Preston
Qle,53,ther,0.586178897765281,0.4489156901836395,AU-Preston
Qtau,53,ther,0.3052556286718903,0.8880348801612854,AU-Preston
SWup,54,ther,1.1054883585671105,0.9974020719528198,AU-Preston
LWup,54,ther,1.2335866129672646,0.9784771203994751,AU-Preston
Qh,54,ther,0.9085074159346356,0.9329844117164612,AU-Preston
Qle,54,ther,0.5879884469089183,0.45047834515571594,AU-Preston
Qtau,54,ther,0.305648115205202,0.8873105645179749,AU-Preston
SWup,55,ther,1.1054883585671105,0.9974020719528198,AU-Preston
LWup,55,ther,1.245134460854138,0.978441059589386,AU-Preston
Qh,55,ther,0.9277253546602318,0.9328579306602478,AU-Preston
Qle,55,ther,0.5950107486325528,0.4507032036781311,AU-Preston
Qtau,55,ther,0.3065141756658467,0.8883510231971741,AU-Preston
SWup,56,ther,1.1054883585671105,0.9974020719528198,AU-Preston
LWup,56,ther,1.189823984135972,0.9784400463104248,AU-Preston
Qh,56,ther,0.8569118008439495,0.9351077675819397,AU-Preston
Qle,56,ther,0.5666206829697781,0.4480399489402771,AU-Preston
Qtau,56,ther,0.30402574923574766,0.8848222494125366,AU-Preston
SWup,57,ther,1.1054883585671105,0.9974020719528198,AU-Preston
LWup,57,ther,1.2006352647134961,0.9786474704742432,AU-Preston
Qh,57,ther,0.8751411416415567,0.9353280067443848,AU-Preston
Qle,57,ther,0.5732874373288345,0.4486462473869324,AU-Preston
Qtau,57,ther,0.3048892784746552,0.8860802054405212,AU-Preston
SWup,58,ther,1.1054883585671105,0.9974020719528198,AU-Preston
LWup,58,ther,1.214128506636107,0.9788312315940857,AU-Preston
Qh,58,ther,0.8982700195430945,0.9346930384635925,AU-Preston
Qle,58,ther,0.574751733431911,0.44993847608566284,AU-Preston
Qtau,58,ther,0.3053731538858021,0.8858098387718201,AU-Preston
SWup,59,ther,1.1054883585671105,0.9974020719528198,AU-Preston
LWup,59,ther,1.2253990858233417,0.9789962768554688,AU-Preston
Qh,59,ther,0.9175419575367475,0.9347101449966431,AU-Preston
Qle,59,ther,0.5814953020351092,0.4504227638244629,AU-Preston
Qtau,59,ther,0.3062393615105013,0.8869072794914246,AU-Preston
SWup,60,ther,1.1054883585671105,0.9974020719528198,AU-Preston
LWup,60,ther,1.2286802530643919,0.9784858226776123,AU-Preston
Qh,60,ther,0.9018807987251111,0.9341733455657959,AU-Preston
Qle,60,ther,0.5847215717774245,0.4502658545970917,AU-Preston
Qtau,60,ther,0.30576340352548564,0.8875568509101868,AU-Preston
SWup,61,ther,1.1054883585671105,0.9974020719528198,AU-Preston
LWup,61,ther,1.2402180331812869,0.9784083366394043,AU-Preston
Qh,61,ther,0.9209995981695092,0.9339925050735474,AU-Preston
Qle,61,ther,0.5917400131295524,0.45045629143714905,AU-Preston
Qtau,61,ther,0.30665589465031584,0.8885974287986755,AU-Preston
SWup,62,ther,1.1054883585671105,0.9974020719528198,AU-Preston
LWup,62,ther,1.2544754998503143,0.9787130355834961,AU-Preston
Qh,62,ther,0.9450399246541463,0.933276355266571,AU-Preston
Qle,62,ther,0.5931660987035514,0.4519982933998108,AU-Preston
Qtau,62,ther,0.30698212792629836,0.8880596160888672,AU-Preston
SWup,63,ther,1.1054883585671105,0.9974020719528198,AU-Preston
LWup,63,ther,1.2664154121588804,0.978589653968811,AU-Preston
Qh,63,ther,0.9650390598221188,0.932898223400116,AU-Preston
Qle,63,ther,0.6003981472790351,0.4521421790122986,AU-Preston
Qtau,63,ther,0.3077951210288957,0.8889032006263733,AU-Preston
SWup,64,ther,1.1152525600725451,0.9972087144851685,AU-Preston
LWup,64,ther,1.1969309634148508,0.9781085252761841,AU-Preston
Qh,64,ther,0.8915465509083563,0.945205807685852,AU-Preston
Qle,64,ther,0.5305301526625792,0.48849865794181824,AU-Preston
Qtau,64,ther,0.3057115051149895,0.8690155148506165,AU-Preston
SWup,0,ther,1.2587131526465938,0.9813002943992615,US-Baltimore
LWup,0,ther,0.9181696163688212,0.9716717600822449,US-Baltimore
Qh,0,ther,0.5228122320484236,0.7603971362113953,US-Baltimore
Qle,0,ther,0.4631133281829556,0.4414013922214508,US-Baltimore
Qtau,0,ther,0.18075763188285796,0.8808256983757019,US-Baltimore
SWup,1,ther,1.2587131526465938,0.9813002943992615,US-Baltimore
LWup,1,ther,0.9269776204254785,0.9706197381019592,US-Baltimore
Qh,1,ther,0.5346508098803556,0.7665660977363586,US-Baltimore
Qle,1,ther,0.46712587607647477,0.44492530822753906,US-Baltimore
Qtau,1,ther,0.1808566992787571,0.883291482925415,US-Baltimore
SWup,2,ther,1.2587131526465938,0.9813002943992615,US-Baltimore
LWup,2,ther,0.938078929690706,0.9719976782798767,US-Baltimore
Qh,2,ther,0.5371439112652403,0.7776251435279846,US-Baltimore
Qle,2,ther,0.4698481009243394,0.44587233662605286,US-Baltimore
Qtau,2,ther,0.18074422025145448,0.885833203792572,US-Baltimore
SWup,3,ther,1.2587131526465938,0.9813002943992615,US-Baltimore
LWup,3,ther,0.9471617775059399,0.9708539247512817,US-Baltimore
Qh,3,ther,0.5496939798090316,0.783674418926239,US-Baltimore
Qle,3,ther,0.47383011928962676,0.44893506169319153,US-Baltimore
Qtau,3,ther,0.1807994356437801,0.8883242607116699,US-Baltimore
SWup,4,ther,1.2587131526465938,0.9813002943992615,US-Baltimore
LWup,4,ther,0.945280541898317,0.9692273139953613,US-Baltimore
Qh,4,ther,0.5434609086297527,0.7701331973075867,US-Baltimore
Qle,4,ther,0.46991677949206484,0.4492298662662506,US-Baltimore
Qtau,4,ther,0.1809338679101388,0.8866779804229736,US-Baltimore
SWup,5,ther,1.2587131526465938,0.9813002943992615,US-Baltimore
LWup,5,ther,0.9545056471701417,0.9679331183433533,US-Baltimore
Qh,5,ther,0.5559671322182996,0.7761843204498291,US-Baltimore
Qle,5,ther,0.4737975819172111,0.452316552400589,US-Baltimore
Qtau,5,ther,0.1810057960909071,0.8893679976463318,US-Baltimore
SWup,6,ther,1.2587131526465938,0.9813002943992615,US-Baltimore
LWup,6,ther,0.96606672835295,0.9694257974624634,US-Baltimore
Qh,6,ther,0.5588924265733862,0.7873137593269348,US-Baltimore
Qle,6,ther,0.4766940773435995,0.45280566811561584,US-Baltimore
Qtau,6,ther,0.18089249994552545,0.8913394808769226,US-Baltimore
SWup,7,ther,1.2587131526465938,0.9813002943992615,US-Baltimore
LWup,7,ther,0.9755570062287463,0.9680471420288086,US-Baltimore
Qh,7,ther,0.5721356559982489,0.7933511734008789,US-Baltimore
Qle,7,ther,0.48050815756202,0.4553914964199066,US-Baltimore
Qtau,7,ther,0.1810064933650012,0.8933818936347961,US-Baltimore
SWup,8,ther,1.2587131526465938,0.9813002943992615,US-Baltimore
LWup,8,ther,0.9373140589835878,0.9716903567314148,US-Baltimore
Qh,8,ther,0.5360516977480312,0.7830655574798584,US-Baltimore
Qle,8,ther,0.4689245440829398,0.44318342208862305,US-Baltimore
Qtau,8,ther,0.18062343930446909,0.8841517567634583,US-Baltimore
SWup,9,ther,1.2587131526465938,0.9813002943992615,US-Baltimore
LWup,9,ther,0.9463653448550764,0.9705663323402405,US-Baltimore
Qh,9,ther,0.548473848512698,0.7889028191566467,US-Baltimore
Qle,9,ther,0.47289209567346646,0.4464762210845947,US-Baltimore
Qtau,9,ther,0.18067013487895758,0.8867987990379333,US-Baltimore
SWup,10,ther,1.2587131526465938,0.9813002943992615,US-Baltimore
LWup,10,ther,0.9578084771590852,0.9717054963111877,US-Baltimore
Qh,10,ther,0.5532477674021703,0.7994338274002075,US-Baltimore
Qle,10,ther,0.4765159970094448,0.4467596709728241,US-Baltimore
Qtau,10,ther,0.18056615387967664,0.8895373940467834,US-Baltimore
SWup,11,ther,1.2587131526465938,0.9813002943992615,US-Baltimore
LWup,11,ther,0.9672107998044859,0.9704707264900208,US-Baltimore
Qh,11,ther,0.5665533671312603,0.805247962474823,US-Baltimore
Qle,11,ther,0.48049775795881117,0.4492343068122864,US-Baltimore
Qtau,11,ther,0.18066068899396423,0.8915480375289917,US-Baltimore
SWup,12,ther,1.2587131526465938,0.9813002943992615,US-Baltimore
LWup,12,ther,0.9648859326521704,0.9691038131713867,US-Baltimore
Qh,12,ther,0.5577339812675972,0.7921781539916992,US-Baltimore
Qle,12,ther,0.475828645017164,0.45055457949638367,US-Baltimore
Qtau,12,ther,0.18077164273418603,0.8901516795158386,US-Baltimore
SWup,13,ther,1.2587131526465938,0.9813002943992615,US-Baltimore
LWup,13,ther,0.9744086219650218,0.9677351117134094,US-Baltimore
Qh,13,ther,0.5708722663012562,0.7980847954750061,US-Baltimore
Qle,13,ther,0.47964514494524196,0.4530843496322632,US-Baltimore
Qtau,13,ther,0.1808594012158717,0.8920761942863464,US-Baltimore
SWup,14,ther,1.2587131526465938,0.9813002943992615,US-Baltimore
LWup,14,ther,0.9862359866276684,0.9689867496490479,US-Baltimore
Qh,14,ther,0.5762229638661847,0.8083792328834534,US-Baltimore
Qle,14,ther,0.4831807526203139,0.4525313973426819,US-Baltimore
Qtau,14,ther,0.18077932364412874,0.8939371109008789,US-Baltimore
SWup,15,ther,1.2587131526465938,0.9813002943992615,US-Baltimore
LWup,15,ther,0.9960928535395119,0.9675341248512268,US-Baltimore
Qh,15,ther,0.5904437353868479,0.8140184879302979,US-Baltimore
Qle,15,ther,0.4854269639470469,0.45244115591049194,US-Baltimore
Qtau,15,ther,0.18088047196740242,0.8955022096633911,US-Baltimore
SWup,16,ther,1.2587131526465938,0.9813002943992615,US-Baltimore
LWup,16,ther,0.9553093331869591,0.9697888493537903,US-Baltimore
Qh,16,ther,0.5435167290744453,0.7832416296005249,US-Baltimore
Qle,16,ther,0.47054369022609255,0.44634026288986206,US-Baltimore
Qtau,16,ther,0.18078724424204126,0.8857595920562744,US-Baltimore
SWup,17,ther,1.2587131526465938,0.9813002943992615,US-Baltimore
LWup,17,ther,0.9645022884042856,0.9685705304145813,US-Baltimore
Qh,17,ther,0.5560316043431238,0.7890360355377197,US-Baltimore
Qle,17,ther,0.4743312051214648,0.44947510957717896,US-Baltimore
Qtau,17,ther,0.1808448891987885,0.8883571624755859,US-Baltimore
SWup,18,ther,1.2587131526465938,0.9813002943992615,US-Baltimore
LWup,18,ther,0.975660121647442,0.9699288606643677,US-Baltimore
Qh,18,ther,0.5593880651978884,0.7995746731758118,US-Baltimore
Qle,18,ther,0.47742395444603114,0.4495415985584259,US-Baltimore
Qtau,18,ther,0.1807474233543242,0.8905422687530518,US-Baltimore
SWup,19,ther,1.2587131526465938,0.9813002943992615,US-Baltimore
LWup,19,ther,0.9851588291106981,0.9686248302459717,US-Baltimore
Qh,19,ther,0.5726964999408068,0.8053012490272522,US-Baltimore
Qle,19,ther,0.4811120553127094,0.45157867670059204,US-Baltimore
Qtau,19,ther,0.18083025733772035,0.8924399614334106,US-Baltimore
SWup,20,ther,1.2587131526465938,0.9813002943992615,US-Baltimore
LWup,20,ther,0.9837645492065733,0.9666115045547485,US-Baltimore
Qh,20,ther,0.5668361353208801,0.7920459508895874,US-Baltimore
Qle,20,ther,0.4776583573837028,0.4539432227611542,US-Baltimore
Qtau,20,ther,0.18098460549539144,0.8916487693786621,US-Baltimore
SWup,21,ther,1.2587131526465938,0.9813002943992615,US-Baltimore
LWup,21,ther,0.9934272742242819,0.9651429653167725,US-Baltimore
Qh,21,ther,0.5800641632060761,0.7978417277336121,US-Baltimore
Qle,21,ther,0.481385431020822,0.45639798045158386,US-Baltimore
Qtau,21,ther,0.1810878347460397,0.8936649560928345,US-Baltimore
SWup,22,ther,1.2587131526465938,0.9813002943992615,US-Baltimore
LWup,22,ther,1.0049357521675149,0.9666520357131958,US-Baltimore
Qh,22,ther,0.5839660709455368,0.8081378936767578,US-Baltimore
Qle,22,ther,0.4841214018788685,0.4558519124984741,US-Baltimore
Qtau,22,ther,0.18101166844616826,0.8950984477996826,US-Baltimore
SWup,23,ther,1.2587131526465938,0.9813002943992615,US-Baltimore
LWup,23,ther,1.0148820772594562,0.96512770652771,US-Baltimore
Qh,23,ther,0.5980270552212792,0.8135280013084412,US-Baltimore
Qle,23,ther,0.48787648236819353,0.45745447278022766,US-Baltimore
Qtau,23,ther,0.18110902534155535,0.896467924118042,US-Baltimore
SWup,24,ther,1.2587131526465938,0.9813002943992615,US-Baltimore
LWup,24,ther,0.9752298206131512,0.9696497917175293,US-Baltimore
Qh,24,ther,0.5578039279018835,0.8044858574867249,US-Baltimore
Qle,24,ther,0.4763869801498346,0.4462535083293915,US-Baltimore
Qtau,24,ther,0.18056685115377072,0.8889196515083313,US-Baltimore
SWup,25,ther,1.2587131526465938,0.9813002943992615,US-Baltimore
LWup,25,ther,0.9847571494663875,0.96836918592453,US-Baltimore
Qh,25,ther,0.5710350840782006,0.8101202845573425,US-Baltimore
Qle,25,ther,0.4801751643266015,0.4486601948738098,US-Baltimore
Qtau,25,ther,0.18066153879676639,0.8912643194198608,US-Baltimore
SWup,26,ther,1.2587131526465938,0.9813002943992615,US-Baltimore
LWup,26,ther,0.9962152459217787,0.9694986343383789,US-Baltimore
Qh,26,ther,0.5771119850991673,0.8198528289794922,US-Baltimore
Qle,26,ther,0.4833541479847062,0.44534823298454285,US-Baltimore
Qtau,26,ther,0.18051658204955004,0.8929296731948853,US-Baltimore
SWup,27,ther,1.2587131526465938,0.9813002943992615,US-Baltimore
LWup,27,ther,1.0060486537491407,0.9681344628334045,US-Baltimore
Qh,27,ther,0.5911984844993664,0.8251279592514038,US-Baltimore
Qle,27,ther,0.48777439121392097,0.4475134611129761,US-Baltimore
Qtau,27,ther,0.1806243653716253,0.8946047425270081,US-Baltimore
SWup,28,ther,1.2587131526465938,0.9813002943992615,US-Baltimore
LWup,28,ther,1.0041329156440073,0.9663726091384888,US-Baltimore
Qh,28,ther,0.5823871148817013,0.8127572536468506,US-Baltimore
Qle,28,ther,0.48350797973910176,0.4530256390571594,US-Baltimore
Qtau,28,ther,0.18084632732660755,0.8940663933753967,US-Baltimore
SWup,29,ther,1.2587131526465938,0.9813002943992615,US-Baltimore
LWup,29,ther,1.0140980602800453,0.9648630023002625,US-Baltimore
Qh,29,ther,0.596379521150523,0.8180401921272278,US-Baltimore
Qle,29,ther,0.48807294219910835,0.4542310833930969,US-Baltimore
Qtau,29,ther,0.18092659011178175,0.8955432772636414,US-Baltimore
SWup,30,ther,1.2587131526465938,0.9813002943992615,US-Baltimore
LWup,30,ther,1.0259912933470299,0.9661176204681396,US-Baltimore
Qh,30,ther,0.6029720525314376,0.8275738954544067,US-Baltimore
Qle,30,ther,0.49073333574274636,0.4509563744068146,US-Baltimore
Qtau,30,ther,0.18075892837687665,0.896657407283783,US-Baltimore
SWup,31,ther,1.2587131526465938,0.9813002943992615,US-Baltimore
LWup,31,ther,1.0362997639715512,0.9645177125930786,US-Baltimore
Qh,31,ther,0.617763737181705,0.8325260281562805,US-Baltimore
Qle,31,ther,0.4943460652277529,0.45206037163734436,US-Baltimore
Qtau,31,ther,0.1807975944043754,0.8981249928474426,US-Baltimore
SWup,32,ther,1.2587131526465938,0.9813002943992615,US-Baltimore
LWup,32,ther,0.9205518569923755,0.971174418926239,US-Baltimore
Qh,32,ther,0.527980462257803,0.760698676109314,US-Baltimore
Qle,32,ther,0.4646316187682566,0.4436580538749695,US-Baltimore
Qtau,32,ther,0.18083011570392,0.8820215463638306,US-Baltimore
SWup,33,ther,1.2587131526465938,0.9813002943992615,US-Baltimore
LWup,33,ther,0.9288570263552032,0.9702515006065369,US-Baltimore
Qh,33,ther,0.5384473821922223,0.7666325569152832,US-Baltimore
Qle,33,ther,0.4681651671159604,0.4465939998626709,US-Baltimore
Qtau,33,ther,0.18090190225088792,0.8841912150382996,US-Baltimore
SWup,34,ther,1.2587131526465938,0.9813002943992615,US-Baltimore
LWup,34,ther,0.9405486681251813,0.9714525938034058,US-Baltimore
Qh,34,ther,0.5426316670849127,0.7778422236442566,US-Baltimore
Qle,34,ther,0.4713635084513251,0.447954922914505,US-Baltimore
Qtau,34,ther,0.18080589632405814,0.8871088027954102,US-Baltimore
SWup,35,ther,1.2587131526465938,0.9813002943992615,US-Baltimore
LWup,35,ther,0.9491260674210167,0.9704477787017822,US-Baltimore
Qh,35,ther,0.5537459477632083,0.7837269902229309,US-Baltimore
Qle,35,ther,0.4749302634528392,0.45057642459869385,US-Baltimore
Qtau,35,ther,0.18085869304686988,0.8894770741462708,US-Baltimore
SWup,36,ther,1.2587131526465938,0.9813002943992615,US-Baltimore
LWup,36,ther,0.9478328118751324,0.9685948491096497,US-Baltimore
Qh,36,ther,0.5489532102474606,0.7703539133071899,US-Baltimore
Qle,36,ther,0.4713646410813775,0.45133423805236816,US-Baltimore
Qtau,36,ther,0.180983221842111,0.8878308534622192,US-Baltimore
SWup,37,ther,1.2587131526465938,0.9813002943992615,US-Baltimore
LWup,37,ther,0.9565356094526388,0.9674646258354187,US-Baltimore
Qh,37,ther,0.5600150920494774,0.7762174010276794,US-Baltimore
Qle,37,ther,0.4748705944423491,0.4538893401622772,US-Baltimore
Qtau,37,ther,0.18104375394940406,0.8901128768920898,US-Baltimore
SWup,38,ther,1.2587131526465938,0.9813002943992615,US-Baltimore
LWup,38,ther,0.9687178009362724,0.9687473773956299,US-Baltimore
Qh,38,ther,0.56471285660197,0.7875568866729736,US-Baltimore
Qle,38,ther,0.4782402203315538,0.4549398124217987,US-Baltimore
Qtau,38,ther,0.1809888000348637,0.8925440311431885,US-Baltimore
SWup,39,ther,1.2587131526465938,0.9813002943992615,US-Baltimore
LWup,39,ther,0.9776526408786635,0.9675436019897461,US-Baltimore
Qh,39,ther,0.5764235166547775,0.7933553457260132,US-Baltimore
Qle,39,ther,0.48155774523834605,0.4567362666130066,US-Baltimore
Qtau,39,ther,0.18106097879850958,0.8940785527229309,US-Baltimore
SWup,40,ther,1.2587131526465938,0.9813002943992615,US-Baltimore
LWup,40,ther,0.9397603383335816,0.9711675643920898,US-Baltimore
Qh,40,ther,0.5414385661790475,0.7832856774330139,US-Baltimore
Qle,40,ther,0.47042754416253285,0.44535258412361145,US-Baltimore
Qtau,40,ther,0.18067855664262525,0.8854495882987976,US-Baltimore
SWup,41,ther,1.2587131526465938,0.9813002943992615,US-Baltimore
LWup,41,ther,0.9483363653709933,0.970175564289093,US-Baltimore
Qh,41,ther,0.5524523016255285,0.7889664769172668,US-Baltimore
Qle,41,ther,0.4740191140588323,0.44809165596961975,US-Baltimore
Qtau,41,ther,0.1807162639182446,0.8877644538879395,US-Baltimore
SWup,42,ther,1.2587131526465938,0.9813002943992615,US-Baltimore
LWup,42,ther,0.9604094296371226,0.9711212515830994,US-Baltimore
Qh,42,ther,0.559001379087589,0.7996968030929565,US-Baltimore
Qle,42,ther,0.47808999240005234,0.44903960824012756,US-Baltimore
Qtau,42,ther,0.18065756215544854,0.890562117099762,US-Baltimore
SWup,43,ther,1.2587131526465938,0.9813002943992615,US-Baltimore
LWup,43,ther,0.9692712131548613,0.970036506652832,US-Baltimore
Qh,43,ther,0.5708034438965915,0.8052909970283508,US-Baltimore
Qle,43,ther,0.4815360193346128,0.45075589418411255,US-Baltimore
Qtau,43,ther,0.18072354171660165,0.8922792077064514,US-Baltimore
SWup,44,ther,1.2587131526465938,0.9813002943992615,US-Baltimore
LWup,44,ther,0.9675520347325142,0.9684438109397888,US-Baltimore
Qh,44,ther,0.5634570432350362,0.7924351692199707,US-Baltimore
Qle,44,ther,0.4773866806206689,0.4525407552719116,US-Baltimore
Qtau,44,ther,0.18085432418887412,0.8911997675895691,US-Baltimore
SWup,45,ther,1.2587131526465938,0.9813002943992615,US-Baltimore
LWup,45,ther,0.9765090268466025,0.9672470092773438,US-Baltimore
Qh,45,ther,0.5751070437678233,0.7981330156326294,US-Baltimore
Qle,45,ther,0.48072680664532585,0.4546758830547333,US-Baltimore
Qtau,45,ther,0.18093433639117076,0.8930756449699402,US-Baltimore
SWup,46,ther,1.2587131526465938,0.9813002943992615,US-Baltimore
LWup,46,ther,0.9890070991502453,0.968273937702179,US-Baltimore
Qh,46,ther,0.5823070501808201,0.8085638880729675,US-Baltimore
Qle,46,ther,0.48461291183844496,0.45448899269104004,US-Baltimore
Qtau,46,ther,0.18088486261521364,0.8947829604148865,US-Baltimore
SWup,47,ther,1.2587131526465938,0.9813002943992615,US-Baltimore
LWup,47,ther,0.9983025816755144,0.9670189619064331,US-Baltimore
Qh,47,ther,0.5949563930881581,0.8139575123786926,US-Baltimore
Qle,47,ther,0.48712065774092406,0.45429670810699463,US-Baltimore
Qtau,47,ther,0.18095294489355676,0.8961010575294495,US-Baltimore
SWup,48,ther,1.2587131526465938,0.9813002943992615,US-Baltimore
LWup,48,ther,0.957816253290153,0.9692255854606628,US-Baltimore
Qh,48,ther,0.5489427989035731,0.7834473848342896,US-Baltimore
Qle,48,ther,0.4719992228098513,0.44847947359085083,US-Baltimore
Qtau,48,ther,0.1808471771294097,0.8870330452919006,US-Baltimore
SWup,49,ther,1.2587131526465938,0.9813002943992615,US-Baltimore
LWup,49,ther,0.9665057203572577,0.9681527614593506,US-Baltimore
Qh,49,ther,0.5600310267823756,0.7890806794166565,US-Baltimore
Qle,49,ther,0.4753543819242952,0.45088815689086914,US-Baltimore
Qtau,49,ther,0.18089303379600374,0.8892574310302734,US-Baltimore
SWup,50,ther,1.2587131526465938,0.9813002943992615,US-Baltimore
LWup,50,ther,0.9782915251933577,0.9693164229393005,US-Baltimore
Qh,50,ther,0.5651546788432792,0.7998083233833313,US-Baltimore
Qle,50,ther,0.47882934240837716,0.4515898525714874,US-Baltimore
Qtau,50,ther,0.18083307911881985,0.8916401863098145,US-Baltimore
SWup,51,ther,1.2587131526465938,0.9813002943992615,US-Baltimore
LWup,51,ther,0.9872337491929813,0.9681722521781921,US-Baltimore
Qh,51,ther,0.5769574768455134,0.805326521396637,US-Baltimore
Qle,51,ther,0.4821320916413035,0.45336538553237915,US-Baltimore
Qtau,51,ther,0.1809135815919639,0.893435537815094,US-Baltimore
SWup,52,ther,1.2587131526465938,0.9813002943992615,US-Baltimore
LWup,52,ther,0.9864830584895747,0.9659017324447632,US-Baltimore
Qh,52,ther,0.5726087611507693,0.7922618389129639,US-Baltimore
Qle,52,ther,0.47914097012235185,0.4558812081813812,US-Baltimore
Qtau,52,ther,0.18107613361514827,0.8928400874137878,US-Baltimore
SWup,53,ther,1.2587131526465938,0.9813002943992615,US-Baltimore
LWup,53,ther,0.9955777992111474,0.9646214842796326,US-Baltimore
Qh,53,ther,0.5843216696628201,0.7978408336639404,US-Baltimore
Qle,53,ther,0.48244680834633025,0.4577215909957886,US-Baltimore
Qtau,53,ther,0.1811453707537097,0.8943362236022949,US-Baltimore
SWup,54,ther,1.2587131526465938,0.9813002943992615,US-Baltimore
LWup,54,ther,1.0077467908756577,0.9659057259559631,US-Baltimore
Qh,54,ther,0.5900528456353544,0.808281421661377,US-Baltimore
Qle,54,ther,0.48562218818154085,0.4576660096645355,US-Baltimore
Qtau,54,ther,0.18110333819972546,0.8959380984306335,US-Baltimore
SWup,55,ther,1.2587131526465938,0.9813002943992615,US-Baltimore
LWup,55,ther,1.0171261118560515,0.9645761251449585,US-Baltimore
Qh,55,ther,0.6025399573203332,0.8134838938713074,US-Baltimore
Qle,55,ther,0.4888630546270563,0.4589991569519043,US-Baltimore
Qtau,55,ther,0.1811766500337742,0.897030234336853,US-Baltimore
SWup,56,ther,1.2587131526465938,0.9813002943992615,US-Baltimore
LWup,56,ther,0.9778740972499941,0.9690583944320679,US-Baltimore
Qh,56,ther,0.5634835848300169,0.8047420978546143,US-Baltimore
Qle,56,ther,0.4778520371226707,0.4483642876148224,US-Baltimore
Qtau,56,ther,0.1806574314165559,0.8900108933448792,US-Baltimore
SWup,57,ther,1.2587131526465938,0.9813002943992615,US-Baltimore
LWup,57,ther,0.986854613794203,0.9679352045059204,US-Baltimore
Qh,57,ther,0.5752247946008041,0.8101956248283386,US-Baltimore
Qle,57,ther,0.48123324672832085,0.4502154588699341,US-Baltimore
Qtau,57,ther,0.18071380166909987,0.8919944763183594,US-Baltimore
SWup,58,ther,1.2587131526465938,0.9813002943992615,US-Baltimore
LWup,58,ther,0.9989683230479297,0.9688565731048584,US-Baltimore
Qh,58,ther,0.5831670369618349,0.8200664520263672,US-Baltimore
Qle,58,ther,0.4848341350809609,0.4475274085998535,US-Baltimore
Qtau,58,ther,0.18063680735624169,0.8940979242324829,US-Baltimore
SWup,59,ther,1.2587131526465938,0.9813002943992615,US-Baltimore
LWup,59,ther,1.0082370792067563,0.9676609635353088,US-Baltimore
Qh,59,ther,0.5956782951439048,0.8251351714134216,US-Baltimore
Qle,59,ther,0.4888008629405403,0.4489802420139313,US-Baltimore
Qtau,59,ther,0.18069180485041292,0.8952484130859375,US-Baltimore
SWup,60,ther,1.2587131526465938,0.9813002943992615,US-Baltimore
LWup,60,ther,1.0069711381380675,0.9656437635421753,US-Baltimore
Qh,60,ther,0.5884120569423281,0.8129646182060242,US-Baltimore
Qle,60,ther,0.4849416834527589,0.4548961818218231,US-Baltimore
Qtau,60,ther,0.18093362822216896,0.8948668837547302,US-Baltimore
SWup,61,ther,1.2587131526465938,0.9813002943992615,US-Baltimore
LWup,61,ther,1.0163427483330327,0.9643286466598511,US-Baltimore
Qh,61,ther,0.6008322036454954,0.8180292844772339,US-Baltimore
Qle,61,ther,0.4891037899963849,0.45568835735321045,US-Baltimore
Qtau,61,ther,0.1809910770705772,0.8961405158042908,US-Baltimore
SWup,62,ther,1.2587131526465938,0.9813002943992615,US-Baltimore
LWup,62,ther,1.0289608605759304,0.965339720249176,US-Baltimore
Qh,62,ther,0.6093636889669181,0.8276540637016296,US-Baltimore
Qle,62,ther,0.4921593169787732,0.4526253938674927,US-Baltimore
Qtau,62,ther,0.18085048918135663,0.8974341750144958,US-Baltimore
SWup,63,ther,1.2587131526465938,0.9813002943992615,US-Baltimore
LWup,63,ther,1.0386392685470527,0.9639511704444885,US-Baltimore
Qh,63,ther,0.6224550007542115,0.8324718475341797,US-Baltimore
Qle,63,ther,0.49522699399263315,0.4540026783943176,US-Baltimore
Qtau,63,ther,0.18084232889547425,0.8988475799560547,US-Baltimore
SWup,64,ther,1.2327358570700848,0.975688636302948,US-Baltimore
LWup,64,ther,0.9744042603408393,0.9672116637229919,US-Baltimore
Qh,64,ther,0.5560968259013662,0.8245099186897278,US-Baltimore
Qle,64,ther,0.5196171046454898,0.5878806710243225,US-Baltimore
Qtau,64,ther,0.19806650433960832,0.9326567053794861,US-Baltimore
SWup,0,ther,0.9687487101325513,0.9980368614196777,US-WestPhoenix
LWup,0,ther,0.9123192434632666,0.9941684603691101,US-WestPhoenix
Qh,0,ther,0.7146573422493028,0.9226472973823547,US-WestPhoenix
Qle,0,ther,0.21570011118773644,0.4538685381412506,US-WestPhoenix
Qtau,0,ther,0.41449352713197224,0.7902271151542664,US-WestPhoenix
SWup,1,ther,0.9687487101325513,0.9980368614196777,US-WestPhoenix
LWup,1,ther,0.9250388064881122,0.9947894811630249,US-WestPhoenix
Qh,1,ther,0.7461400572539445,0.924151599407196,US-WestPhoenix
Qle,1,ther,0.2164821929471834,0.4550972878932953,US-WestPhoenix
Qtau,1,ther,0.4152555850041059,0.7941539883613586,US-WestPhoenix
SWup,2,ther,0.9687487101325513,0.9980368614196777,US-WestPhoenix
LWup,2,ther,0.9315065304071518,0.9945894479751587,US-WestPhoenix
Qh,2,ther,0.7597171328790538,0.9287392497062683,US-WestPhoenix
Qle,2,ther,0.2171683136480342,0.45539113879203796,US-WestPhoenix
Qtau,2,ther,0.4159178137106202,0.790789008140564,US-WestPhoenix
SWup,3,ther,0.9687487101325513,0.9980368614196777,US-WestPhoenix
LWup,3,ther,0.9447415853001674,0.9951183795928955,US-WestPhoenix
Qh,3,ther,0.7920615236496922,0.9298300743103027,US-WestPhoenix
Qle,3,ther,0.21797659501620592,0.4566815495491028,US-WestPhoenix
Qtau,3,ther,0.41698296986650274,0.7946412563323975,US-WestPhoenix
SWup,4,ther,0.9687487101325513,0.9980368614196777,US-WestPhoenix
LWup,4,ther,0.9570321983595357,0.9955924153327942,US-WestPhoenix
Qh,4,ther,0.777623620364655,0.9265825748443604,US-WestPhoenix
Qle,4,ther,0.2169835794950646,0.45567619800567627,US-WestPhoenix
Qtau,4,ther,0.4159810414465342,0.7967149615287781,US-WestPhoenix
SWup,5,ther,0.9687487101325513,0.9980368614196777,US-WestPhoenix
LWup,5,ther,0.9706565833661691,0.995575487613678,US-WestPhoenix
Qh,5,ther,0.8097112894282391,0.9273970723152161,US-WestPhoenix
Qle,5,ther,0.21774144094028294,0.4570136070251465,US-WestPhoenix
Qtau,5,ther,0.4173140452544337,0.8004568219184875,US-WestPhoenix
SWup,6,ther,0.9687487101325513,0.9980368614196777,US-WestPhoenix
LWup,6,ther,0.9777972663748197,0.9956653714179993,US-WestPhoenix
Qh,6,ther,0.8238768658545542,0.9314718842506409,US-WestPhoenix
Qle,6,ther,0.21842803042140915,0.4570779502391815,US-WestPhoenix
Qtau,6,ther,0.4179061103969777,0.797053873538971,US-WestPhoenix
SWup,7,ther,0.9687487101325513,0.9980368614196777,US-WestPhoenix
LWup,7,ther,0.9920037306283868,0.9955982565879822,US-WestPhoenix
Qh,7,ther,0.8566634591295141,0.9320767521858215,US-WestPhoenix
Qle,7,ther,0.21916719274230906,0.45844241976737976,US-WestPhoenix
Qtau,7,ther,0.4194685939990696,0.801397979259491,US-WestPhoenix
SWup,8,ther,0.9687487101325513,0.9980368614196777,US-WestPhoenix
LWup,8,ther,0.9307350277808907,0.994719922542572,US-WestPhoenix
Qh,8,ther,0.7566548762960968,0.927147388458252,US-WestPhoenix
Qle,8,ther,0.21710719858990893,0.4552701413631439,US-WestPhoenix
Qtau,8,ther,0.4161666462834716,0.7914828658103943,US-WestPhoenix
SWup,9,ther,0.9687487101325513,0.9980368614196777,US-WestPhoenix
LWup,9,ther,0.9439277877590564,0.9952386617660522,US-WestPhoenix
Qh,9,ther,0.7888116660042959,0.9283904433250427,US-WestPhoenix
Qle,9,ther,0.21788813444201605,0.4564836919307709,US-WestPhoenix
Qtau,9,ther,0.4172823015020562,0.7954497933387756,US-WestPhoenix
SWup,10,ther,0.9687487101325513,0.9980368614196777,US-WestPhoenix
LWup,10,ther,0.950011531690459,0.995090901851654,US-WestPhoenix
Qh,10,ther,0.8048230604789527,0.9315040707588196,US-WestPhoenix
Qle,10,ther,0.21870773598572685,0.4571041166782379,US-WestPhoenix
Qtau,10,ther,0.4179099289989413,0.7929847240447998,US-WestPhoenix
SWup,11,ther,0.9687487101325513,0.9980368614196777,US-WestPhoenix
LWup,11,ther,0.9637863709155584,0.9954919815063477,US-WestPhoenix
Qh,11,ther,0.8377438241340116,0.9324302077293396,US-WestPhoenix
Qle,11,ther,0.21950615560588288,0.45840293169021606,US-WestPhoenix
Qtau,11,ther,0.41938635118399004,0.7973036766052246,US-WestPhoenix
SWup,12,ther,0.9687487101325513,0.9980368614196777,US-WestPhoenix
LWup,12,ther,0.9761044575948292,0.9958246946334839,US-WestPhoenix
Qh,12,ther,0.8202290768416326,0.9301615953445435,US-WestPhoenix
Qle,12,ther,0.21837462419447923,0.4570940434932709,US-WestPhoenix
Qtau,12,ther,0.4180245909653852,0.7979560494422913,US-WestPhoenix
SWup,13,ther,0.9687487101325513,0.9980368614196777,US-WestPhoenix
LWup,13,ther,0.9902791102885091,0.9957327246665955,US-WestPhoenix
Qh,13,ther,0.8528057638645412,0.9308615326881409,US-WestPhoenix
Qle,13,ther,0.21908295119059773,0.45835748314857483,US-WestPhoenix
Qtau,13,ther,0.4197264665275899,0.8020904064178467,US-WestPhoenix
SWup,14,ther,0.9687487101325513,0.9980368614196777,US-WestPhoenix
LWup,14,ther,0.9971055095452754,0.9957992434501648,US-WestPhoenix
Qh,14,ther,0.8691722603502441,0.9336744546890259,US-WestPhoenix
Qle,14,ther,0.21997380733616823,0.4587697982788086,US-WestPhoenix
Qtau,14,ther,0.42072603105110473,0.8003371357917786,US-WestPhoenix
SWup,15,ther,0.9687487101325513,0.9980368614196777,US-WestPhoenix
LWup,15,ther,1.011991801293429,0.9956323504447937,US-WestPhoenix
Qh,15,ther,0.9022881732117556,0.934209942817688,US-WestPhoenix
Qle,15,ther,0.22065145526759714,0.4602992534637451,US-WestPhoenix
Qtau,15,ther,0.4228474852453896,0.8044534921646118,US-WestPhoenix
SWup,16,ther,0.9687487101325513,0.9980368614196777,US-WestPhoenix
LWup,16,ther,0.9577475969619961,0.9955296516418457,US-WestPhoenix
Qh,16,ther,0.7745964753729504,0.9267804622650146,US-WestPhoenix
Qle,16,ther,0.21685329330297026,0.45546892285346985,US-WestPhoenix
Qtau,16,ther,0.41674990526230365,0.795435905456543,US-WestPhoenix
SWup,17,ther,0.9687487101325513,0.9980368614196777,US-WestPhoenix
LWup,17,ther,0.9712210939561651,0.9956992268562317,US-WestPhoenix
Qh,17,ther,0.8064657571237941,0.9278355240821838,US-WestPhoenix
Qle,17,ther,0.21761612034666128,0.4568149149417877,US-WestPhoenix
Qtau,17,ther,0.4181268100043423,0.7993430495262146,US-WestPhoenix
SWup,18,ther,0.9687487101325513,0.9980368614196777,US-WestPhoenix
LWup,18,ther,0.9776066862114963,0.9957367181777954,US-WestPhoenix
Qh,18,ther,0.8206941782098143,0.9314820766448975,US-WestPhoenix
Qle,18,ther,0.21829317796218783,0.45699796080589294,US-WestPhoenix
Qtau,18,ther,0.4185488304635284,0.7958844900131226,US-WestPhoenix
SWup,19,ther,0.9687487101325513,0.9980368614196777,US-WestPhoenix
LWup,19,ther,0.9916650098145892,0.995834469795227,US-WestPhoenix
Qh,19,ther,0.8532804488313014,0.9322808980941772,US-WestPhoenix
Qle,19,ther,0.2190334861904276,0.45837458968162537,US-WestPhoenix
Qtau,19,ther,0.4202003628243357,0.8003513813018799,US-WestPhoenix
SWup,20,ther,0.9687487101325513,0.9980368614196777,US-WestPhoenix
LWup,20,ther,1.0028197332889899,0.9956082701683044,US-WestPhoenix
Qh,20,ther,0.8380122497048167,0.9291842579841614,US-WestPhoenix
Qle,20,ther,0.2180648472436067,0.4576621353626251,US-WestPhoenix
Qtau,20,ther,0.4189617070595092,0.8024958968162537,US-WestPhoenix
SWup,21,ther,0.9687487101325513,0.9980368614196777,US-WestPhoenix
LWup,21,ther,1.0172997769575858,0.995180606842041,US-WestPhoenix
Qh,21,ther,0.8702985452097358,0.9297157526016235,US-WestPhoenix
Qle,21,ther,0.2187011383374065,0.4595092236995697,US-WestPhoenix
Qtau,21,ther,0.420597939035578,0.8067956566810608,US-WestPhoenix
SWup,22,ther,0.9687487101325513,0.9980368614196777,US-WestPhoenix
LWup,22,ther,1.0243892722744181,0.9955652952194214,US-WestPhoenix
Qh,22,ther,0.8847813981164243,0.9332531690597534,US-WestPhoenix
Qle,22,ther,0.21949582507759183,0.4591606557369232,US-WestPhoenix
Qtau,22,ther,0.4216282342129903,0.8039337396621704,US-WestPhoenix
SWup,23,ther,0.9687487101325513,0.9980368614196777,US-WestPhoenix
LWup,23,ther,1.039562591051553,0.9951047897338867,US-WestPhoenix
Qh,23,ther,0.9175455165805585,0.9336658120155334,US-WestPhoenix
Qle,23,ther,0.22006320547090888,0.4610575735569,US-WestPhoenix
Qtau,23,ther,0.42360421785628155,0.8082808256149292,US-WestPhoenix
SWup,24,ther,0.9687487101325513,0.9980368614196777,US-WestPhoenix
LWup,24,ther,0.977007616699623,0.9958232641220093,US-WestPhoenix
Qh,24,ther,0.8171054173792878,0.9302592873573303,US-WestPhoenix
Qle,24,ther,0.21818407369364828,0.456715852022171,US-WestPhoenix
Qtau,24,ther,0.4188417977624759,0.7963516712188721,US-WestPhoenix
SWup,25,ther,0.9687487101325513,0.9980368614196777,US-WestPhoenix
LWup,25,ther,0.9910292847098461,0.9959213733673096,US-WestPhoenix
Qh,25,ther,0.8494603246651804,0.9311864972114563,US-WestPhoenix
Qle,25,ther,0.2189314136260189,0.45805004239082336,US-WestPhoenix
Qtau,25,ther,0.4204924988629918,0.8004030585289001,US-WestPhoenix
SWup,26,ther,0.9687487101325513,0.9980368614196777,US-WestPhoenix
LWup,26,ther,0.9972175729948776,0.9959551095962524,US-WestPhoenix
Qh,26,ther,0.8660395261529621,0.9336784482002258,US-WestPhoenix
Qle,26,ther,0.2198135539309136,0.45862340927124023,US-WestPhoenix
Qtau,26,ther,0.42148042574242717,0.7990961670875549,US-WestPhoenix
SWup,27,ther,0.9687487101325513,0.9980368614196777,US-WestPhoenix
LWup,27,ther,1.011957459268551,0.9959524869918823,US-WestPhoenix
Qh,27,ther,0.8989451935199947,0.9343770742416382,US-WestPhoenix
Qle,27,ther,0.22046111311355526,0.4600975513458252,US-WestPhoenix
Qtau,27,ther,0.4234711902327747,0.8034977316856384,US-WestPhoenix
SWup,28,ther,0.9687487101325513,0.9980368614196777,US-WestPhoenix
LWup,28,ther,1.0228946350527242,0.9956663250923157,US-WestPhoenix
Qh,28,ther,0.8807059092129592,0.9322138428688049,US-WestPhoenix
Qle,28,ther,0.21931978940306562,0.45896831154823303,US-WestPhoenix
Qtau,28,ther,0.4215931913963313,0.8045539855957031,US-WestPhoenix
SWup,29,ther,0.9687487101325513,0.9980368614196777,US-WestPhoenix
LWup,29,ther,1.0379840869901564,0.9951815605163574,US-WestPhoenix
Qh,29,ther,0.9133942069945343,0.9326851963996887,US-WestPhoenix
Qle,29,ther,0.21999834017058045,0.4609561562538147,US-WestPhoenix
Qtau,29,ther,0.42333730537209235,0.8092584609985352,US-WestPhoenix
SWup,30,ther,0.9687487101325513,0.9980368614196777,US-WestPhoenix
LWup,30,ther,1.0450043921642345,0.9954899549484253,US-WestPhoenix
Qh,30,ther,0.9298423760946717,0.9351140856742859,US-WestPhoenix
Qle,30,ther,0.22077002195280668,0.46107590198516846,US-WestPhoenix
Qtau,30,ther,0.4247479540865847,0.8074918985366821,US-WestPhoenix
SWup,31,ther,0.9687487101325513,0.9980368614196777,US-WestPhoenix
LWup,31,ther,1.060869033976915,0.9949511289596558,US-WestPhoenix
Qh,31,ther,0.9629710105472167,0.9355185627937317,US-WestPhoenix
Qle,31,ther,0.22132651622639518,0.46296200156211853,US-WestPhoenix
Qtau,31,ther,0.4266617750462103,0.812973141670227,US-WestPhoenix
SWup,32,ther,0.9687487101325513,0.9980368614196777,US-WestPhoenix
LWup,32,ther,0.9153773465544104,0.9944106936454773,US-WestPhoenix
Qh,32,ther,0.7255645799695326,0.9228566884994507,US-WestPhoenix
Qle,32,ther,0.21604174783510324,0.4545081853866577,US-WestPhoenix
Qtau,32,ther,0.4147266177130554,0.7924656271934509,US-WestPhoenix
SWup,33,ther,0.9687487101325513,0.9980368614196777,US-WestPhoenix
LWup,33,ther,0.9273035726550724,0.994864284992218,US-WestPhoenix
Qh,33,ther,0.7541429557412456,0.9241126775741577,US-WestPhoenix
Qle,33,ther,0.21675040471363777,0.4556400775909424,US-WestPhoenix
Qtau,33,ther,0.41543020161906646,0.7956961393356323,US-WestPhoenix
SWup,34,ther,0.9687487101325513,0.9980368614196777,US-WestPhoenix
LWup,34,ther,0.9347160999027578,0.9948000907897949,US-WestPhoenix
Qh,34,ther,0.770861077003112,0.928984522819519,US-WestPhoenix
Qle,34,ther,0.2175442580666668,0.4561219811439514,US-WestPhoenix
Qtau,34,ther,0.4160709734193092,0.7929227948188782,US-WestPhoenix
SWup,35,ther,0.9687487101325513,0.9980368614196777,US-WestPhoenix
LWup,35,ther,0.9471327301186788,0.9951682686805725,US-WestPhoenix
Qh,35,ther,0.8002370965326201,0.9298302531242371,US-WestPhoenix
Qle,35,ther,0.21824376504871495,0.45723944902420044,US-WestPhoenix
Qtau,35,ther,0.41708869578481417,0.7962082624435425,US-WestPhoenix
SWup,36,ther,0.9687487101325513,0.9980368614196777,US-WestPhoenix
LWup,36,ther,0.9604554113993833,0.9955137968063354,US-WestPhoenix
Qh,36,ther,0.7888665384669533,0.9264568090438843,US-WestPhoenix
Qle,36,ther,0.21733438340115022,0.4564177393913269,US-WestPhoenix
Qtau,36,ther,0.41626717682496184,0.7986533641815186,US-WestPhoenix
SWup,37,ther,0.9687487101325513,0.9980368614196777,US-WestPhoenix
LWup,37,ther,0.9732141604820898,0.9954175353050232,US-WestPhoenix
Qh,37,ther,0.8179355435995216,0.9271409511566162,US-WestPhoenix
Qle,37,ther,0.21798468581651453,0.45760223269462585,US-WestPhoenix
Qtau,37,ther,0.41757519087035133,0.8019481897354126,US-WestPhoenix
SWup,38,ther,0.9687487101325513,0.9980368614196777,US-WestPhoenix
LWup,38,ther,0.9813903097650644,0.9955754280090332,US-WestPhoenix
Qh,38,ther,0.835311116685995,0.9314464926719666,US-WestPhoenix
Qle,38,ther,0.21878025803055337,0.45784202218055725,US-WestPhoenix
Qtau,38,ther,0.41823274373772656,0.7991746068000793,US-WestPhoenix
SWup,39,ther,0.9687487101325513,0.9980368614196777,US-WestPhoenix
LWup,39,ther,0.9947024353918064,0.9954307079315186,US-WestPhoenix
Qh,39,ther,0.8650222229233232,0.9318992495536804,US-WestPhoenix
Qle,39,ther,0.21940264197618317,0.4590975344181061,US-WestPhoenix
Qtau,39,ther,0.41973176581194754,0.8030239939689636,US-WestPhoenix
SWup,40,ther,0.9687487101325513,0.9980368614196777,US-WestPhoenix
LWup,40,ther,0.9339368612835242,0.9949228763580322,US-WestPhoenix
Qh,40,ther,0.7677172326163275,0.9274529218673706,US-WestPhoenix
Qle,40,ther,0.21748531328759427,0.4560014009475708,US-WestPhoenix
Qtau,40,ther,0.4163617067062236,0.7937026619911194,US-WestPhoenix
SWup,41,ther,0.9687487101325513,0.9980368614196777,US-WestPhoenix
LWup,41,ther,0.9463118472755929,0.995286226272583,US-WestPhoenix
Qh,41,ther,0.7969164220304711,0.9284483790397644,US-WestPhoenix
Qle,41,ther,0.21815566908140596,0.4570317566394806,US-WestPhoenix
Qtau,41,ther,0.41740478251061597,0.797072172164917,US-WestPhoenix
SWup,42,ther,0.9687487101325513,0.9980368614196777,US-WestPhoenix
LWup,42,ther,0.9533950525794476,0.9952433109283447,US-WestPhoenix
Qh,42,ther,0.8161534183169539,0.9317819476127625,US-WestPhoenix
Qle,42,ther,0.21908470477607234,0.45785510540008545,US-WestPhoenix
Qtau,42,ther,0.418187258213657,0.795126736164093,US-WestPhoenix
SWup,43,ther,0.9687487101325513,0.9980368614196777,US-WestPhoenix
LWup,43,ther,0.9663226198265547,0.9955013394355774,US-WestPhoenix
Qh,43,ther,0.8460288875104338,0.9324838519096375,US-WestPhoenix
Qle,43,ther,0.21977105118594464,0.4589901566505432,US-WestPhoenix
Qtau,43,ther,0.4196065052767884,0.7990469932556152,US-WestPhoenix
SWup,44,ther,0.9687487101325513,0.9980368614196777,US-WestPhoenix
LWup,44,ther,0.979697717882073,0.9957176446914673,US-WestPhoenix
Qh,44,ther,0.8315828424071353,0.9301609396934509,US-WestPhoenix
Qle,44,ther,0.21869422816890258,0.4577614367008209,US-WestPhoenix
Qtau,44,ther,0.41841933569626,0.7999442219734192,US-WestPhoenix
SWup,45,ther,0.9687487101325513,0.9980368614196777,US-WestPhoenix
LWup,45,ther,0.9929723203279482,0.9955549836158752,US-WestPhoenix
Qh,45,ther,0.8610964247410181,0.9307159185409546,US-WestPhoenix
Qle,45,ther,0.2193215082640754,0.4589899480342865,US-WestPhoenix
Qtau,45,ther,0.42000849755832875,0.8036959767341614,US-WestPhoenix
SWup,46,ther,0.9687487101325513,0.9980368614196777,US-WestPhoenix
LWup,46,ther,1.000918558791739,0.9956611394882202,US-WestPhoenix
Qh,46,ther,0.8807350840617292,0.9337140917778015,US-WestPhoenix
Qle,46,ther,0.22031554815692958,0.4596019387245178,US-WestPhoenix
Qtau,46,ther,0.421246114247791,0.8023979663848877,US-WestPhoenix
SWup,47,ther,0.9687487101325513,0.9980368614196777,US-WestPhoenix
LWup,47,ther,1.0148601918092464,0.9954307675361633,US-WestPhoenix
Qh,47,ther,0.9107091031804148,0.9340991377830505,US-WestPhoenix
Qle,47,ther,0.22086829218831494,0.4610903859138489,US-WestPhoenix
Qtau,47,ther,0.4231923543587809,0.8061277270317078,US-WestPhoenix
SWup,48,ther,0.9687487101325513,0.9980368614196777,US-WestPhoenix
LWup,48,ther,0.9610796409631672,0.9955660700798035,US-WestPhoenix
Qh,48,ther,0.7856467885870027,0.926887035369873,US-WestPhoenix
Qle,48,ther,0.21720765646670237,0.4562104046344757,US-WestPhoenix
Qtau,48,ther,0.41706227729367834,0.7975175380706787,US-WestPhoenix
SWup,49,ther,0.9687487101325513,0.9980368614196777,US-WestPhoenix
LWup,49,ther,0.9736982745843711,0.9956335425376892,US-WestPhoenix
Qh,49,ther,0.8145305673541244,0.9277647137641907,US-WestPhoenix
Qle,49,ther,0.21786584133558626,0.457397997379303,US-WestPhoenix
Qtau,49,ther,0.4183361577133526,0.8008835315704346,US-WestPhoenix
SWup,50,ther,0.9687487101325513,0.9980368614196777,US-WestPhoenix
LWup,50,ther,0.981115790463039,0.9957483410835266,US-WestPhoenix
Qh,50,ther,0.8319665255927031,0.9316329956054688,US-WestPhoenix
Qle,50,ther,0.2186484439620059,0.45777183771133423,US-WestPhoenix
Qtau,50,ther,0.4188860883498766,0.7981455326080322,US-WestPhoenix
SWup,51,ther,0.9687487101325513,0.9980368614196777,US-WestPhoenix
LWup,51,ther,0.9942971994982449,0.9957495331764221,US-WestPhoenix
Qh,51,ther,0.8614927447070124,0.9322486519813538,US-WestPhoenix
Qle,51,ther,0.21924228439753402,0.4589654207229614,US-WestPhoenix
Qtau,51,ther,0.4204734837838262,0.8022425174713135,US-WestPhoenix
SWup,52,ther,0.9687487101325513,0.9980368614196777,US-WestPhoenix
LWup,52,ther,1.0065704607976749,0.9953267574310303,US-WestPhoenix
Qh,52,ther,0.8493527000050377,0.9289634227752686,US-WestPhoenix
Qle,52,ther,0.21836547429799286,0.45862075686454773,US-WestPhoenix
Qtau,52,ther,0.41938435096391385,0.8044863343238831,US-WestPhoenix
SWup,53,ther,0.9687487101325513,0.9980368614196777,US-WestPhoenix
LWup,53,ther,1.0200982543406512,0.9948800206184387,US-WestPhoenix
Qh,53,ther,0.8785860680937578,0.929409921169281,US-WestPhoenix
Qle,53,ther,0.21891012752906958,0.460321307182312,US-WestPhoenix
Qtau,53,ther,0.4208756319266712,0.8084544539451599,US-WestPhoenix
SWup,54,ther,0.9687487101325513,0.9980368614196777,US-WestPhoenix
LWup,54,ther,1.0283520527493502,0.9952777624130249,US-WestPhoenix
Qh,54,ther,0.8962700973574881,0.9331292510032654,US-WestPhoenix
Qle,54,ther,0.21975778644037428,0.4601627588272095,US-WestPhoenix
Qtau,54,ther,0.4221777492193687,0.8060758113861084,US-WestPhoenix
SWup,55,ther,0.9687487101325513,0.9980368614196777,US-WestPhoenix
LWup,55,ther,1.042529308207021,0.99479740858078,US-WestPhoenix
Qh,55,ther,0.9259450742762814,0.9334329962730408,US-WestPhoenix
Qle,55,ther,0.22027493789529462,0.461885005235672,US-WestPhoenix
Qtau,55,ther,0.4238785077755568,0.8100336790084839,US-WestPhoenix
SWup,56,ther,0.9687487101325513,0.9980368614196777,US-WestPhoenix
LWup,56,ther,0.9805115154231842,0.9958340525627136,US-WestPhoenix
Qh,56,ther,0.828263948927731,0.9304811358451843,US-WestPhoenix
Qle,56,ther,0.21854076339652492,0.4574689269065857,US-WestPhoenix
Qtau,56,ther,0.4192421015465494,0.7985103726387024,US-WestPhoenix
SWup,57,ther,0.9687487101325513,0.9980368614196777,US-WestPhoenix
LWup,57,ther,0.993645351716559,0.9958372116088867,US-WestPhoenix
Qh,57,ther,0.8576096910705796,0.931208610534668,US-WestPhoenix
Qle,57,ther,0.21917823512212942,0.4586673080921173,US-WestPhoenix
Qtau,57,ther,0.4207093798683928,0.8021647930145264,US-WestPhoenix
SWup,58,ther,0.9687487101325513,0.9980368614196777,US-WestPhoenix
LWup,58,ther,1.0009359828506772,0.9959213733673096,US-WestPhoenix
Qh,58,ther,0.8774051652034293,0.9339030981063843,US-WestPhoenix
Qle,58,ther,0.22015718723500893,0.45945581793785095,US-WestPhoenix
Qtau,58,ther,0.4220118088836995,0.801369845867157,US-WestPhoenix
SWup,59,ther,0.9687487101325513,0.9980368614196777,US-WestPhoenix
LWup,59,ther,1.0147510926186336,0.9958323836326599,US-WestPhoenix
Qh,59,ther,0.9072346670479752,0.9344010353088379,US-WestPhoenix
Qle,59,ther,0.2206810057871793,0.4609086215496063,US-WestPhoenix
Qtau,59,ther,0.42371906166091416,0.8052792549133301,US-WestPhoenix
SWup,60,ther,0.9687487101325513,0.9980368614196777,US-WestPhoenix
LWup,60,ther,1.0268368103127292,0.9953641295433044,US-WestPhoenix
Qh,60,ther,0.8921350714079866,0.9321206212043762,US-WestPhoenix
Qle,60,ther,0.21960923517977202,0.4600416123867035,US-WestPhoenix
Qtau,60,ther,0.4220566969394347,0.8068390488624573,US-WestPhoenix
SWup,61,ther,0.9687487101325513,0.9980368614196777,US-WestPhoenix
LWup,61,ther,1.0409371396346732,0.9948654174804688,US-WestPhoenix
Qh,61,ther,0.9217393162806342,0.9324743747711182,US-WestPhoenix
Qle,61,ther,0.2202033534110189,0.4618110656738281,US-WestPhoenix
Qtau,61,ther,0.42359943810960604,0.8110040426254272,US-WestPhoenix
SWup,62,ther,0.9687487101325513,0.9980368614196777,US-WestPhoenix
LWup,62,ther,1.0491688145494507,0.9951639175415039,US-WestPhoenix
Qh,62,ther,0.9414730482916684,0.9350731372833252,US-WestPhoenix
Qle,62,ther,0.2210318096932649,0.46217384934425354,US-WestPhoenix
Qtau,62,ther,0.42522159061448944,0.8100046515464783,US-WestPhoenix
SWup,63,ther,0.9687487101325513,0.9980368614196777,US-WestPhoenix
LWup,63,ther,1.0640446952416414,0.994618833065033,US-WestPhoenix
Qh,63,ther,0.971489218281978,0.9353667497634888,US-WestPhoenix
Qle,63,ther,0.22173149029763728,0.4625505805015564,US-WestPhoenix
Qtau,63,ther,0.4269387925383167,0.8149631023406982,US-WestPhoenix
SWup,64,ther,0.965178319848029,0.9979308843612671,US-WestPhoenix
LWup,64,ther,0.9821532799564433,0.9963302612304688,US-WestPhoenix
Qh,64,ther,0.8291613440694483,0.9265682697296143,US-WestPhoenix
Qle,64,ther,0.24934386884038237,0.5367114543914795,US-WestPhoenix
Qtau,64,ther,0.41828137687570216,0.8161317706108093,US-WestPhoenix
SWup,0,temp,1.1054883585671105,0.9974020719528198,AU-Preston
LWup,0,temp,1.195945072561427,0.9788243174552917,AU-Preston
Qh,0,temp,0.8763612930715353,0.9343201518058777,AU-Preston
Qle,0,temp,0.5593040994071399,0.4480372667312622,AU-Preston
Qtau,0,temp,0.30567648843490675,0.8882075548171997,AU-Preston
SWup,1,temp,1.1054883585671105,0.9974020719528198,AU-Preston
LWup,1,temp,1.194476566802489,0.9787468314170837,AU-Preston
Qh,1,temp,0.8726675638420057,0.9343571662902832,AU-Preston
Qle,1,temp,0.5617135073898591,0.44790202379226685,AU-Preston
Qtau,1,temp,0.3052766436988708,0.8872334957122803,AU-Preston
SWup,2,temp,1.1054883585671105,0.9974020719528198,AU-Preston
LWup,2,temp,1.1928842390449643,0.978600263595581,AU-Preston
Qh,2,temp,0.8687669077298054,0.9342923760414124,AU-Preston
Qle,2,temp,0.5641018263060155,0.4482116103172302,AU-Preston
Qtau,2,temp,0.30485598996553065,0.8862648606300354,AU-Preston
SWup,3,temp,1.1054883585671105,0.9974020719528198,AU-Preston
LWup,3,temp,1.1916008876764361,0.9784682393074036,AU-Preston
Qh,3,temp,0.8647201793788186,0.9341033697128296,AU-Preston
Qle,3,temp,0.5667096859795095,0.44829174876213074,AU-Preston
Qtau,3,temp,0.30444154655528977,0.8855268359184265,AU-Preston
SWup,4,temp,1.1054883585671105,0.9974020719528198,AU-Preston
LWup,4,temp,1.1912558061813099,0.9782183170318604,AU-Preston
Qh,4,temp,0.8582180663410539,0.9337025284767151,AU-Preston
Qle,4,temp,0.5720997296953574,0.4483295679092407,AU-Preston
Qtau,4,temp,0.3037016351221497,0.8846777081489563,AU-Preston
SWup,5,temp,1.1054883585671105,0.9974020719528198,AU-Preston
LWup,5,temp,1.1913188743955432,0.9781502485275269,AU-Preston
Qh,5,temp,0.8555971506948714,0.9335378408432007,AU-Preston
Qle,5,temp,0.5739053469791271,0.44862866401672363,AU-Preston
Qtau,5,temp,0.30352465563022596,0.8846361041069031,AU-Preston
SWup,6,temp,1.1054883585671105,0.9974020719528198,AU-Preston
LWup,6,temp,1.1912641381288784,0.9780838489532471,AU-Preston
Qh,6,temp,0.8543558530671479,0.9335277676582336,AU-Preston
Qle,6,temp,0.5747353983413699,0.44916829466819763,AU-Preston
Qtau,6,temp,0.3033995661839136,0.8846531510353088,AU-Preston
SWup,7,temp,1.1054883585671105,0.9974020719528198,AU-Preston
LWup,7,temp,1.1913817111667886,0.9780309200286865,AU-Preston
Qh,7,temp,0.8531969781503352,0.9334479570388794,AU-Preston
Qle,7,temp,0.5753153476718492,0.4496106803417206,AU-Preston
Qtau,7,temp,0.30335624108627324,0.8848683834075928,AU-Preston
SWup,8,temp,1.1152525600725451,0.9972087144851685,AU-Preston
LWup,8,temp,1.1969309634148508,0.9781085252761841,AU-Preston
Qh,8,temp,0.8915465509083563,0.945205807685852,AU-Preston
Qle,8,temp,0.5305301526625792,0.48849865794181824,AU-Preston
Qtau,8,temp,0.3057115051149895,0.8690155148506165,AU-Preston
SWup,0,temp,1.2587131526465938,0.9813002943992615,US-Baltimore
LWup,0,temp,0.9791433709462832,0.9702548384666443,US-Baltimore
Qh,0,temp,0.5673878387878185,0.8001189827919006,US-Baltimore
Qle,0,temp,0.48457980815100304,0.4504507780075073,US-Baltimore
Qtau,0,temp,0.18129419519316672,0.8928937315940857,US-Baltimore
SWup,1,temp,1.2587131526465938,0.9813002943992615,US-Baltimore
LWup,1,temp,0.97781633170492,0.9699172377586365,US-Baltimore
Qh,1,temp,0.5667026941527449,0.7995066046714783,US-Baltimore
Qle,1,temp,0.48311784016921905,0.4506946802139282,US-Baltimore
Qtau,1,temp,0.18119280718192318,0.8925976753234863,US-Baltimore
SWup,2,temp,1.2587131526465938,0.9813002943992615,US-Baltimore
LWup,2,temp,0.9764598869259059,0.9695953130722046,US-Baltimore
Qh,2,temp,0.5659116275354922,0.7989335060119629,US-Baltimore
Qle,2,temp,0.481406590609529,0.4508432149887085,US-Baltimore
Qtau,2,temp,0.18108729000065368,0.8923571109771729,US-Baltimore
SWup,3,temp,1.2587131526465938,0.9813002943992615,US-Baltimore
LWup,3,temp,0.9751512098091646,0.9692530632019043,US-Baltimore
Qh,3,temp,0.5652199330408837,0.7983306646347046,US-Baltimore
Qle,3,temp,0.47992104332938046,0.45112478733062744,US-Baltimore
Qtau,3,temp,0.18095324995097292,0.8917120099067688,US-Baltimore
SWup,4,temp,1.2587131526465938,0.9813002943992615,US-Baltimore
LWup,4,temp,0.9725168657094837,0.9685637354850769,US-Baltimore
Qh,4,temp,0.5639134804614269,0.797174334526062,US-Baltimore
Qle,4,temp,0.4774248296601626,0.45178550481796265,US-Baltimore
Qtau,4,temp,0.18069283986664633,0.8908812403678894,US-Baltimore
SWup,5,temp,1.2587131526465938,0.9813002943992615,US-Baltimore
LWup,5,temp,0.9712482454695869,0.9682033061981201,US-Baltimore
Qh,5,temp,0.5634435524795764,0.7967790961265564,US-Baltimore
Qle,5,temp,0.47457837588881857,0.4496495723724365,US-Baltimore
Qtau,5,temp,0.18053721700477196,0.8901059031486511,US-Baltimore
SWup,6,temp,1.2587131526465938,0.9813002943992615,US-Baltimore
LWup,6,temp,0.9701175045284528,0.9678744673728943,US-Baltimore
Qh,6,temp,0.5628686801065222,0.7962380051612854,US-Baltimore
Qle,6,temp,0.4723211986438506,0.4485291838645935,US-Baltimore
Qtau,6,temp,0.1803907349704748,0.8896064162254333,US-Baltimore
SWup,7,temp,1.2587131526465938,0.9813002943992615,US-Baltimore
LWup,7,temp,0.968837252764774,0.9675142168998718,US-Baltimore
Qh,7,temp,0.5623340844816525,0.7958720922470093,US-Baltimore
Qle,7,temp,0.4709235331591348,0.4474638104438782,US-Baltimore
Qtau,7,temp,0.1802394809665962,0.8889705538749695,US-Baltimore
SWup,8,temp,1.2327358570700848,0.975688636302948,US-Baltimore
LWup,8,temp,0.9744042603408393,0.9672116637229919,US-Baltimore
Qh,8,temp,0.5560968259013662,0.8245099186897278,US-Baltimore
Qle,8,temp,0.5196171046454898,0.5878806710243225,US-Baltimore
Qtau,8,temp,0.19806650433960832,0.9326567053794861,US-Baltimore
SWup,0,temp,0.9687487101325513,0.9980368614196777,US-WestPhoenix
LWup,0,temp,0.9784945179283444,0.995907723903656,US-WestPhoenix
Qh,0,temp,0.8445489424202132,0.930275022983551,US-WestPhoenix
Qle,0,temp,0.22439515190911635,0.4615342319011688,US-WestPhoenix
Qtau,0,temp,0.41991674720366634,0.797559916973114,US-WestPhoenix
SWup,1,temp,0.9687487101325513,0.9980368614196777,US-WestPhoenix
LWup,1,temp,0.9789419764377559,0.9958882927894592,US-WestPhoenix
Qh,1,temp,0.8415296848149492,0.9305419325828552,US-WestPhoenix
Qle,1,temp,0.22287434188458005,0.46075892448425293,US-WestPhoenix
Qtau,1,temp,0.4193788438644834,0.7978111505508423,US-WestPhoenix
SWup,2,temp,0.9687487101325513,0.9980368614196777,US-WestPhoenix
LWup,2,temp,0.9793182204324203,0.9958595037460327,US-WestPhoenix
Qh,2,temp,0.8383097653137849,0.9307734370231628,US-WestPhoenix
Qle,2,temp,0.22137610276219227,0.46000486612319946,US-WestPhoenix
Qtau,2,temp,0.4189639930253105,0.7981179356575012,US-WestPhoenix
SWup,3,temp,0.9687487101325513,0.9980368614196777,US-WestPhoenix
LWup,3,temp,0.9797370485379335,0.9958199262619019,US-WestPhoenix
Qh,3,temp,0.8349925680465182,0.9309064745903015,US-WestPhoenix
Qle,3,temp,0.2199639803126174,0.45848238468170166,US-WestPhoenix
Qtau,3,temp,0.41876932225582014,0.7984229922294617,US-WestPhoenix
SWup,4,temp,0.9687487101325513,0.9980368614196777,US-WestPhoenix
LWup,4,temp,0.9803909929906119,0.9957106709480286,US-WestPhoenix
Qh,4,temp,0.827923349530463,0.9309924244880676,US-WestPhoenix
Qle,4,temp,0.21724408243032362,0.4567166566848755,US-WestPhoenix
Qtau,4,temp,0.4188232502672242,0.799284815788269,US-WestPhoenix
SWup,5,temp,0.9687487101325513,0.9980368614196777,US-WestPhoenix
LWup,5,temp,0.9805837421239277,0.9956504106521606,US-WestPhoenix
Qh,5,temp,0.8242502869566884,0.9309664368629456,US-WestPhoenix
Qle,5,temp,0.21608570900759563,0.45586392283439636,US-WestPhoenix
Qtau,5,temp,0.4190438979208206,0.7996847033500671,US-WestPhoenix
SWup,6,temp,0.9687487101325513,0.9980368614196777,US-WestPhoenix
LWup,6,temp,0.9808117008701185,0.9955845475196838,US-WestPhoenix
Qh,6,temp,0.820879234954047,0.9308071136474609,US-WestPhoenix
Qle,6,temp,0.2151092570561849,0.4550093710422516,US-WestPhoenix
Qtau,6,temp,0.41933800820266875,0.7999802827835083,US-WestPhoenix
SWup,7,temp,0.9687487101325513,0.9980368614196777,US-WestPhoenix
LWup,7,temp,0.9809344645716827,0.995520830154419,US-WestPhoenix
Qh,7,temp,0.8177854288253273,0.9305398464202881,US-WestPhoenix
Qle,7,temp,0.21433606475973796,0.4541279971599579,US-WestPhoenix
Qtau,7,temp,0.4194432405601822,0.8003755211830139,US-WestPhoenix
SWup,8,temp,0.965178319848029,0.9979308843612671,US-WestPhoenix
LWup,8,temp,0.9821532799564433,0.9963302612304688,US-WestPhoenix
Qh,8,temp,0.8291613440694483,0.9265682697296143,US-WestPhoenix
Qle,8,temp,0.24934386884038237,0.5367114543914795,US-WestPhoenix
Qtau,8,temp,0.41828137687570216,0.8161317706108093,US-WestPhoenix
